lead_id,lead_source,industry,location,company_size,lead_age_days,interactions,followups,response_time_hours,quotation_sent,quotation_value,website_visits,previous_customer,demo_attended,salesperson_experience,converted
100001,Cold Call,Healthcare,Pune,Medium,45,3,2,13.85,0,0.0,0,0,0,2,0
100002,Email Campaign,Technology,Mumbai,Small,44,4,2,24.76,0,0.0,4,0,0,6,0
100003,Cold Call,Retail,Delhi,Medium,119,1,0,13.49,0,0.0,2,0,0,11,0
100004,Social Media,Technology,Hyderabad,Large,88,5,1,12.54,1,199137.61,4,0,0,7,0
100005,Website,Technology,Pune,Medium,104,6,1,19.18,0,0.0,7,0,0,3,0
100006,Partner,Healthcare,Kolkata,Small,94,2,1,9.06,0,0.0,5,0,0,15,0
100007,Cold Call,Retail,Bengaluru,Medium,58,0,1,17.82,1,100058.89,2,0,0,3,0
100008,Cold Call,Manufacturing,Pune,Enterprise,95,5,4,8.13,1,67446.72,4,1,1,2,0
100009,Website,Manufacturing,Mumbai,Medium,77,6,2,50.8,1,31415.13,5,0,0,6,1
100010,Email Campaign,Manufacturing,Bengaluru,Medium,89,6,3,19.2,0,0.0,1,0,0,2,0
100011,Referral,Manufacturing,Hyderabad,Small,37,1,1,11.36,0,0.0,2,1,0,9,1
100012,Partner,Retail,Bengaluru,Medium,28,3,1,15.67,0,0.0,3,0,0,7,1
100013,Social Media,Technology,Mumbai,Large,22,3,6,7.62,0,0.0,2,1,0,14,1
100014,Cold Call,Retail,Bengaluru,Large,35,9,2,47.87,1,239789.97,3,0,0,3,1
100015,Email Campaign,Technology,Hyderabad,Medium,118,2,1,7.46,0,0.0,0,0,0,5,1
100016,Website,Technology,Pune,Large,114,4,0,17.07,0,0.0,6,1,0,11,1
100017,Email Campaign,Technology,Kolkata,Medium,18,8,4,49.26,1,50946.46,3,0,1,11,1
100018,Website,Manufacturing,Chennai,Large,67,1,2,11.27,0,0.0,1,0,0,6,0
100019,Cold Call,Manufacturing,Kolkata,Small,113,3,5,,1,30700.83,7,0,1,14,1
100020,Social Media,Education,Mumbai,Medium,91,3,4,13.38,1,54020.81,3,0,1,13,1
100021,Cold Call,Education,Delhi,Large,74,5,2,14.45,1,360356.14,5,1,0,10,0
100022,Referral,Education,Pune,Enterprise,72,4,1,13.89,0,0.0,1,0,0,12,0
100023,Partner,Technology,Bengaluru,Large,40,7,1,11.04,1,21682.73,2,0,0,9,0
100024,Partner,Manufacturing,Kolkata,Large,111,6,2,21.37,1,93679.93,3,0,1,8,0
100025,,Manufacturing,Chennai,Large,10,9,6,30.91,1,37665.29,1,0,1,9,0
100026,Website,Manufacturing,Pune,Large,105,7,3,9.74,0,0.0,4,0,0,13,1
100027,Email Campaign,Technology,Mumbai,Small,105,4,3,27.49,1,40019.56,0,0,1,1,0
100028,Website,Technology,Kolkata,Medium,32,3,2,13.76,0,0.0,2,0,0,2,0
100029,Website,Education,Mumbai,Large,62,7,5,78.12,1,199710.78,6,0,1,8,0
100030,Social Media,Technology,Hyderabad,Medium,107,5,4,35.98,1,19178.78,3,0,0,9,1
100031,Cold Call,Finance,Mumbai,Large,57,6,2,83.66,1,49741.01,2,0,1,3,0
100032,Partner,Healthcare,Kolkata,Medium,37,7,4,30.75,1,57643.42,4,0,1,10,1
100033,Referral,Technology,Hyderabad,Small,9,5,5,9.61,0,0.0,3,0,0,1,0
100034,Referral,Technology,Pune,Small,53,10,3,12.53,1,77946.94,3,0,1,4,1
100035,Email Campaign,Education,Kolkata,Large,34,8,4,30.0,0,0.0,4,0,0,7,0
100036,Website,Manufacturing,Pune,Small,103,5,2,19.01,0,0.0,6,0,0,1,0
100037,Website,Education,Mumbai,Large,104,4,0,26.62,0,0.0,5,0,0,10,1
100038,Email Campaign,Finance,Delhi,Small,39,1,0,15.08,0,0.0,2,0,0,9,0
100039,Website,Technology,Pune,Medium,26,2,0,30.35,1,84752.58,4,1,0,9,1
100040,Social Media,Healthcare,Bengaluru,Large,35,4,1,71.09,0,0.0,2,0,0,8,0
100041,Email Campaign,Healthcare,Pune,Medium,49,4,3,6.3,1,91728.46,5,0,0,11,1
100042,Cold Call,Technology,Bengaluru,Large,81,6,4,,0,0.0,3,0,0,10,0
100043,Social Media,Manufacturing,Hyderabad,Small,19,4,3,13.7,1,43170.69,2,0,0,10,1
100044,Referral,Education,Mumbai,Medium,120,5,0,20.28,0,0.0,1,0,0,4,0
100045,Cold Call,Healthcare,Delhi,Medium,-10,5,1,11.0,0,0.0,2,1,0,11,0
100046,Cold Call,Finance,Hyderabad,Large,16,4,3,28.72,1,147749.56,1,0,1,3,1
100047,Referral,Finance,Chennai,Small,38,3,1,18.79,0,0.0,2,1,0,1,1
100048,Referral,Technology,Kolkata,Medium,85,5,2,7.74,0,0.0,2,0,0,15,0
100049,Social Media,Finance,Delhi,Large,61,4,2,26.49,0,0.0,1,0,0,3,0
100050,Website,Healthcare,Delhi,Enterprise,64,12,5,39.72,1,325127.05,8,0,1,2,1
100051,Website,Healthcare,Mumbai,Large,5,5,0,23.54,0,0.0,3,0,0,5,0
100052,Website,Healthcare,Delhi,Large,50,3,0,51.5,1,16857.5,3,1,0,15,0
100053,Cold Call,Manufacturing,Chennai,Medium,74,6,5,11.63,0,0.0,5,0,0,13,0
100054,Social Media,Technology,Pune,Medium,90,4,0,8.52,0,0.0,5,0,0,11,0
100055,Social Media,Technology,Bengaluru,Large,54,7,3,26.47,0,0.0,6,1,0,3,1
100056,Cold Call,Technology,Mumbai,Large,67,2,3,4.83,0,0.0,3,0,0,10,0
100057,Email Campaign,Technology,Mumbai,Large,27,3,3,58.8,0,0.0,2,0,0,13,1
100058,Email Campaign,Retail,Hyderabad,Large,96,9,2,62.7,1,250444.26,5,0,0,6,1
100059,Website,Manufacturing,Pune,Large,84,6,3,53.53,0,,7,0,0,4,0
100060,Website,Education,Mumbai,,90,7,2,2.81,0,0.0,6,1,0,14,1
100061,Social Media,Retail,Delhi,Small,81,6,3,17.06,1,37078.69,4,0,1,2,1
100062,Email Campaign,Finance,Bengaluru,Enterprise,119,3,0,13.81,0,0.0,1,0,0,14,0
100063,Email Campaign,Technology,Hyderabad,Medium,106,0,3,19.11,0,0.0,1,0,0,8,1
100064,Cold Call,Finance,Delhi,Small,98,3,1,25.63,0,0.0,5,0,1,11,0
100065,Social Media,Finance,Hyderabad,Medium,41,5,2,40.97,0,0.0,0,0,1,6,0
100066,Email Campaign,Manufacturing,Chennai,Medium,9,5,3,49.84,1,397171.43,6,0,1,11,1
100067,Email Campaign,Healthcare,Kolkata,Large,1,4,0,23.96,0,0.0,2,0,0,14,0
100068,Referral,Technology,Bengaluru,Large,94,2,3,16.32,1,151089.03,4,0,0,8,1
100069,Website,Finance,Hyderabad,Small,108,3,1,20.51,0,0.0,6,0,0,4,0
100070,Email Campaign,Technology,Hyderabad,Medium,78,2,1,38.13,0,0.0,0,0,0,2,0
100071,Website,Education,Chennai,Small,87,3,4,6.14,0,0.0,4,0,1,14,0
100072,Referral,Technology,Pune,Large,11,2,2,12.09,0,0.0,4,0,0,15,1
100073,Cold Call,Technology,Mumbai,Small,68,5,1,52.02,0,0.0,7,0,0,10,0
100074,Website,Technology,Mumbai,Medium,73,8,4,37.95,0,0.0,6,0,0,1,1
100075,Website,Manufacturing,Hyderabad,Medium,19,3,3,29.83,1,45137.39,4,0,0,14,0
100076,Referral,,Mumbai,Medium,91,4,1,22.19,0,0.0,8,0,0,8,1
100077,Referral,Retail,Delhi,Medium,41,6,3,42.37,1,41968.59,5,0,1,4,0
100078,Social Media,Finance,Chennai,Large,24,7,4,28.09,0,0.0,0,0,0,6,0
100079,Email Campaign,Technology,Pune,Medium,84,5,0,50.55,1,48433.0,4,0,1,15,0
100080,Cold Call,Manufacturing,Delhi,Small,53,5,3,11.43,1,93559.66,1,0,1,12,1
100081,Social Media,Technology,Hyderabad,Medium,65,4,2,10.37,1,53976.76,2,0,0,9,0
100082,Referral,Technology,Kolkata,Medium,66,3,1,4.55,0,0.0,6,1,0,12,1
100083,Cold Call,Retail,Delhi,Medium,75,7,4,14.49,0,0.0,2,0,0,13,0
100084,,Technology,Chennai,Large,50,5,6,31.63,1,139961.4,2,0,1,10,1
100085,Website,Technology,Mumbai,Medium,98,4,1,48.92,1,68295.01,4,0,0,5,1
100086,Website,Manufacturing,Pune,Large,106,4,1,23.59,0,0.0,7,0,0,2,0
100087,Cold Call,Healthcare,Hyderabad,Small,59,4,1,59.94,0,0.0,1,0,0,2,0
100088,Email Campaign,Finance,Kolkata,Large,21,4,0,26.16,0,0.0,2,0,0,4,1
100089,Website,Finance,Delhi,Small,34,4,3,6.82,1,24869.18,8,0,0,12,1
100090,Email Campaign,Retail,Kolkata,Medium,93,2,1,43.13,0,0.0,1,0,0,2,0
100091,Website,Technology,Kolkata,Medium,31,3,2,15.2,0,0.0,4,0,0,2,0
100092,Social Media,Technology,Delhi,Medium,94,4,2,10.03,0,0.0,2,1,1,15,1
100093,Email Campaign,Retail,Mumbai,Small,80,2,2,46.95,1,12088.21,1,0,0,7,1
100094,Referral,Retail,Delhi,Large,54,5,2,57.51,0,0.0,2,0,0,2,0
100095,Referral,Education,Chennai,Medium,16,2,2,19.1,0,0.0,5,0,0,14,0
100096,Social Media,Finance,Hyderabad,Enterprise,65,6,2,8.13,1,440560.77,7,1,0,15,1
100097,Referral,Technology,Delhi,Large,84,7,3,8.44,1,258917.66,4,1,1,8,1
100098,Website,Healthcare,Mumbai,Medium,19,3,0,32.28,1,127971.21,3,0,0,2,0
100099,Website,Retail,Delhi,Large,99,6,1,20.16,0,0.0,6,0,0,10,0
100100,Partner,Technology,Delhi,Small,24,5,1,11.72,1,49853.63,8,1,1,13,1
100101,Partner,Healthcare,Hyderabad,Medium,50,3,2,19.73,1,47934.34,2,0,0,15,1
100102,Social Media,Technology,Mumbai,Medium,64,5,1,19.16,1,60308.97,1,0,1,9,0
100103,Referral,Manufacturing,Delhi,Large,89,7,4,9.42,1,72265.01,2,0,0,15,0
100104,Partner,Manufacturing,Kolkata,Small,27,2,2,7.01,0,0.0,1,0,0,13,0
100105,Cold Call,Healthcare,Bengaluru,Medium,41,4,0,21.3,1,53982.36,1,0,0,3,0
100106,Social Media,Education,Kolkata,Large,97,4,3,12.98,1,213265.68,3,0,0,10,0
100107,Email Campaign,Education,Bengaluru,Medium,40,7,4,13.12,1,30073.75,1,0,0,10,0
100108,Referral,Technology,Mumbai,Small,74,3,3,14.46,0,0.0,6,0,0,12,1
100109,Website,Finance,Pune,Medium,48,3,1,18.1,1,44587.1,4,0,1,8,0
100110,Partner,Retail,Pune,Large,7,7,5,10.98,1,84055.96,3,0,1,11,1
100111,Email Campaign,Technology,Chennai,Small,62,5,0,26.95,1,52352.41,4,0,0,9,0
100112,Website,Finance,Mumbai,Medium,43,3,2,16.81,1,30209.16,2,0,1,4,1
100113,Referral,Finance,Bengaluru,Enterprise,32,4,2,22.63,0,0.0,2,1,0,8,1
100114,Email Campaign,Education,Hyderabad,Enterprise,104,5,2,7.42,0,0.0,3,0,0,15,0
100115,Website,Healthcare,Chennai,Small,93,3,0,10.42,0,0.0,5,0,0,13,0
100116,Cold Call,Manufacturing,Pune,Medium,34,7,5,,1,47245.12,5,0,0,10,1
100117,Cold Call,Finance,Pune,Small,63,5,3,7.9,0,,4,0,0,5,0
100118,Social Media,Technology,Hyderabad,Enterprise,87,5,0,51.68,0,0.0,3,0,0,4,0
100119,Email Campaign,Manufacturing,Mumbai,Medium,7,6,3,30.37,0,0.0,4,0,0,5,0
100120,,Technology,Mumbai,Medium,12,4,2,20.9,0,0.0,2,1,0,5,1
100121,Social Media,Technology,Kolkata,Small,65,2,2,19.53,0,0.0,3,0,0,15,1
100122,Social Media,Finance,Kolkata,,112,7,2,7.74,1,36850.41,3,0,0,8,1
100123,Website,Retail,Kolkata,Small,112,10,2,25.06,1,34049.65,6,0,1,6,0
100124,Referral,Finance,Chennai,Large,54,8,1,4.32,0,0.0,4,1,1,14,1
100125,Website,Technology,Bengaluru,Medium,85,6,3,37.26,0,0.0,8,1,1,6,0
100126,Email Campaign,Finance,Delhi,Medium,59,7,5,8.08,1,156369.81,7,0,0,12,1
100127,Referral,Finance,Hyderabad,Large,109,10,4,29.28,0,0.0,4,0,0,10,1
100128,Website,Technology,Chennai,Small,69,3,2,10.27,0,0.0,1,0,0,5,0
100129,Website,Healthcare,Kolkata,Small,107,9,1,14.04,1,123277.77,8,0,1,15,1
100130,Social Media,Technology,Hyderabad,Medium,44,1,0,16.93,0,0.0,1,0,0,11,0
100131,Website,Finance,Bengaluru,Large,112,11,4,14.11,0,0.0,5,1,0,15,1
100132,Partner,Retail,Mumbai,Small,88,4,5,35.87,0,0.0,4,0,0,1,0
100133,Social Media,Retail,Mumbai,Large,93,5,2,9.67,0,0.0,2,1,0,5,1
100134,Referral,Finance,Bengaluru,Medium,2,7,3,5.59,0,0.0,5,0,0,5,1
100135,Social Media,Finance,Delhi,Medium,97,11,3,9.7,1,65289.56,9,1,1,11,1
100136,Website,Finance,Pune,Medium,20,8,2,31.06,0,0.0,7,0,1,13,1
100137,Partner,Education,Kolkata,Small,113,2,0,17.45,0,0.0,2,0,0,2,0
100138,Email Campaign,Technology,Kolkata,Small,23,6,2,14.11,0,0.0,2,0,0,3,1
100139,Cold Call,Technology,Pune,Large,100,1,1,56.64,0,0.0,0,0,0,11,0
100140,Website,Healthcare,Delhi,Medium,77,4,0,9.35,1,21113.9,6,1,0,6,1
100141,Email Campaign,Technology,Pune,Medium,48,1,0,30.46,1,44964.93,4,0,0,11,1
100142,Email Campaign,Technology,Delhi,Enterprise,107,0,3,11.64,1,405431.5,3,1,0,1,1
100143,Partner,Technology,Chennai,Small,47,1,3,8.62,1,53846.67,3,1,1,8,1
100144,Email Campaign,Retail,Bengaluru,Medium,8,8,1,43.52,1,119565.33,7,0,1,1,1
100145,Email Campaign,Retail,Mumbai,Medium,10,4,4,21.37,0,0.0,1,0,1,15,1
100146,Referral,Retail,Hyderabad,Small,103,7,2,12.29,0,0.0,1,0,0,3,0
100147,Referral,Manufacturing,Chennai,Enterprise,47,4,1,5.19,0,0.0,2,0,0,3,1
100148,Email Campaign,Finance,Kolkata,Enterprise,99,1,0,20.72,1,143494.69,3,0,1,2,1
100149,Email Campaign,Education,Kolkata,Medium,3,4,2,18.77,1,15364.89,0,0,1,4,1
100150,Website,Manufacturing,Mumbai,Enterprise,10,9,6,69.38,1,146377.99,7,0,1,8,1
100151,Cold Call,Manufacturing,Pune,Small,119,2,0,6.96,1,228728.29,2,0,0,10,0
100152,Partner,Retail,Pune,Enterprise,18,7,0,11.94,1,206770.74,5,0,0,14,0
100153,Website,Finance,Delhi,Large,83,8,3,13.11,1,48527.2,2,1,0,14,1
100154,Email Campaign,Finance,Mumbai,Small,43,6,4,21.77,1,53670.59,9,1,0,2,1
100155,Website,Healthcare,Bengaluru,Medium,61,10,4,12.08,1,54927.49,7,0,0,7,1
100156,Social Media,Technology,Pune,Large,14,6,1,9.91,1,57168.29,2,0,1,14,1
100157,Referral,Healthcare,Bengaluru,Medium,33,4,0,19.49,1,23676.47,2,0,1,3,1
100158,Social Media,Technology,Kolkata,Medium,91,5,3,19.73,0,0.0,2,0,0,11,1
100159,Cold Call,Technology,Mumbai,Medium,65,3,3,34.97,0,0.0,2,0,0,7,0
100160,Cold Call,Education,Hyderabad,Small,61,6,4,27.26,1,83472.73,6,0,0,3,0
100161,Website,Retail,Mumbai,Small,114,5,1,16.16,0,0.0,5,0,0,1,0
100162,Partner,Retail,Pune,Small,50,3,3,44.1,0,0.0,4,0,0,5,0
100163,Website,Finance,Bengaluru,Large,97,4,0,29.42,1,54555.95,6,0,0,1,0
100164,Website,Retail,Pune,Medium,87,6,4,26.74,0,0.0,0,0,0,3,1
100165,Email Campaign,Education,Bengaluru,Medium,56,5,3,9.83,0,0.0,1,0,0,9,1
100166,Referral,Retail,Hyderabad,Small,36,6,1,35.02,1,39306.66,6,0,0,12,0
100167,Cold Call,Retail,Kolkata,Small,43,3,2,18.94,1,55328.45,7,1,1,8,0
100168,Cold Call,Healthcare,Delhi,Large,105,3,2,29.46,0,0.0,2,0,0,11,0
100169,Referral,Finance,Pune,Small,37,6,4,17.37,1,68878.68,5,0,0,2,0
100170,Partner,Retail,Pune,Large,79,7,0,11.98,0,0.0,2,0,0,5,1
100171,Referral,Education,Bengaluru,Medium,15,8,3,5.7,1,22497.19,6,0,0,10,0
100172,Email Campaign,Healthcare,Chennai,Large,42,4,2,25.52,0,0.0,3,0,0,1,0
100173,Referral,Finance,Kolkata,Medium,113,6,1,8.58,1,203998.83,1,0,1,9,1
100174,Partner,Healthcare,Delhi,Large,65,9,1,10.92,0,0.0,4,0,0,3,1
100175,Website,Healthcare,Delhi,Small,99,4,3,34.46,0,0.0,5,0,0,7,0
100176,Website,Education,Bengaluru,Large,32,4,1,23.49,0,0.0,4,0,0,10,0
100177,Email Campaign,Retail,Kolkata,Small,92,6,2,7.36,0,0.0,3,0,0,15,0
100178,Partner,Finance,Kolkata,Small,119,2,0,3.41,0,0.0,2,0,0,2,1
100179,Partner,Finance,Delhi,Medium,112,2,0,7.38,0,0.0,2,1,0,9,1
100180,Cold Call,Healthcare,Delhi,Small,53,4,1,76.05,0,0.0,1,0,0,9,1
100181,Partner,Technology,Kolkata,Medium,82,5,1,25.85,0,0.0,2,1,0,1,1
100182,Partner,Healthcare,Mumbai,Large,108,9,4,10.0,0,0.0,9,0,0,10,1
100183,Email Campaign,Manufacturing,Chennai,Large,98,8,3,39.38,1,77902.48,5,0,1,2,1
100184,Referral,Retail,Bengaluru,Medium,118,2,3,9.75,0,0.0,3,1,0,11,0
100185,Cold Call,Technology,Delhi,Enterprise,4,6,2,10.42,0,0.0,1,0,0,4,1
100186,Social Media,Retail,Hyderabad,Medium,65,2,2,26.89,1,55657.82,0,0,1,2,0
100187,Referral,Retail,Bengaluru,Small,95,5,4,24.4,0,0.0,1,1,0,2,0
100188,Website,Finance,Hyderabad,Large,88,5,1,7.28,1,82399.22,3,0,1,7,1
100189,Cold Call,Retail,Hyderabad,Small,19,2,0,16.76,0,0.0,5,1,0,4,0
100190,Referral,Retail,Mumbai,Small,69,3,2,8.84,0,0.0,3,0,0,7,1
100191,Partner,Manufacturing,Bengaluru,Small,20,6,2,17.66,0,0.0,2,0,0,14,0
100192,Website,Technology,Hyderabad,Medium,11,3,6,13.18,0,0.0,4,0,1,13,1
100193,Website,Technology,Delhi,Medium,14,7,2,31.7,0,0.0,4,0,0,12,0
100194,Cold Call,Healthcare,Hyderabad,Medium,115,5,3,7.61,1,84926.71,4,1,0,8,1
100195,Website,Technology,Delhi,Medium,33,5,3,28.26,1,44164.06,3,0,0,2,0
100196,Website,Healthcare,Kolkata,Large,55,7,3,12.07,0,0.0,3,0,0,7,1
100197,Social Media,Manufacturing,Kolkata,Enterprise,31,9,5,39.21,0,0.0,8,1,0,1,1
100198,Cold Call,Technology,Pune,Small,108,7,2,4.89,1,72799.77,1,1,1,2,1
100199,Website,Healthcare,Mumbai,Small,107,8,7,47.21,0,,1,0,0,5,0
100200,Referral,Education,Delhi,Medium,79,6,3,29.79,1,51038.0,4,0,0,11,0
100201,Cold Call,Healthcare,Chennai,Small,100,3,0,17.21,0,0.0,3,1,0,12,0
100202,Partner,Healthcare,Bengaluru,Medium,13,2,0,50.65,0,0.0,0,0,0,10,0
100203,,Healthcare,Pune,Medium,120,3,3,14.92,1,65770.56,2,0,1,4,1
100204,Website,Technology,Hyderabad,Large,51,5,1,42.48,0,0.0,6,0,0,11,0
100205,Website,Technology,Pune,Small,49,11,1,22.2,1,27441.19,8,0,1,15,1
100206,Website,Retail,Hyderabad,Large,24,8,3,14.49,0,0.0,8,1,1,10,1
100207,Website,Finance,Hyderabad,Medium,106,2,1,46.86,1,48693.02,4,0,1,12,1
100208,Social Media,Finance,Delhi,Large,21,5,0,18.07,0,0.0,2,0,0,14,0
100209,Website,Technology,Bengaluru,Medium,103,2,0,13.03,1,98736.64,9,0,0,11,0
100210,Email Campaign,Manufacturing,Delhi,Large,86,8,3,25.4,1,127339.52,2,0,0,14,1
100211,Social Media,Technology,Pune,Large,93,3,3,15.62,0,0.0,3,0,0,5,0
100212,Social Media,Manufacturing,Delhi,Small,4,5,0,9.37,1,21600.91,5,1,0,5,0
100213,Website,Finance,Kolkata,Medium,89,4,0,28.32,0,0.0,5,0,0,3,0
100214,Cold Call,Retail,Delhi,Large,116,10,2,27.15,1,98561.33,4,0,1,3,0
100215,Social Media,Finance,Kolkata,Small,48,6,4,18.29,0,0.0,2,0,0,9,0
100216,Cold Call,Technology,Kolkata,Medium,54,2,3,13.83,0,0.0,5,0,0,14,0
100217,Website,Healthcare,Bengaluru,Medium,14,5,0,14.85,1,62680.99,7,0,0,4,0
100218,Website,Retail,Hyderabad,Large,59,4,4,9.09,1,257983.54,6,0,0,11,0
100219,Partner,Technology,Kolkata,Small,81,5,2,47.45,0,0.0,4,0,0,2,0
100220,Referral,Healthcare,Kolkata,Medium,36,7,1,15.27,1,14975.9,4,0,1,15,1
100221,Referral,Healthcare,Chennai,Small,89,0,0,19.16,0,0.0,0,0,0,8,0
100222,Email Campaign,Technology,Mumbai,Medium,11,3,3,6.76,0,0.0,2,0,0,8,1
100223,Social Media,Retail,Bengaluru,Large,81,8,2,33.79,1,71180.81,2,0,1,6,1
100224,Partner,Technology,Mumbai,Medium,71,3,0,8.46,0,0.0,1,1,0,15,0
100225,Referral,Healthcare,Delhi,Medium,28,4,1,13.1,0,0.0,2,0,0,7,0
100226,Partner,Technology,Chennai,Medium,42,2,2,34.37,1,79238.51,4,0,1,2,0
100227,Website,Healthcare,Hyderabad,,29,3,1,10.49,0,0.0,3,0,0,9,1
100228,Email Campaign,Finance,Bengaluru,Large,75,3,1,17.25,0,0.0,4,0,0,9,0
100229,Social Media,Healthcare,Pune,Small,77,6,4,16.63,0,0.0,1,0,0,12,0
100230,Website,Healthcare,Delhi,Large,67,4,2,20.76,0,0.0,6,0,1,8,0
100231,Website,Education,Pune,Large,24,3,1,22.51,0,0.0,5,0,0,5,0
100232,Referral,Healthcare,Hyderabad,Large,27,9,5,29.68,1,148676.6,2,0,1,1,1
100233,Partner,Manufacturing,Kolkata,Small,98,7,2,26.24,0,0.0,4,0,0,15,0
100234,Social Media,Technology,Hyderabad,Medium,56,3,1,26.63,0,0.0,4,0,1,3,1
100235,Partner,Finance,Hyderabad,Small,53,8,3,56.92,0,0.0,3,0,0,6,0
100236,Cold Call,Technology,Chennai,Enterprise,37,4,2,18.63,0,0.0,1,0,0,3,0
100237,Email Campaign,Healthcare,Chennai,Large,112,0,0,21.39,1,198253.72,5,0,0,4,0
100238,Cold Call,Retail,Kolkata,Medium,29,5,1,116.57,0,0.0,5,1,0,1,0
100239,Website,Manufacturing,Delhi,Large,93,11,4,11.81,1,59077.81,4,0,1,6,1
100240,Website,Retail,Hyderabad,Small,93,4,3,9.16,0,0.0,2,0,0,15,0
100241,Cold Call,Retail,Delhi,Medium,30,8,3,16.79,0,0.0,7,1,0,4,0
100242,Cold Call,Technology,Hyderabad,,2,4,3,43.08,1,125626.67,1,0,1,15,0
100243,Website,Technology,Mumbai,Small,30,1,1,24.22,0,0.0,3,0,0,10,0
100244,Email Campaign,Manufacturing,Chennai,Enterprise,33,7,3,25.9,0,0.0,1,0,0,14,0
100245,Social Media,Technology,Hyderabad,Large,90,7,7,13.89,0,0.0,3,0,0,10,1
100246,Cold Call,Technology,Bengaluru,Enterprise,64,8,3,7.58,0,0.0,0,0,0,15,0
100247,Social Media,Education,Delhi,Large,52,4,2,8.84,0,0.0,1,0,0,9,1
100248,Referral,Education,Pune,Small,58,3,1,11.96,0,0.0,1,0,0,13,0
100249,Referral,Retail,Mumbai,,115,4,1,49.33,0,0.0,4,0,0,1,1
100250,Referral,Finance,Pune,Small,113,2,1,12.8,1,35761.3,1,0,0,14,1
100251,Social Media,Manufacturing,Bengaluru,Large,4,11,0,31.53,0,0.0,0,0,1,1,0
100252,Cold Call,Technology,Chennai,Small,102,4,2,5.51,0,0.0,2,0,0,3,0
100253,Email Campaign,Healthcare,Pune,Large,44,2,1,11.88,0,0.0,1,0,0,12,0
100254,Website,Finance,Hyderabad,Small,91,7,3,13.5,1,94533.76,6,0,1,4,1
100255,Website,Education,Bengaluru,Small,119,4,2,28.29,1,26530.08,6,0,1,1,1
100256,Cold Call,Education,Delhi,Small,62,2,2,48.29,0,0.0,1,0,0,13,0
100257,Cold Call,Retail,Pune,Large,75,6,0,36.46,1,60694.29,1,0,1,8,0
100258,Website,Technology,Kolkata,Small,52,8,0,13.01,1,91031.65,9,1,1,8,1
100259,Website,Healthcare,Delhi,Small,9,3,0,8.11,0,0.0,9,0,0,5,0
100260,Social Media,Finance,Pune,Small,5,7,2,21.51,0,0.0,5,0,1,11,0
100261,,Education,Kolkata,Medium,44,8,5,22.6,1,204975.09,3,0,0,5,1
100262,Cold Call,Technology,Mumbai,Enterprise,99,10,3,20.07,1,353846.29,0,1,0,9,1
100263,Referral,Technology,Kolkata,Medium,41,6,1,15.77,1,63392.13,2,0,0,2,1
100264,Website,Retail,Bengaluru,Small,52,6,3,33.83,0,0.0,8,0,1,5,0
100265,Partner,Healthcare,Mumbai,Small,64,5,2,20.29,1,25176.23,5,1,1,1,1
100266,Website,Manufacturing,Hyderabad,Small,39,4,4,8.34,1,48343.01,6,0,0,5,1
100267,Referral,Technology,Kolkata,Medium,59,2,0,49.57,0,0.0,2,0,1,6,0
100268,Website,Manufacturing,Chennai,Small,73,5,0,18.94,0,0.0,5,0,0,12,1
100269,Website,Technology,Bengaluru,Small,103,3,3,34.34,0,0.0,4,0,0,13,1
100270,Website,Technology,Pune,Small,91,2,2,31.91,0,0.0,5,0,0,8,1
100271,Website,Healthcare,Bengaluru,Medium,99,4,3,24.48,0,0.0,9,1,0,14,0
100272,Website,Technology,Mumbai,Large,63,5,5,96.57,0,0.0,7,0,0,6,0
100273,Website,Retail,Chennai,Small,84,3,1,31.26,1,30534.47,6,0,1,8,0
100274,Social Media,Technology,Mumbai,Large,18,6,4,6.66,0,0.0,3,0,0,10,1
100275,Social Media,Technology,Hyderabad,Medium,18,4,3,10.97,0,0.0,2,0,0,3,0
100276,Referral,Retail,Chennai,Large,111,7,1,15.36,1,80107.51,2,0,0,7,0
100277,Referral,Technology,Kolkata,Small,73,3,3,5.13,0,0.0,1,1,0,14,1
100278,Email Campaign,Retail,Chennai,Large,14,6,0,7.63,0,0.0,2,0,0,8,0
100279,Cold Call,Manufacturing,Delhi,Large,49,5,3,35.35,1,43257.12,8,1,1,14,1
100280,,Technology,Chennai,Enterprise,117,5,2,28.75,1,179202.29,3,0,1,11,1
100281,Website,Manufacturing,Hyderabad,Large,3,6,1,38.93,0,0.0,10,0,0,3,1
100282,Website,Finance,Hyderabad,Small,54,4,5,11.86,1,91177.15,8,0,0,7,1
100283,Website,Finance,Delhi,Enterprise,101,3,1,10.42,0,0.0,2,0,0,6,1
100284,Website,Technology,Delhi,Large,114,8,3,11.1,1,97049.13,4,0,1,15,1
100285,Email Campaign,Manufacturing,Pune,Small,45,4,2,39.07,1,39155.14,0,0,0,6,0
100286,Referral,Retail,Pune,Small,110,5,2,16.0,1,60451.86,3,0,1,8,0
100287,Website,Healthcare,Kolkata,Enterprise,86,5,3,27.31,0,,5,0,0,11,0
100288,Referral,Education,Bengaluru,Small,49,7,2,43.15,1,38136.19,3,0,1,15,1
100289,Email Campaign,Finance,Pune,Large,94,3,2,13.89,0,0.0,1,1,0,9,1
100290,Website,Education,Hyderabad,Medium,97,7,7,6.63,1,67618.0,4,0,1,13,1
100291,Cold Call,Retail,Delhi,Large,34,5,0,81.86,0,0.0,6,0,0,2,0
100292,Website,Education,Kolkata,Small,11,5,4,20.28,0,0.0,9,0,1,14,0
100293,Partner,Education,Kolkata,Large,94,5,0,,0,0.0,2,0,0,4,1
100294,Website,Education,Hyderabad,Medium,10,6,2,8.97,0,0.0,4,0,1,12,0
100295,Cold Call,Technology,Chennai,Enterprise,94,5,1,36.22,1,175826.54,2,0,1,9,1
100296,Partner,Manufacturing,Chennai,Small,43,5,1,14.42,1,68305.65,4,0,1,10,1
100297,Partner,Manufacturing,Pune,Small,85,4,0,10.91,0,0.0,2,0,0,2,0
100298,Cold Call,Retail,Bengaluru,Small,74,5,3,8.0,0,0.0,4,0,0,8,1
100299,Cold Call,Finance,Bengaluru,Small,5,6,3,38.22,0,0.0,5,0,0,2,1
100300,Social Media,Education,Mumbai,Enterprise,2,3,1,25.9,1,154763.46,4,0,0,9,0
100301,Cold Call,Technology,Mumbai,Small,76,2,1,59.78,1,33877.68,4,0,0,7,0
100302,Website,Healthcare,Kolkata,Small,62,6,4,3.61,1,61083.83,2,0,1,4,1
100303,Email Campaign,Healthcare,Mumbai,Large,6,9,3,19.34,0,0.0,2,0,1,8,0
100304,Email Campaign,Technology,Pune,Small,118,5,2,11.83,0,0.0,2,0,0,4,0
100305,Cold Call,Retail,Bengaluru,Small,29,1,3,8.35,1,151978.85,3,0,1,2,1
100306,Email Campaign,Technology,Chennai,Large,104,5,2,21.29,0,0.0,0,0,0,1,1
100307,Referral,Retail,Mumbai,Medium,15,7,3,25.25,1,39751.68,5,0,1,6,0
100308,Social Media,Manufacturing,Mumbai,Large,28,11,1,31.64,1,163586.54,3,1,1,12,1
100309,Referral,Finance,Delhi,Medium,64,4,5,59.84,0,0.0,7,1,0,9,0
100310,Website,Retail,Delhi,Small,64,3,0,11.26,1,54433.01,7,0,1,2,1
100311,Email Campaign,Technology,Delhi,Medium,73,1,2,22.42,1,60175.0,3,0,0,7,0
100312,Referral,Manufacturing,Kolkata,Large,21,6,1,12.13,0,0.0,4,1,0,9,1
100313,Website,Education,Hyderabad,Medium,32,1,1,8.47,1,68128.93,8,0,0,4,1
100314,Referral,Technology,Chennai,Large,32,6,3,50.51,0,0.0,1,0,0,3,0
100315,Referral,Retail,Kolkata,Medium,53,1,3,43.15,0,0.0,4,0,0,4,0
100316,Referral,Healthcare,Chennai,Medium,111,6,3,30.64,1,137801.26,6,1,0,1,1
100317,Referral,Healthcare,Mumbai,Large,56,5,2,30.52,0,0.0,2,0,0,4,1
100318,Social Media,Retail,Kolkata,Small,120,7,1,13.24,1,96822.13,1,0,0,9,1
100319,Referral,Healthcare,Kolkata,Medium,31,4,1,18.83,1,112070.55,1,0,0,13,0
100320,Partner,Retail,Pune,Small,30,4,1,15.98,0,0.0,1,0,0,14,0
100321,Partner,Technology,Kolkata,Large,13,4,4,13.53,0,0.0,7,0,1,11,1
100322,Email Campaign,Finance,Kolkata,Medium,26,4,0,33.15,1,66787.97,4,0,0,6,0
100323,Referral,Manufacturing,Kolkata,Medium,38,3,2,9.01,0,0.0,2,0,0,15,0
100324,Email Campaign,Technology,Delhi,Small,47,6,1,29.38,1,16625.67,5,0,0,14,0
100325,Cold Call,Retail,Pune,Enterprise,86,7,3,47.75,0,0.0,4,0,1,6,1
100326,Social Media,Technology,Bengaluru,Medium,54,5,2,35.97,0,0.0,3,0,0,1,1
100327,Cold Call,Manufacturing,Chennai,Small,83,6,1,20.81,1,39069.14,3,0,0,7,0
100328,Email Campaign,Retail,Chennai,Small,11,5,0,15.99,0,0.0,3,1,0,7,0
100329,Social Media,Finance,Bengaluru,Medium,114,7,1,12.03,0,0.0,1,0,0,11,0
100330,Referral,Finance,Kolkata,Small,18,4,2,28.17,1,29341.88,3,0,0,3,0
100331,Cold Call,Healthcare,Mumbai,Large,5,7,1,9.31,0,0.0,4,0,0,9,0
100332,Website,Education,Kolkata,Large,51,7,2,10.29,1,114935.95,6,1,1,5,1
100333,Social Media,Healthcare,Kolkata,Small,79,6,4,9.38,0,0.0,3,1,0,8,0
100334,Cold Call,Healthcare,Mumbai,Medium,29,2,0,18.12,0,0.0,2,0,0,1,1
100335,Website,Manufacturing,Chennai,Small,20,4,2,9.6,1,39249.88,9,0,1,8,1
100336,Social Media,Finance,Pune,Small,102,6,3,10.45,1,61433.96,3,0,1,1,0
100337,Website,Healthcare,Delhi,Medium,99,1,0,8.89,0,0.0,3,0,0,13,0
100338,Cold Call,Finance,Bengaluru,Small,91,1,0,14.86,0,,3,0,0,11,0
100339,Website,Technology,Hyderabad,Large,27,9,5,11.52,1,61806.29,8,1,0,14,1
100340,Partner,Retail,Delhi,Medium,65,3,0,19.54,1,71086.23,1,0,0,10,0
100341,Website,Manufacturing,Bengaluru,Small,83,6,4,27.52,0,0.0,4,1,0,15,1
100342,Partner,Education,Mumbai,Enterprise,52,3,2,25.58,0,0.0,2,0,0,4,0
100343,Cold Call,Education,Chennai,Medium,22,5,0,11.04,0,0.0,5,1,0,1,0
100344,Social Media,Healthcare,Chennai,Small,100,2,1,28.89,0,0.0,2,1,0,14,0
100345,Cold Call,Finance,Kolkata,Medium,113,7,2,15.38,0,0.0,3,0,0,10,0
100346,Cold Call,Retail,Hyderabad,Enterprise,20,4,2,19.02,0,0.0,3,0,0,11,0
100347,Partner,Education,Bengaluru,Medium,85,6,2,26.37,1,45696.8,4,0,1,5,1
100348,Referral,Retail,Mumbai,Medium,107,4,1,22.81,0,0.0,3,1,0,6,0
100349,Social Media,Healthcare,Bengaluru,Medium,65,4,2,56.24,0,0.0,5,0,0,11,0
100350,Website,Retail,Pune,Small,6,3,2,17.02,0,0.0,3,0,0,7,0
100351,Social Media,Manufacturing,Pune,Small,83,4,3,45.57,1,55323.45,2,0,1,2,0
100352,Website,Education,Hyderabad,Medium,111,0,0,20.67,0,0.0,2,0,1,5,0
100353,Email Campaign,Manufacturing,Hyderabad,Large,32,9,5,20.81,0,0.0,2,0,0,6,0
100354,Email Campaign,Healthcare,Mumbai,Large,17,6,6,11.87,1,364111.76,3,0,0,13,1
100355,Email Campaign,Finance,Kolkata,Small,31,1,2,6.79,0,0.0,3,1,0,6,1
100356,Email Campaign,Healthcare,Pune,Medium,98,5,1,27.35,1,111988.58,2,0,1,8,1
100357,Cold Call,Finance,Chennai,Small,67,9,5,28.48,1,76667.97,4,1,1,9,0
100358,Cold Call,Education,Hyderabad,Medium,3,4,0,3.17,1,48386.11,4,0,1,3,1
100359,Email Campaign,Healthcare,Mumbai,Large,71,7,2,16.83,1,74972.04,6,1,0,9,1
100360,Social Media,Healthcare,Hyderabad,Small,98,1,1,22.72,0,0.0,0,0,0,4,0
100361,Partner,Finance,Bengaluru,Large,23,4,0,14.03,0,0.0,4,0,0,14,0
100362,Website,Retail,Hyderabad,Medium,71,6,1,27.74,1,128364.58,9,1,1,5,1
100363,Website,Healthcare,Kolkata,Large,28,7,5,15.41,1,44796.88,3,0,1,5,1
100364,Website,Technology,Chennai,Large,3,10,8,21.31,1,226117.88,5,0,1,7,1
100365,Social Media,Manufacturing,Delhi,Large,49,10,3,66.04,1,221145.74,3,0,1,6,0
100366,Referral,Finance,Pune,Large,93,8,3,5.41,1,19926.59,2,0,0,9,1
100367,Cold Call,Healthcare,Kolkata,Large,81,5,1,22.94,0,0.0,4,0,0,11,0
100368,Social Media,Technology,Delhi,Medium,13,5,2,10.8,1,71937.61,3,0,1,15,1
100369,Referral,Healthcare,Mumbai,Small,23,7,3,9.94,1,98837.34,3,1,1,14,0
100370,Partner,Retail,Delhi,Small,65,2,0,52.82,0,0.0,3,0,0,4,1
100371,Cold Call,Education,Pune,Large,39,2,4,17.47,0,0.0,2,0,0,10,0
100372,Referral,Technology,Hyderabad,Small,40,3,0,17.74,1,50177.97,3,0,1,5,1
100373,Referral,Education,Kolkata,Enterprise,53,5,0,16.2,1,250738.19,5,0,0,13,1
100374,Referral,Retail,Kolkata,Medium,92,2,0,10.95,0,0.0,2,0,0,1,0
100375,Website,Finance,Mumbai,Large,70,5,3,32.9,1,41937.66,3,1,1,15,1
100376,Website,Technology,Bengaluru,Medium,103,3,3,28.57,0,0.0,7,0,0,6,0
100377,Partner,Finance,Kolkata,Enterprise,13,8,0,9.73,1,215755.22,4,0,0,12,1
100378,Email Campaign,Manufacturing,Bengaluru,Small,56,2,1,11.4,0,0.0,2,0,0,11,0
100379,Referral,Finance,Bengaluru,Medium,67,4,2,20.31,0,0.0,2,0,0,6,0
100380,Cold Call,Healthcare,Kolkata,Large,91,3,1,25.29,1,71572.62,2,0,0,15,0
100381,Email Campaign,Retail,Mumbai,,62,5,1,10.81,1,33754.04,1,0,0,5,0
100382,Partner,Manufacturing,Delhi,Small,110,2,0,8.64,0,0.0,4,0,0,12,0
100383,Cold Call,Retail,Hyderabad,Large,101,5,2,20.94,1,207871.82,5,0,0,14,0
100384,Email Campaign,Manufacturing,Kolkata,Large,83,1,2,15.46,1,168572.83,5,0,0,2,0
100385,Referral,Technology,Delhi,Small,48,1,0,11.09,0,0.0,4,0,0,14,1
100386,Partner,Manufacturing,Kolkata,Medium,39,3,3,17.75,1,164472.7,3,0,1,14,1
100387,Social Media,Finance,Chennai,Small,65,6,1,6.46,0,0.0,1,0,0,6,0
100388,Partner,Technology,Hyderabad,Small,56,3,1,26.63,0,0.0,3,0,0,13,0
100389,Website,Education,Hyderabad,Medium,4,6,3,14.93,0,0.0,9,0,0,1,1
100390,Cold Call,Technology,Bengaluru,Small,28,2,4,85.53,0,0.0,6,0,1,3,0
100391,Social Media,Technology,Bengaluru,Medium,101,8,2,56.3,0,0.0,7,0,0,12,0
100392,Website,Retail,Bengaluru,Small,56,6,3,36.4,0,0.0,6,0,1,15,0
100393,Social Media,Finance,Mumbai,Large,114,3,1,13.36,0,0.0,3,0,0,2,0
100394,Social Media,Technology,Bengaluru,Medium,30,4,1,7.65,0,0.0,2,1,0,11,0
100395,Website,Retail,Delhi,Small,117,9,4,19.38,1,64048.51,7,0,0,2,0
100396,Email Campaign,Manufacturing,Bengaluru,Enterprise,97,8,0,27.71,0,0.0,0,0,0,12,0
100397,Cold Call,Manufacturing,Mumbai,Large,44,3,0,25.11,0,0.0,3,0,0,14,0
100398,Referral,Technology,Mumbai,Small,74,4,1,16.59,1,53825.93,1,0,1,7,1
100399,Email Campaign,Healthcare,Delhi,Enterprise,119,7,1,4.16,0,0.0,1,0,1,2,0
100400,Email Campaign,Manufacturing,Chennai,Small,76,2,3,23.44,0,0.0,1,0,0,4,0
100401,Referral,Technology,Mumbai,Small,112,3,1,6.08,0,0.0,5,1,1,8,1
100402,Partner,Technology,Chennai,Medium,14,6,0,18.56,0,0.0,2,0,0,12,1
100403,Cold Call,Technology,Bengaluru,Small,20,5,5,17.79,0,0.0,1,0,0,8,0
100404,Website,Healthcare,Chennai,Large,1,3,1,8.79,0,0.0,4,0,0,8,0
100405,Partner,Technology,Hyderabad,Medium,40,4,1,57.8,1,81834.28,1,0,0,10,0
100406,Cold Call,Retail,Delhi,Large,95,2,2,14.44,1,44325.16,2,0,0,15,1
100407,Referral,Education,Mumbai,Small,116,4,1,25.16,0,0.0,6,0,0,12,0
100408,Cold Call,Technology,Pune,Small,66,2,1,46.17,1,19282.58,2,0,1,3,0
100409,Website,Retail,Bengaluru,Medium,51,5,0,12.9,1,21296.8,5,1,1,3,0
100410,Partner,Technology,Mumbai,Small,112,2,2,23.45,0,0.0,1,1,0,6,1
100411,Social Media,Technology,Bengaluru,Enterprise,71,6,2,7.42,1,162181.99,2,0,0,5,1
100412,Social Media,Manufacturing,Delhi,Large,65,6,0,14.16,1,34777.42,2,0,0,12,0
100413,Website,Healthcare,Kolkata,Large,11,5,2,8.21,0,0.0,7,0,0,15,1
100414,Partner,Education,Hyderabad,Large,26,2,2,16.18,0,,3,0,0,9,1
100415,Website,Healthcare,Kolkata,Small,84,5,0,12.76,0,0.0,8,0,0,14,0
100416,Website,Technology,Hyderabad,Small,84,6,2,10.78,0,0.0,6,0,0,7,1
100417,Website,Healthcare,Mumbai,Medium,60,3,0,30.5,0,0.0,5,1,0,11,0
100418,Cold Call,Technology,Hyderabad,Large,85,5,4,22.75,0,0.0,2,0,0,11,1
100419,Website,Manufacturing,Hyderabad,Medium,83,6,1,18.75,0,0.0,5,0,0,5,0
100420,Partner,Retail,Bengaluru,Small,8,2,2,91.67,1,17447.97,1,0,0,12,1
100421,Social Media,Finance,Chennai,Large,101,5,4,7.85,0,0.0,3,1,1,9,1
100422,Website,Healthcare,Chennai,Small,84,6,5,7.18,0,0.0,4,1,0,9,1
100423,Website,Retail,Mumbai,Medium,27,4,3,58.85,1,57220.12,4,0,1,4,0
100424,Website,Manufacturing,Kolkata,Small,26,7,4,38.43,1,54474.42,5,0,1,5,1
100425,Social Media,Technology,Kolkata,Medium,115,6,2,32.88,0,0.0,1,0,0,13,0
100426,Cold Call,Technology,Delhi,Medium,31,9,0,45.79,1,31315.87,4,0,1,10,0
100427,Website,Technology,Pune,Large,4,8,2,60.81,0,0.0,7,0,1,2,0
100428,Cold Call,Finance,Pune,Large,4,6,2,9.82,0,0.0,2,0,0,9,0
100429,Website,Healthcare,Hyderabad,Small,28,3,2,15.12,0,0.0,7,1,0,10,1
100430,Cold Call,Technology,Mumbai,Large,76,8,5,25.31,0,0.0,1,0,1,12,0
100431,Partner,Healthcare,Bengaluru,Large,55,5,0,5.83,1,212053.28,4,0,1,13,1
100432,Cold Call,Healthcare,Kolkata,Large,88,11,1,10.21,0,0.0,4,0,1,10,0
100433,Social Media,Technology,Chennai,Enterprise,28,9,3,83.65,1,110840.87,4,0,1,1,1
100434,Cold Call,Education,Hyderabad,Large,28,3,2,7.98,0,0.0,3,0,0,8,0
100435,Website,Retail,Mumbai,Small,49,5,0,30.22,0,0.0,8,0,0,4,0
100436,Website,Finance,Hyderabad,Medium,96,4,3,24.9,0,0.0,5,1,0,1,1
100437,Website,Healthcare,Hyderabad,Medium,61,6,2,19.64,1,81844.45,6,0,1,14,1
100438,Email Campaign,Finance,Pune,Medium,92,2,4,9.26,1,47994.72,1,0,0,3,1
100439,Cold Call,Manufacturing,Chennai,Enterprise,12,8,1,30.06,1,202954.37,5,0,1,4,0
100440,Social Media,Retail,Delhi,Medium,50,8,4,5.99,1,94278.8,2,0,1,6,0
100441,Cold Call,Healthcare,Hyderabad,Medium,53,8,3,14.93,1,121410.38,1,0,0,7,1
100442,Website,Education,Chennai,Enterprise,9,6,6,15.3,1,198269.0,10,0,0,10,1
100443,Cold Call,Manufacturing,Hyderabad,Large,38,5,1,24.02,1,35801.97,4,0,0,5,1
100444,Website,Manufacturing,Mumbai,Small,34,5,4,36.06,1,41147.65,3,0,1,12,1
100445,Referral,Technology,Bengaluru,Enterprise,55,5,1,12.02,0,0.0,4,0,0,3,1
100446,Social Media,Technology,Delhi,Medium,20,1,1,25.99,0,0.0,3,0,0,15,0
100447,Partner,Retail,Kolkata,Medium,33,5,2,39.98,1,76640.38,4,1,1,13,1
100448,Social Media,Healthcare,Chennai,Medium,116,5,0,10.39,0,0.0,3,1,0,9,0
100449,Website,Retail,Delhi,Enterprise,18,3,2,7.5,1,130523.18,1,0,0,1,0
100450,Social Media,Manufacturing,Kolkata,Small,99,4,0,12.73,0,0.0,2,1,0,11,1
100451,Website,Finance,Mumbai,Medium,66,9,3,36.12,1,127196.33,6,1,1,11,1
100452,Partner,Finance,Bengaluru,Large,10,6,3,40.25,0,0.0,7,1,0,10,1
100453,Social Media,Healthcare,Mumbai,Large,49,5,4,12.32,1,101101.14,5,0,1,5,1
100454,Website,,Kolkata,Small,62,2,0,20.96,0,,4,0,0,7,1
100455,Website,Retail,Chennai,Small,34,4,3,31.45,1,12870.32,7,0,1,7,1
100456,Website,Manufacturing,Mumbai,Enterprise,33,11,4,33.68,1,204197.63,5,1,0,10,0
100457,Partner,Healthcare,Hyderabad,Large,86,6,4,34.18,0,0.0,5,1,1,5,1
100458,Email Campaign,Retail,Pune,Medium,4,4,0,50.86,0,0.0,3,0,0,7,0
100459,Cold Call,Healthcare,Delhi,Medium,112,2,1,24.82,1,39823.75,6,1,0,14,0
100460,Social Media,Retail,Delhi,Medium,39,2,0,18.3,0,0.0,3,0,0,7,1
100461,Email Campaign,Technology,Bengaluru,Large,46,3,3,20.89,1,49128.31,2,0,1,9,0
100462,Website,Manufacturing,Mumbai,Medium,16,9,5,16.7,1,137751.11,6,0,1,14,1
100463,Partner,Retail,Delhi,Large,106,6,2,22.01,1,123807.22,1,0,0,15,1
100464,Referral,Finance,Pune,Small,27,5,3,6.42,0,0.0,3,0,0,9,1
100465,Email Campaign,Healthcare,Delhi,Large,97,6,1,14.03,1,53479.8,4,0,1,4,1
100466,Social Media,Manufacturing,Bengaluru,Small,40,3,0,29.44,0,0.0,5,0,0,2,0
100467,Social Media,Finance,Delhi,Large,4,5,0,27.35,0,0.0,2,0,0,13,0
100468,Partner,Manufacturing,Kolkata,Small,50,5,2,34.99,1,42302.07,4,1,0,8,1
100469,Website,Education,Hyderabad,Small,63,4,1,3.33,0,0.0,5,0,0,9,0
100470,Email Campaign,Manufacturing,Pune,Small,57,6,3,31.97,1,22136.49,5,0,1,15,1
100471,Referral,Finance,Chennai,Small,119,8,1,21.68,1,27343.53,4,0,1,6,1
100472,Email Campaign,Retail,Pune,Medium,63,3,1,7.99,0,0.0,4,1,0,2,0
100473,Website,Education,Hyderabad,Large,94,6,2,10.0,0,0.0,4,0,0,11,1
100474,Website,Retail,Delhi,Large,45,8,5,4.43,0,0.0,4,0,1,15,1
100475,Referral,Technology,Delhi,Medium,18,6,0,28.05,0,0.0,4,0,0,3,0
100476,Referral,Technology,Bengaluru,Medium,60,7,0,10.44,0,0.0,3,0,0,15,1
100477,Referral,Manufacturing,Pune,Medium,68,5,4,12.29,0,0.0,3,0,1,9,0
100478,Social Media,Healthcare,Pune,Large,51,5,5,84.68,0,0.0,7,0,0,9,0
100479,Social Media,Finance,Kolkata,Small,92,4,1,20.37,0,0.0,1,0,0,15,1
100480,Referral,Finance,Chennai,Medium,116,6,1,41.61,1,42876.72,0,0,0,5,0
100481,Referral,Manufacturing,Mumbai,Small,10,3,1,13.12,0,0.0,5,1,1,12,0
100482,Website,Healthcare,Delhi,Small,9,2,0,24.68,0,0.0,3,0,0,1,0
100483,Social Media,Manufacturing,Mumbai,Medium,33,8,3,15.26,0,0.0,1,0,0,11,0
100484,Referral,Manufacturing,Bengaluru,Small,71,2,1,46.98,0,0.0,4,0,0,1,0
100485,Website,Education,Kolkata,Small,6,4,0,46.6,0,0.0,7,0,0,1,1
100486,Referral,Education,Mumbai,Large,24,5,1,21.41,1,118004.9,0,0,1,6,0
100487,Email Campaign,Finance,Chennai,Small,50,7,4,10.77,0,0.0,1,1,1,6,1
100488,Website,Retail,Chennai,Medium,46,5,2,40.29,1,42512.0,7,0,1,12,1
100489,Email Campaign,Technology,Bengaluru,Medium,102,7,1,15.56,0,0.0,2,1,0,14,0
100490,Email Campaign,Education,Pune,Large,66,2,0,3.86,0,0.0,3,0,0,15,0
100491,Social Media,Finance,Hyderabad,Large,105,4,2,94.98,0,0.0,3,0,0,10,0
100492,Social Media,Retail,Mumbai,Small,92,3,1,28.73,0,0.0,3,0,0,3,0
100493,Social Media,Manufacturing,Hyderabad,Large,50,5,5,17.19,1,108589.69,0,0,1,11,0
100494,Referral,Technology,Mumbai,Medium,118,9,4,4.96,1,138349.22,2,0,0,8,1
100495,Cold Call,Manufacturing,Mumbai,Small,102,4,2,32.08,0,0.0,3,0,0,8,0
100496,Email Campaign,Technology,Delhi,Large,60,5,1,6.86,1,162895.89,3,0,0,8,1
100497,Email Campaign,Healthcare,Mumbai,Large,103,4,4,50.3,1,407215.66,2,0,1,14,1
100498,Social Media,Healthcare,Mumbai,Medium,31,3,2,4.1,1,71241.71,2,0,0,6,1
100499,Referral,Finance,Delhi,Medium,25,5,0,24.66,1,26153.12,3,0,1,15,0
100500,Email Campaign,Retail,Hyderabad,Small,95,3,1,50.53,1,54893.98,2,0,1,9,0
100501,Cold Call,Education,Mumbai,Medium,95,5,0,19.09,1,59451.17,1,0,1,11,0
100502,Partner,Finance,Kolkata,Enterprise,27,6,4,15.58,0,0.0,2,0,0,14,0
100503,Partner,Retail,Pune,Medium,91,6,1,18.42,1,34163.76,6,1,1,13,1
100504,Email Campaign,Manufacturing,Kolkata,Enterprise,61,7,2,5.49,0,0.0,6,1,0,7,0
100505,Email Campaign,Manufacturing,Pune,Small,68,3,3,14.44,1,37403.99,1,0,1,4,1
100506,Cold Call,Technology,Chennai,Large,102,8,3,27.05,1,97481.16,3,1,1,3,1
100507,Referral,Education,Pune,Enterprise,20,4,3,35.97,0,0.0,3,0,0,6,1
100508,Cold Call,Technology,Kolkata,Large,49,3,3,30.93,0,0.0,2,0,0,10,0
100509,Email Campaign,Retail,Bengaluru,Small,35,7,2,7.61,0,0.0,7,1,1,12,1
100510,Website,Retail,Kolkata,Medium,67,4,2,-5.0,1,67870.21,4,0,1,1,0
100511,Website,Manufacturing,Hyderabad,Small,19,2,4,30.93,1,64754.53,3,0,0,7,1
100512,Cold Call,Technology,Pune,Medium,15,8,2,3.26,1,127596.58,5,0,1,15,1
100513,Website,Technology,Chennai,Enterprise,84,10,1,5.04,1,157731.96,6,1,1,13,1
100514,Referral,Manufacturing,Delhi,Medium,7,2,0,26.29,0,0.0,3,0,0,15,0
100515,Referral,Technology,Chennai,Small,51,5,1,13.7,1,34434.65,5,1,0,15,1
100516,Website,Healthcare,Kolkata,Small,119,5,3,50.92,0,0.0,3,0,0,2,1
100517,Referral,Manufacturing,Chennai,Medium,120,3,1,63.15,1,128966.86,5,1,0,11,0
100518,Cold Call,Retail,Hyderabad,Medium,22,3,2,42.59,0,0.0,4,0,0,9,0
100519,Website,Technology,Delhi,Small,112,4,2,12.77,0,0.0,4,0,0,8,1
100520,Cold Call,Finance,Chennai,Large,41,3,1,11.51,0,0.0,3,1,0,12,1
100521,Cold Call,Education,Delhi,Small,24,5,1,12.78,0,0.0,5,0,0,15,0
100522,Referral,Healthcare,Hyderabad,Medium,61,6,0,28.39,0,0.0,2,0,0,7,0
100523,Website,Technology,Delhi,Medium,59,5,0,39.23,1,35658.94,6,1,0,10,0
100524,Social Media,Technology,Mumbai,Small,45,6,3,5.49,0,0.0,3,1,0,8,0
100525,Website,Finance,Delhi,,52,12,4,18.37,1,66704.06,5,0,1,10,1
100526,Referral,Education,Mumbai,Large,12,6,2,26.37,0,0.0,5,0,0,15,0
100527,Partner,Finance,Hyderabad,Medium,32,7,1,36.49,1,29387.5,2,0,1,13,1
100528,Partner,Technology,Bengaluru,Large,24,4,1,52.08,1,107714.02,1,0,0,4,0
100529,Cold Call,Healthcare,Hyderabad,Medium,112,6,2,4.32,1,103639.1,5,0,1,14,0
100530,Referral,Technology,Chennai,Small,60,1,0,5.38,0,0.0,1,1,0,8,0
100531,Social Media,Finance,Pune,Enterprise,66,4,1,24.6,0,0.0,3,0,0,9,0
100532,Social Media,Education,Kolkata,Enterprise,53,7,2,78.52,0,0.0,3,0,1,2,0
100533,Referral,Retail,Bengaluru,Small,107,7,2,22.89,0,0.0,4,0,0,7,0
100534,Social Media,Technology,Mumbai,Enterprise,96,2,1,20.23,1,285516.98,7,1,1,5,1
100535,Website,Healthcare,Delhi,Large,83,4,0,10.03,1,88097.23,8,0,0,2,1
100536,Website,Technology,Bengaluru,Small,38,4,2,9.09,0,0.0,6,0,0,13,1
100537,Email Campaign,Technology,Hyderabad,Medium,38,2,0,12.11,1,155463.74,2,0,0,2,0
100538,Website,Retail,Kolkata,Small,113,4,3,13.46,1,35391.61,3,0,1,11,1
100539,Website,Healthcare,Kolkata,Medium,112,5,1,9.95,0,0.0,4,0,0,12,0
100540,Cold Call,Manufacturing,Bengaluru,Enterprise,34,6,2,25.47,0,0.0,2,0,0,10,0
100541,Partner,Education,Chennai,Medium,41,8,2,36.38,1,152820.72,2,0,1,13,0
100542,Email Campaign,Finance,Pune,Medium,40,4,2,18.93,0,0.0,5,0,0,2,0
100543,Cold Call,Education,Mumbai,Small,95,7,1,16.69,1,42209.62,2,0,1,1,0
100544,Partner,Healthcare,Bengaluru,Medium,114,2,1,9.87,0,0.0,3,0,0,13,0
100545,Website,Finance,Pune,Large,107,9,4,76.45,1,84485.5,3,0,1,3,1
100546,Email Campaign,Manufacturing,Bengaluru,Small,101,5,3,9.4,1,55157.55,5,0,1,5,1
100547,Referral,Technology,Bengaluru,Medium,42,5,0,17.99,0,0.0,2,0,1,11,0
100548,Website,Healthcare,Kolkata,Medium,39,6,3,7.94,0,0.0,5,0,1,9,0
100549,Cold Call,Retail,Hyderabad,Large,107,7,3,5.59,0,0.0,3,0,0,4,0
100550,Email Campaign,Finance,Chennai,Large,48,6,4,15.8,1,331812.8,1,1,0,4,1
100551,Email Campaign,Manufacturing,Hyderabad,Large,26,4,1,15.64,0,0.0,1,0,0,13,0
100552,Website,Finance,Mumbai,Medium,102,8,1,9.54,0,0.0,5,0,0,8,1
100553,Website,Manufacturing,Hyderabad,Medium,58,4,4,7.08,0,0.0,9,1,0,14,0
100554,Partner,Technology,Pune,Large,11,9,1,7.4,1,172510.85,6,0,1,9,1
100555,Website,Technology,Delhi,Large,108,6,3,13.79,1,55248.93,8,1,1,10,1
100556,Website,Finance,Delhi,Medium,36,5,3,17.16,0,0.0,11,1,1,6,1
100557,Referral,Manufacturing,Mumbai,Large,38,4,2,65.56,0,0.0,1,0,0,1,0
100558,Email Campaign,Technology,Mumbai,Small,64,6,0,33.41,0,0.0,8,0,0,8,0
100559,Social Media,Manufacturing,Pune,Small,33,2,1,15.37,0,0.0,1,1,1,11,0
100560,Email Campaign,Technology,Delhi,Enterprise,100,5,1,7.6,1,463464.14,1,0,0,7,1
100561,Website,Healthcare,Chennai,Small,83,7,3,6.37,1,28725.87,7,0,1,13,1
100562,Website,Finance,Kolkata,Enterprise,68,6,4,22.71,1,236759.95,7,0,1,11,1
100563,Cold Call,Technology,Pune,Medium,25,7,3,88.06,0,0.0,0,0,1,8,0
100564,Social Media,Education,Pune,Enterprise,59,9,3,14.75,1,207758.26,7,1,0,9,1
100565,Social Media,Healthcare,Delhi,Medium,33,1,0,6.28,1,85288.33,3,0,0,4,1
100566,Social Media,Retail,Pune,Large,116,7,0,22.77,1,74653.09,0,0,0,14,1
100567,Cold Call,Retail,Mumbai,Large,96,5,2,53.92,0,0.0,3,0,0,1,0
100568,Website,Healthcare,Bengaluru,Medium,14,6,4,30.01,1,18134.75,5,0,1,1,0
100569,Referral,Retail,Delhi,Medium,64,6,3,14.7,0,0.0,5,0,0,12,0
100570,Email Campaign,Education,Delhi,Small,94,6,1,13.94,0,0.0,2,0,0,1,0
100571,Referral,Retail,Bengaluru,Small,63,6,5,9.49,0,0.0,7,0,0,8,0
100572,Cold Call,Healthcare,Bengaluru,Enterprise,16,8,4,29.97,1,93920.76,2,0,1,3,0
100573,Email Campaign,Retail,Hyderabad,Small,17,5,2,8.48,1,34792.78,0,1,1,11,1
100574,Cold Call,Retail,Mumbai,Large,88,1,1,28.97,0,0.0,6,0,0,2,0
100575,Cold Call,Healthcare,Bengaluru,,63,5,3,11.99,1,240162.77,4,0,0,4,1
100576,Email Campaign,Retail,Chennai,Medium,66,3,0,34.73,0,0.0,4,0,0,8,0
100577,Partner,Healthcare,Kolkata,Enterprise,33,9,2,14.67,0,0.0,2,0,1,6,0
100578,Social Media,Manufacturing,Pune,Small,32,4,0,19.55,0,0.0,4,0,0,4,0
100579,Cold Call,Education,Delhi,Medium,49,3,0,32.66,0,0.0,4,0,0,1,0
100580,Referral,Education,Hyderabad,Medium,66,9,5,54.74,0,0.0,3,0,1,1,0
100581,Email Campaign,Manufacturing,Hyderabad,Small,57,3,2,37.64,0,0.0,5,0,0,3,0
100582,Email Campaign,Retail,Delhi,Small,106,2,2,21.7,0,0.0,1,0,0,5,0
100583,Website,Manufacturing,Kolkata,Large,23,2,0,23.75,0,0.0,4,0,0,2,1
100584,Referral,Technology,Chennai,Small,57,5,1,8.26,0,0.0,1,0,0,8,1
100585,Partner,Healthcare,Mumbai,Large,29,4,2,11.87,1,93263.4,4,0,0,14,0
100586,Social Media,Finance,Bengaluru,Medium,1,3,1,43.81,1,113215.65,3,1,1,11,0
100587,Website,Technology,Pune,Small,50,4,3,22.2,0,0.0,5,0,0,5,0
100588,Referral,Education,Delhi,Small,7,4,0,11.1,1,31195.19,1,0,0,7,0
100589,Website,Manufacturing,Bengaluru,Small,45,4,2,26.2,0,0.0,2,0,1,12,0
100590,Website,Healthcare,Delhi,Large,76,4,3,15.46,1,117421.55,3,0,1,15,1
100591,Partner,Finance,Hyderabad,Medium,46,3,1,4.56,1,89567.04,1,0,0,9,0
100592,Email Campaign,Retail,Chennai,Small,82,7,1,12.07,0,0.0,3,0,0,3,0
100593,Referral,Healthcare,Mumbai,Medium,36,9,1,6.12,1,122108.08,1,0,1,14,1
100594,Social Media,Manufacturing,Pune,Medium,49,9,0,8.72,0,0.0,4,1,0,8,0
100595,Website,Education,Pune,,106,6,3,15.1,1,25182.08,4,0,0,1,0
100596,Referral,Finance,Kolkata,Small,30,2,2,32.83,1,29473.94,2,0,1,4,1
100597,Social Media,Finance,Hyderabad,Small,61,8,1,9.17,1,33302.67,2,0,1,8,1
100598,Social Media,Finance,Bengaluru,Medium,86,10,8,5.78,0,0.0,5,0,1,13,1
100599,Partner,Technology,Mumbai,Large,44,2,0,24.7,0,0.0,1,0,0,13,0
100600,Social Media,Finance,Bengaluru,,37,4,3,20.15,1,302779.59,5,0,1,3,1
100601,Email Campaign,Technology,Mumbai,Small,84,7,2,28.99,1,44303.57,6,0,1,11,0
100602,Cold Call,Technology,Bengaluru,Small,9,2,1,14.9,0,0.0,4,0,0,15,1
100603,Partner,Finance,Delhi,Large,32,4,3,168.0,0,0.0,1,0,0,12,0
100604,Cold Call,Technology,Mumbai,Small,50,5,1,14.3,1,26164.41,2,0,0,11,1
100605,Partner,Manufacturing,Pune,Medium,27,1,1,8.52,1,38961.3,1,0,0,12,1
100606,Cold Call,Technology,Pune,Medium,65,4,3,20.54,0,0.0,2,0,0,9,0
100607,Cold Call,Manufacturing,Delhi,Small,75,7,3,13.23,0,0.0,5,0,0,10,0
100608,Website,Technology,Mumbai,Medium,116,11,4,22.72,0,0.0,10,0,1,8,0
100609,Cold Call,Technology,Chennai,Small,73,3,1,10.89,1,68062.53,4,0,0,15,0
100610,Email Campaign,Technology,Delhi,Medium,72,5,3,45.33,0,0.0,3,0,0,6,0
100611,Email Campaign,Retail,Kolkata,Small,88,6,3,36.99,0,0.0,4,0,1,12,1
100612,Social Media,Finance,Hyderabad,Medium,25,3,0,15.67,0,0.0,2,0,0,1,0
100613,Partner,Healthcare,Pune,Medium,57,4,6,,0,0.0,2,0,0,7,1
100614,Partner,Technology,Hyderabad,Small,100,7,3,26.41,0,0.0,3,0,0,14,0
100615,Referral,Education,Kolkata,Medium,22,9,3,43.9,1,97393.93,8,1,0,4,1
100616,Cold Call,Technology,Chennai,Large,35,3,2,5.83,0,0.0,2,0,0,12,1
100617,Cold Call,Healthcare,Pune,Enterprise,27,3,0,24.15,1,585878.83,5,0,0,8,1
100618,Referral,Manufacturing,Delhi,Small,116,3,3,10.6,1,107262.78,7,0,0,3,0
100619,Website,Finance,Delhi,Small,43,5,0,16.01,0,0.0,4,0,0,2,0
100620,Website,Finance,Hyderabad,Medium,40,6,2,24.46,0,0.0,5,0,0,2,0
100621,Cold Call,Manufacturing,Hyderabad,Large,98,5,1,12.15,1,126321.56,4,0,0,7,1
100622,Email Campaign,Finance,Pune,Medium,110,7,4,20.47,0,0.0,2,0,0,5,0
100623,Partner,Technology,Pune,Medium,1,6,2,25.74,1,100963.32,5,0,1,14,0
100624,Email Campaign,Healthcare,Mumbai,Large,106,6,2,18.99,0,0.0,4,0,0,12,0
100625,Partner,Technology,Hyderabad,Small,85,3,3,15.84,0,0.0,3,0,0,3,0
100626,Referral,Education,Bengaluru,Medium,104,3,3,20.41,0,0.0,2,0,0,8,0
100627,Cold Call,Retail,Kolkata,Medium,11,5,1,,0,0.0,4,0,0,12,0
100628,Website,Retail,Mumbai,Medium,5,3,1,24.83,0,0.0,5,0,0,10,0
100629,Email Campaign,Technology,Mumbai,Large,41,8,0,12.21,0,0.0,4,0,0,1,1
100630,Cold Call,Retail,Delhi,Medium,102,3,1,19.63,1,60444.69,3,0,0,1,0
100631,Partner,Retail,Chennai,Medium,60,6,2,17.51,0,0.0,3,0,0,9,1
100632,Cold Call,Technology,Hyderabad,Medium,87,2,1,42.88,0,0.0,5,1,0,14,0
100633,,Education,Bengaluru,Small,30,4,1,13.78,0,0.0,7,0,0,1,0
100634,Referral,Retail,Chennai,Large,41,4,1,26.62,0,0.0,3,1,1,3,0
100635,Website,Manufacturing,Chennai,Large,106,10,2,15.52,1,39844.95,5,0,1,3,1
100636,Website,Finance,Mumbai,Enterprise,59,4,2,9.93,1,154159.48,3,0,1,5,1
100637,Social Media,Technology,Kolkata,Large,94,6,1,18.86,1,174697.8,4,0,0,14,1
100638,Social Media,Retail,Mumbai,Small,77,8,3,9.08,1,56963.94,4,0,1,15,1
100639,Cold Call,Manufacturing,Delhi,Medium,22,9,3,40.77,1,63676.29,7,1,1,5,1
100640,Cold Call,Finance,Pune,Medium,114,6,1,9.09,1,46374.36,2,0,1,11,0
100641,Cold Call,Technology,Mumbai,Small,114,11,2,22.3,0,0.0,6,0,0,1,0
100642,Cold Call,Manufacturing,Mumbai,Medium,94,5,4,21.59,1,39406.42,3,1,1,8,0
100643,Website,Technology,Hyderabad,Medium,57,7,2,16.53,0,0.0,1,0,0,10,1
100644,Website,Finance,Hyderabad,Small,52,3,0,5.5,1,54694.99,2,0,0,13,0
100645,Social Media,Retail,Kolkata,Large,36,2,0,5.83,1,127052.24,5,0,0,13,0
100646,Cold Call,Technology,Kolkata,Small,78,3,3,33.52,0,0.0,2,1,0,1,0
100647,Website,Technology,Chennai,Medium,38,5,3,44.99,0,0.0,6,0,0,7,0
100648,Email Campaign,Technology,Hyderabad,Large,23,4,6,9.54,0,0.0,5,0,0,2,1
100649,Social Media,Education,Chennai,Medium,8,2,2,4.58,1,53032.53,2,0,1,1,0
100650,Website,Finance,Hyderabad,Small,51,5,3,29.37,1,25691.38,4,1,0,3,1
100651,Referral,Retail,Pune,Medium,98,6,5,21.12,1,76852.48,1,1,1,14,0
100652,Partner,Education,Bengaluru,Large,-10,7,4,37.68,1,86857.71,4,0,0,4,1
100653,Social Media,Retail,Bengaluru,Large,102,5,2,20.22,1,227024.69,1,0,1,12,1
100654,Website,Healthcare,Delhi,Medium,73,9,5,25.88,0,0.0,8,0,0,11,1
100655,Cold Call,Healthcare,Chennai,Small,105,7,2,55.46,1,22925.95,2,1,1,14,0
100656,Referral,Finance,Bengaluru,Medium,94,6,3,11.53,0,0.0,3,0,0,8,1
100657,Cold Call,Retail,Mumbai,Small,97,6,2,30.73,1,41103.13,3,1,1,15,0
100658,Referral,Education,Bengaluru,Large,62,5,1,67.72,1,75757.7,1,0,1,7,0
100659,Social Media,Manufacturing,Chennai,Large,11,3,1,16.51,0,0.0,3,0,0,12,0
100660,Referral,Healthcare,Mumbai,Large,46,5,2,13.25,0,0.0,1,0,0,12,1
100661,Referral,Finance,Delhi,Enterprise,102,2,2,11.49,0,0.0,5,0,0,9,0
100662,Partner,Education,Bengaluru,Medium,90,8,6,8.03,0,0.0,4,0,0,5,1
100663,Website,Technology,Hyderabad,Enterprise,2,11,4,2.59,1,170933.07,6,0,0,3,0
100664,Website,Manufacturing,Delhi,Medium,12,6,3,50.84,0,0.0,5,0,0,2,0
100665,Referral,Finance,Hyderabad,Small,80,1,0,13.08,1,79842.72,2,0,1,8,1
100666,Social Media,Retail,Delhi,Large,118,8,1,17.41,1,230376.85,5,0,1,6,0
100667,Cold Call,Manufacturing,Bengaluru,Large,88,4,6,10.56,0,0.0,1,0,0,4,0
100668,Partner,Healthcare,Hyderabad,Enterprise,114,10,2,13.74,1,173075.16,5,0,1,12,1
100669,Referral,Technology,Kolkata,Small,8,3,0,47.23,1,56140.64,4,0,0,3,0
100670,Referral,Manufacturing,Kolkata,Medium,106,8,1,11.48,1,36206.72,3,0,0,8,1
100671,Website,Finance,Bengaluru,Large,16,8,6,70.23,0,0.0,5,0,0,7,0
100672,Email Campaign,Finance,Mumbai,Small,107,3,4,11.69,1,16230.92,2,1,0,15,1
100673,Partner,Healthcare,Bengaluru,Medium,117,5,4,24.73,1,38069.87,4,0,1,2,0
100674,Social Media,Healthcare,Kolkata,Medium,62,4,2,29.86,0,0.0,6,1,0,13,0
100675,Social Media,Retail,Pune,Small,64,4,2,29.46,0,0.0,2,0,0,11,0
100676,Referral,Technology,Mumbai,Small,60,6,1,28.74,1,8627.66,5,0,0,12,1
100677,Partner,Healthcare,Chennai,Large,67,9,2,92.25,1,174243.19,4,0,1,12,1
100678,Email Campaign,Education,Chennai,Small,99,7,4,28.2,0,0.0,5,0,0,12,0
100679,Website,Technology,Kolkata,Large,34,6,1,20.9,1,99850.33,3,0,0,7,0
100680,Referral,Healthcare,Delhi,Large,34,7,6,32.08,1,57665.33,6,1,1,9,1
100681,Website,Retail,Pune,Medium,117,4,0,11.0,0,0.0,4,0,0,6,0
100682,Website,Education,Mumbai,Medium,102,8,3,16.24,1,85544.98,9,0,1,14,1
100683,Website,Retail,Pune,Small,65,4,2,100.14,1,24120.92,4,0,0,4,0
100684,Email Campaign,Manufacturing,Pune,Large,25,4,0,13.14,0,0.0,1,0,0,9,0
100685,Social Media,Technology,Mumbai,Small,115,6,2,35.72,1,69232.73,8,0,1,4,0
100686,Referral,Finance,Kolkata,Small,106,2,1,13.13,1,15203.54,2,0,1,6,0
100687,Referral,Education,Delhi,Enterprise,40,7,1,7.45,0,0.0,0,0,0,15,1
100688,Partner,Education,Pune,Medium,65,4,1,15.42,1,68584.16,3,0,0,3,1
100689,Cold Call,Healthcare,Delhi,Small,51,4,3,46.68,0,0.0,4,1,0,14,0
100690,Email Campaign,Healthcare,Chennai,Enterprise,102,4,0,19.72,0,0.0,3,0,0,13,0
100691,Referral,Healthcare,Mumbai,Small,83,7,4,,0,0.0,6,0,0,6,1
100692,Partner,Technology,Hyderabad,Small,60,6,6,16.29,1,29957.76,2,0,0,6,0
100693,Website,Education,Pune,Medium,117,3,2,20.19,0,0.0,8,0,0,1,1
100694,Referral,Manufacturing,Bengaluru,Large,74,1,2,16.97,1,248808.1,3,0,0,12,1
100695,Partner,Healthcare,Mumbai,Large,59,5,2,9.08,0,0.0,4,0,0,10,0
100696,Email Campaign,Finance,Bengaluru,Large,112,9,3,19.48,0,0.0,4,0,0,15,0
100697,Cold Call,Finance,Delhi,Enterprise,54,10,4,43.16,1,271872.7,5,1,1,5,1
100698,Social Media,Technology,Pune,Small,51,3,0,18.26,1,50115.69,4,1,1,6,1
100699,Social Media,Retail,Pune,Medium,47,2,0,6.35,0,0.0,6,0,0,11,0
100700,Referral,Healthcare,Bengaluru,Small,27,4,0,23.36,0,0.0,2,0,0,6,0
100701,Website,Technology,Chennai,Enterprise,34,11,3,8.55,1,291137.35,5,0,0,5,1
100702,Referral,Retail,Pune,Enterprise,11,8,3,8.01,0,0.0,4,0,0,3,0
100703,Website,Education,Chennai,Medium,88,5,1,22.39,0,0.0,5,0,0,15,1
100704,Cold Call,Technology,Mumbai,Large,71,10,3,3.45,0,0.0,4,1,0,8,1
100705,Referral,Healthcare,Bengaluru,Medium,112,5,0,17.19,1,91622.18,4,1,0,12,1
100706,Email Campaign,Healthcare,Mumbai,Small,74,3,1,30.48,0,0.0,2,0,1,10,0
100707,Cold Call,Technology,Chennai,Medium,10,2,3,78.37,0,0.0,6,0,0,9,0
100708,Cold Call,Healthcare,Delhi,Enterprise,75,7,1,6.25,1,221023.03,5,0,0,5,1
100709,Email Campaign,Retail,Hyderabad,Medium,22,4,3,15.68,0,0.0,2,0,0,5,0
100710,Email Campaign,Technology,Bengaluru,Small,5,2,2,10.21,1,21315.25,1,0,0,8,1
100711,,Technology,Delhi,Enterprise,80,1,0,31.11,1,374581.21,5,1,0,3,0
100712,Social Media,Manufacturing,Hyderabad,Medium,4,5,4,8.65,0,0.0,5,1,0,9,1
100713,Cold Call,Finance,Mumbai,Medium,50,7,1,108.23,0,0.0,3,0,0,2,0
100714,Partner,Retail,Pune,Large,108,10,3,10.3,1,110227.03,4,1,0,5,1
100715,Cold Call,Retail,Kolkata,Medium,31,9,1,17.8,0,0.0,3,0,0,10,0
100716,Website,Manufacturing,Bengaluru,Medium,84,3,4,36.93,1,76900.53,8,0,0,1,1
100717,Email Campaign,Manufacturing,Pune,Small,46,7,2,34.82,0,0.0,2,0,0,1,0
100718,Website,Manufacturing,Pune,Large,14,6,1,17.91,0,0.0,2,0,0,4,0
100719,Social Media,Retail,Hyderabad,Medium,24,6,1,4.76,1,72457.31,2,0,1,12,0
100720,Partner,Healthcare,Pune,Large,9,13,2,12.26,1,191588.32,5,0,1,13,1
100721,Email Campaign,Finance,Bengaluru,Large,19,2,3,7.96,0,0.0,2,0,0,1,0
100722,Email Campaign,Finance,Kolkata,Small,20,3,6,19.11,0,0.0,3,0,0,5,1
100723,Website,Healthcare,Hyderabad,Large,106,4,2,29.52,1,359609.22,5,0,1,1,1
100724,Partner,Technology,Mumbai,Large,97,6,2,16.55,1,97492.46,7,0,1,1,1
100725,Website,Healthcare,Kolkata,Enterprise,43,7,1,9.92,0,0.0,7,0,1,15,1
100726,Website,Finance,Bengaluru,Small,87,10,1,8.46,1,60963.56,10,0,0,7,1
100727,Website,Technology,Chennai,Medium,25,6,1,99.02,1,67394.52,7,0,0,12,0
100728,Website,Finance,Delhi,Large,77,8,2,23.62,1,127016.07,8,1,1,11,1
100729,Email Campaign,Manufacturing,Delhi,Enterprise,25,10,1,7.96,1,231430.36,3,0,1,7,1
100730,Email Campaign,Retail,Pune,Enterprise,77,6,4,7.21,0,0.0,2,0,0,12,1
100731,Referral,Manufacturing,Bengaluru,Medium,43,6,2,29.1,1,88036.58,3,1,0,4,1
100732,Website,,Pune,Medium,104,7,3,4.79,0,0.0,3,1,1,7,1
100733,Website,Manufacturing,Hyderabad,Small,101,4,1,11.04,0,0.0,6,0,0,6,0
100734,Referral,Manufacturing,Pune,Large,41,6,4,31.56,0,0.0,3,0,0,9,0
100735,Website,Technology,Chennai,Large,5,8,4,41.5,0,0.0,7,0,0,4,1
100736,Social Media,Education,Bengaluru,Large,39,6,3,18.74,0,0.0,2,0,0,12,1
100737,Website,Technology,Bengaluru,Medium,34,3,3,14.59,0,0.0,7,0,0,13,1
100738,Referral,Retail,Mumbai,Enterprise,52,5,0,43.06,0,0.0,1,0,0,14,1
100739,Referral,Manufacturing,Mumbai,Small,69,5,1,6.49,0,0.0,1,0,0,14,0
100740,Referral,Finance,Bengaluru,Medium,119,6,1,10.29,0,0.0,4,0,1,10,1
100741,Website,Retail,Bengaluru,Medium,8,1,1,49.7,1,47023.35,7,0,0,12,0
100742,Website,Finance,Pune,Medium,67,5,5,14.87,1,153450.77,5,0,1,11,1
100743,Cold Call,Technology,Chennai,Large,21,5,4,19.61,0,0.0,3,0,0,15,0
100744,Website,Technology,Bengaluru,Medium,66,5,4,24.74,0,0.0,3,0,0,2,1
100745,Email Campaign,Technology,Chennai,Small,77,4,0,156.64,0,0.0,3,0,0,3,0
100746,Email Campaign,Technology,Bengaluru,Small,98,3,2,13.02,0,0.0,1,0,0,7,0
100747,Referral,Retail,Mumbai,Medium,68,1,0,32.95,0,0.0,2,0,0,10,0
100748,Email Campaign,Healthcare,Kolkata,Large,22,8,2,4.12,1,113502.63,2,0,0,14,0
100749,Cold Call,Healthcare,Delhi,Medium,110,6,0,27.94,0,0.0,2,0,0,2,0
100750,Cold Call,Retail,Bengaluru,Medium,49,5,2,49.7,0,0.0,1,0,0,3,0
100751,Referral,Technology,Bengaluru,Small,58,6,5,27.62,0,0.0,6,0,1,13,1
100752,Referral,Finance,Bengaluru,Large,77,8,2,29.58,1,210677.15,3,0,0,5,1
100753,Website,Manufacturing,Bengaluru,Medium,32,6,0,41.93,0,0.0,6,0,0,1,0
100754,Email Campaign,Education,Kolkata,Medium,119,4,3,10.13,0,0.0,1,0,0,11,0
100755,Social Media,Healthcare,Mumbai,Medium,6,3,2,25.16,1,165512.97,2,0,0,14,0
100756,Website,,Pune,Small,19,2,1,57.18,0,0.0,6,0,1,14,0
100757,,Manufacturing,Hyderabad,Small,119,4,2,9.47,1,64810.2,4,1,1,13,1
100758,Partner,Education,Chennai,Small,55,6,2,76.44,1,50209.41,6,0,0,1,1
100759,,Healthcare,Mumbai,Large,108,7,2,24.23,1,68508.28,3,0,1,3,1
100760,Email Campaign,Finance,Bengaluru,Small,109,3,2,19.12,0,0.0,3,0,0,14,1
100761,Social Media,Technology,Kolkata,Small,119,6,4,2.86,0,0.0,3,0,0,11,0
100762,Website,Retail,Chennai,Enterprise,88,11,5,9.09,1,106547.02,8,1,1,4,0
100763,Website,Education,Kolkata,Medium,82,6,4,19.0,0,0.0,5,0,0,6,0
100764,Website,Retail,Hyderabad,,74,4,3,33.52,1,216144.74,4,1,1,13,1
100765,Partner,Finance,Kolkata,Medium,82,6,0,9.76,1,51196.83,2,0,1,14,1
100766,Website,Retail,Chennai,Small,31,1,0,8.53,0,0.0,3,0,1,14,1
100767,Website,Manufacturing,Pune,Small,98,5,2,13.37,1,64241.62,8,0,1,7,0
100768,Website,Healthcare,Hyderabad,Large,23,3,0,65.63,0,0.0,4,1,0,12,1
100769,Website,Manufacturing,Hyderabad,Medium,58,2,0,49.08,1,205833.98,4,0,0,1,0
100770,Social Media,Finance,Mumbai,Large,45,3,0,12.06,0,0.0,2,0,0,14,1
100771,Website,Finance,Mumbai,Enterprise,92,6,2,21.37,0,0.0,9,1,0,4,0
100772,Email Campaign,Retail,Hyderabad,Small,31,5,0,2.96,1,13473.08,4,0,1,15,1
100773,Social Media,Healthcare,Hyderabad,Large,25,3,1,11.83,1,121081.83,1,0,1,1,1
100774,Cold Call,Education,Bengaluru,Small,98,0,1,7.08,0,0.0,2,0,0,14,0
100775,Website,Healthcare,Bengaluru,Medium,59,7,3,15.2,0,0.0,10,1,0,8,0
100776,Cold Call,Finance,Delhi,Large,87,5,3,43.47,1,186884.82,6,0,1,8,1
100777,Social Media,Finance,Chennai,Small,106,3,0,12.83,0,0.0,0,0,0,11,0
100778,Website,Healthcare,Chennai,Enterprise,101,10,3,8.38,0,0.0,8,1,0,7,1
100779,Cold Call,Finance,Mumbai,Medium,48,4,1,10.33,0,0.0,0,0,1,15,0
100780,Cold Call,Retail,Chennai,Medium,21,10,6,18.44,0,0.0,8,0,1,2,1
100781,Referral,Finance,Delhi,Small,116,2,2,14.64,1,76685.46,1,0,0,10,0
100782,Partner,Finance,Hyderabad,Medium,38,8,2,19.85,0,0.0,5,0,0,4,0
100783,Email Campaign,Retail,Hyderabad,Medium,93,2,1,33.57,0,0.0,3,0,1,1,0
100784,Social Media,Technology,Mumbai,Small,93,8,3,8.18,0,0.0,3,0,0,10,0
100785,Partner,Retail,Hyderabad,Medium,54,4,0,43.82,0,0.0,4,0,0,11,0
100786,Referral,Healthcare,Chennai,Small,20,7,3,12.57,1,28785.5,4,0,1,2,0
100787,Cold Call,Healthcare,Bengaluru,Enterprise,57,7,1,21.09,1,427827.23,5,0,0,11,1
100788,Referral,Retail,Kolkata,Medium,18,5,5,6.49,1,,4,0,1,15,1
100789,Cold Call,Manufacturing,Mumbai,Medium,43,4,0,7.87,0,0.0,5,0,0,11,0
100790,Social Media,Manufacturing,Kolkata,Large,46,3,3,46.44,1,152449.71,2,0,1,4,1
100791,Website,Finance,Bengaluru,Large,63,3,1,39.71,0,0.0,10,0,0,2,0
100792,Referral,Finance,Hyderabad,Large,23,1,0,53.56,0,0.0,3,0,0,2,0
100793,Referral,Retail,Kolkata,Enterprise,102,5,5,34.81,0,0.0,4,1,0,10,1
100794,Website,Retail,Bengaluru,Small,10,5,1,5.37,0,0.0,7,1,0,4,1
100795,Website,Retail,Mumbai,Medium,119,4,2,28.71,0,0.0,9,1,0,6,0
100796,Referral,Healthcare,Hyderabad,Large,38,6,1,26.8,1,72466.52,3,0,1,1,0
100797,Website,Manufacturing,Pune,Small,59,4,1,8.95,0,0.0,4,0,0,7,0
100798,Website,Technology,Kolkata,Large,106,6,1,13.18,0,0.0,3,0,0,3,0
100799,Cold Call,Healthcare,Chennai,Small,79,4,1,8.98,0,0.0,3,0,0,7,0
100800,Social Media,Technology,Delhi,Enterprise,7,7,2,24.43,1,258471.65,1,0,1,9,1
100801,Cold Call,Finance,Delhi,Large,73,5,2,27.87,1,126463.04,4,0,1,15,0
100802,Referral,Retail,Delhi,Medium,68,5,3,20.69,1,165075.47,2,0,0,5,1
100803,Partner,Healthcare,Kolkata,Medium,112,2,0,5.56,1,45110.97,0,0,0,5,1
100804,Social Media,Finance,Chennai,Enterprise,68,4,1,12.81,1,108073.6,3,0,0,13,0
100805,Website,Education,Hyderabad,Large,120,4,1,4.44,0,0.0,4,0,0,15,0
100806,Website,Manufacturing,Delhi,Large,64,6,1,93.54,0,0.0,7,1,0,7,0
100807,Social Media,Healthcare,Hyderabad,Large,24,2,1,40.56,1,75107.97,1,0,1,6,0
100808,Website,Education,Hyderabad,Small,61,1,3,30.05,0,0.0,6,0,0,11,0
100809,Email Campaign,Healthcare,Delhi,Small,111,7,3,5.35,0,0.0,4,0,0,12,0
100810,Partner,Manufacturing,Pune,Small,3,4,1,31.86,0,0.0,8,0,0,11,1
100811,Website,Technology,Pune,Large,48,7,3,19.75,1,145516.09,7,1,1,10,0
100812,Website,Finance,Chennai,Medium,6,9,1,19.02,0,0.0,6,0,1,3,1
100813,Partner,Finance,Mumbai,Medium,102,2,0,28.67,1,14918.09,3,1,1,4,1
100814,Social Media,Technology,Mumbai,Enterprise,62,8,2,4.9,0,0.0,5,0,1,1,0
100815,Website,Healthcare,Pune,Small,86,4,1,21.6,0,0.0,5,0,0,6,0
100816,Partner,Technology,Bengaluru,Large,117,3,1,11.65,0,0.0,4,0,0,13,1
100817,Partner,Retail,Pune,Medium,100,6,4,13.31,0,0.0,3,0,0,4,1
100818,Email Campaign,Technology,Delhi,Medium,49,3,2,8.39,0,0.0,2,0,1,11,0
100819,Social Media,Technology,Delhi,Small,113,5,2,13.44,1,45580.13,2,0,0,7,0
100820,Referral,Education,Delhi,Large,57,2,1,17.18,1,140489.06,2,1,0,3,0
100821,Website,Retail,Chennai,Large,118,5,1,29.13,1,76862.83,3,0,0,4,0
100822,Social Media,Education,Delhi,Medium,118,4,3,12.55,1,55396.4,4,0,0,11,1
100823,Referral,Healthcare,Kolkata,Medium,27,4,0,1.99,1,82533.82,3,0,0,12,1
100824,Social Media,Technology,Chennai,Medium,94,6,1,13.55,1,72379.91,2,0,1,5,0
100825,Cold Call,Retail,Chennai,Medium,84,1,2,13.05,0,0.0,4,1,0,14,1
100826,Website,Healthcare,Pune,Medium,93,6,4,22.6,1,52261.64,3,0,1,1,1
100827,Social Media,Technology,Pune,Medium,21,3,0,60.24,1,17525.53,3,0,0,9,0
100828,Website,Manufacturing,Pune,Large,61,7,2,10.92,0,0.0,4,0,0,4,1
100829,Cold Call,Retail,Kolkata,Large,19,7,2,5.09,1,101735.85,0,0,0,14,1
100830,Referral,Manufacturing,Delhi,Small,108,4,3,28.47,0,0.0,2,1,0,12,1
100831,Social Media,Healthcare,Pune,Large,105,6,1,26.16,1,137021.6,5,0,1,1,0
100832,Email Campaign,Retail,Pune,Medium,70,7,4,37.4,1,149548.07,2,0,0,6,0
100833,Referral,Finance,Mumbai,Enterprise,16,3,3,3.1,0,0.0,3,0,0,12,0
100834,Social Media,Education,Pune,Medium,79,2,0,10.87,1,33298.89,5,0,0,9,0
100835,Cold Call,Finance,Pune,Small,53,2,0,26.22,0,0.0,1,0,0,8,0
100836,Email Campaign,Technology,Kolkata,Large,95,4,2,13.86,0,0.0,2,0,0,3,0
100837,Cold Call,Technology,Pune,Small,12,3,1,44.5,0,0.0,1,0,0,9,0
100838,Partner,Retail,Delhi,Large,49,6,4,10.78,1,38173.27,6,1,1,2,1
100839,Referral,Education,Delhi,Enterprise,44,6,2,75.14,0,0.0,3,0,0,5,1
100840,Email Campaign,Education,Bengaluru,Large,115,6,3,15.79,0,0.0,5,0,1,4,0
100841,Website,Retail,Pune,Medium,36,1,2,22.09,0,0.0,9,0,0,10,0
100842,Cold Call,Education,Hyderabad,Medium,119,6,2,9.48,1,39812.23,4,0,1,8,0
100843,Email Campaign,Retail,Hyderabad,Medium,111,1,1,14.37,0,0.0,2,0,1,7,0
100844,Referral,Finance,Hyderabad,Small,71,6,6,50.07,0,0.0,2,0,0,13,1
100845,Website,Retail,Pune,Enterprise,21,6,0,12.01,0,0.0,1,0,0,6,1
100846,Partner,Technology,Mumbai,Medium,27,9,7,,1,49692.05,3,0,1,12,1
100847,Referral,Technology,Kolkata,Medium,3,2,0,36.64,0,0.0,2,0,0,14,0
100848,Social Media,Healthcare,Kolkata,Small,93,3,3,12.05,0,0.0,2,0,0,3,0
100849,Website,Technology,Pune,Enterprise,88,7,4,27.85,1,377332.42,8,1,0,12,1
100850,Partner,Education,Bengaluru,Enterprise,39,6,1,18.4,1,185775.78,5,0,1,2,1
100851,Website,Education,Chennai,Medium,88,2,0,5.41,1,100364.35,2,1,1,10,0
100852,Website,Finance,Kolkata,Small,70,3,1,40.07,0,0.0,3,0,1,4,0
100853,Cold Call,Retail,Pune,Large,98,2,0,120.27,0,0.0,1,0,0,4,0
100854,Partner,Finance,Delhi,Medium,11,4,1,34.76,1,39994.32,7,0,1,13,1
100855,Website,Technology,Bengaluru,Enterprise,24,11,3,27.82,1,127117.63,6,1,1,3,1
100856,Email Campaign,Finance,Pune,Enterprise,97,5,1,12.1,0,0.0,4,1,0,8,1
100857,Cold Call,Technology,Hyderabad,Large,45,3,0,18.56,0,0.0,1,0,0,12,0
100858,Cold Call,Finance,Pune,Small,116,7,1,26.82,1,32207.64,4,0,0,13,0
100859,Referral,Technology,Delhi,Large,106,5,3,8.85,0,0.0,3,0,0,4,0
100860,Email Campaign,Technology,Mumbai,Enterprise,12,7,2,3.78,0,0.0,3,0,0,6,1
100861,Cold Call,Technology,Kolkata,Medium,49,3,1,5.66,0,0.0,1,0,0,9,0
100862,Cold Call,Education,Bengaluru,Large,88,6,5,10.22,1,96423.02,2,0,1,9,0
100863,Cold Call,Technology,Kolkata,Medium,17,9,5,17.01,1,15655.44,6,1,1,3,1
100864,Email Campaign,Finance,Chennai,,104,13,4,12.35,1,272549.9,4,0,0,9,1
100865,Website,Healthcare,Kolkata,Large,12,6,2,22.47,1,164658.86,5,0,1,1,0
100866,Partner,Finance,Kolkata,Small,14,2,2,8.18,0,0.0,3,0,0,10,0
100867,Cold Call,Healthcare,Kolkata,Medium,66,5,6,17.18,1,234054.36,2,0,1,12,1
100868,Cold Call,Technology,Pune,Small,30,7,6,13.93,0,0.0,0,0,1,8,1
100869,Website,Retail,Pune,Medium,77,6,2,14.07,1,73866.06,5,0,1,4,1
100870,Website,Retail,Chennai,Enterprise,48,3,2,20.75,0,0.0,0,0,0,4,1
100871,Cold Call,Retail,Kolkata,Small,33,7,2,10.26,1,31508.64,7,0,1,11,1
100872,Website,Retail,Mumbai,Enterprise,101,7,3,50.44,0,0.0,9,0,0,7,0
100873,Partner,Healthcare,Pune,Small,20,1,3,9.93,0,0.0,4,0,0,14,0
100874,Referral,Finance,Kolkata,Large,60,5,8,12.41,0,0.0,7,0,0,15,1
100875,Social Media,Technology,Chennai,Enterprise,21,5,4,54.97,1,99964.38,2,1,0,7,1
100876,Partner,Healthcare,Kolkata,Large,17,5,4,12.24,0,0.0,2,1,0,5,1
100877,Referral,Technology,Chennai,Large,25,6,3,28.62,0,0.0,1,0,0,13,0
100878,,Finance,Mumbai,Enterprise,31,8,1,11.19,0,0.0,3,0,0,11,1
100879,Social Media,Retail,Pune,Medium,50,6,0,95.86,1,79077.17,6,1,0,3,0
100880,Social Media,Technology,Hyderabad,Large,57,5,1,,1,39054.81,4,0,1,15,1
100881,Referral,Technology,Chennai,Small,17,5,2,,1,39089.53,2,0,1,4,1
100882,Social Media,Retail,Chennai,Medium,5,5,1,37.88,0,0.0,3,1,0,9,0
100883,Partner,Finance,Hyderabad,Small,12,4,3,104.72,0,0.0,7,0,0,3,0
100884,Email Campaign,Manufacturing,Delhi,Large,76,5,2,26.69,0,0.0,5,1,1,8,1
100885,Website,Education,Mumbai,Large,117,5,0,13.25,1,77495.99,3,1,0,10,1
100886,Referral,Education,Mumbai,Medium,4,1,2,8.74,0,0.0,1,0,0,2,1
100887,Referral,Healthcare,Chennai,Enterprise,5,3,1,25.54,0,0.0,0,0,0,4,0
100888,Website,Finance,Bengaluru,Small,94,2,1,51.64,0,0.0,1,0,0,12,0
100889,Website,Retail,Kolkata,Enterprise,87,7,5,22.0,0,0.0,11,0,0,15,0
100890,Social Media,Retail,Mumbai,Small,89,6,5,11.29,1,24492.84,4,0,1,14,0
100891,Referral,Retail,Chennai,Medium,21,5,4,11.43,1,87580.37,3,0,1,12,1
100892,Partner,Finance,Bengaluru,Medium,104,7,4,16.91,1,92174.97,1,0,0,15,0
100893,Website,Technology,Hyderabad,Medium,75,9,2,11.0,0,0.0,6,0,0,3,0
100894,Website,Technology,Delhi,Large,19,2,1,25.77,0,0.0,7,1,1,4,1
100895,Cold Call,Technology,Mumbai,Large,14,2,4,40.02,1,63469.77,3,0,0,7,0
100896,Partner,Technology,Delhi,Large,73,5,5,19.7,1,77740.91,3,0,1,14,1
100897,Referral,Education,Mumbai,Small,94,10,5,17.02,1,24726.73,5,0,0,12,1
100898,Website,Technology,Chennai,Small,94,5,2,9.2,1,59308.04,8,1,1,6,1
100899,Website,Retail,Pune,Small,71,8,1,32.82,1,32077.97,4,0,0,1,0
100900,Email Campaign,Education,Mumbai,Medium,62,3,3,8.69,0,0.0,5,0,0,10,1
100901,Email Campaign,Finance,Mumbai,Small,84,2,3,35.23,1,32342.06,4,0,0,5,1
100902,Referral,Healthcare,Bengaluru,Medium,16,4,4,36.73,1,146877.11,2,0,1,4,1
100903,Website,Retail,Mumbai,Large,44,5,1,7.94,0,0.0,9,0,0,4,0
100904,Email Campaign,Finance,Chennai,,12,11,6,11.46,1,190473.26,3,0,1,4,1
100905,Partner,Healthcare,Mumbai,Large,101,9,4,17.9,1,145975.53,1,0,1,5,1
100906,Social Media,Manufacturing,Delhi,Small,73,4,1,10.67,1,80874.59,3,1,1,10,1
100907,Email Campaign,Manufacturing,Hyderabad,Medium,94,9,2,14.89,1,69736.65,3,0,1,3,1
100908,Website,Manufacturing,Delhi,Small,60,2,1,30.8,0,0.0,1,0,0,8,1
100909,Referral,Education,Delhi,Medium,112,5,5,22.6,1,103771.1,2,0,0,14,1
100910,Referral,Finance,Mumbai,Medium,112,3,0,22.48,1,64597.17,1,0,0,15,1
100911,Cold Call,Manufacturing,Pune,Enterprise,74,6,5,23.67,1,75026.04,4,0,1,13,0
100912,Cold Call,Retail,Pune,Medium,101,8,2,73.53,1,54068.0,2,0,1,4,0
100913,Partner,Retail,Bengaluru,Small,80,6,1,18.7,0,0.0,2,0,0,3,0
100914,Partner,Manufacturing,Bengaluru,Medium,87,8,0,22.75,1,76215.64,2,0,1,14,0
100915,Partner,Manufacturing,Pune,Enterprise,30,8,1,3.76,0,0.0,3,0,1,7,1
100916,Partner,,Hyderabad,Small,118,2,5,7.12,0,0.0,1,0,0,7,0
100917,Website,Finance,Hyderabad,Large,23,6,4,29.7,0,0.0,6,0,0,7,1
100918,Website,Retail,Chennai,Small,84,6,0,22.73,0,0.0,13,0,0,3,0
100919,Referral,Finance,Delhi,Small,73,7,4,15.81,0,0.0,5,0,0,11,0
100920,Email Campaign,Retail,Kolkata,Large,12,4,2,18.97,0,0.0,4,0,0,4,1
100921,Website,Manufacturing,Kolkata,Small,93,1,2,4.87,1,41250.27,6,0,1,4,1
100922,Cold Call,Manufacturing,Chennai,Large,10,3,0,7.79,0,0.0,2,0,0,12,0
100923,Social Media,Healthcare,Chennai,Small,62,7,1,15.49,1,11672.8,6,0,1,11,1
100924,Email Campaign,Healthcare,Hyderabad,Medium,98,7,3,36.88,0,0.0,4,0,0,13,0
100925,Website,Finance,Pune,Medium,16,5,1,18.72,1,36722.84,5,1,1,11,1
100926,Referral,Technology,Kolkata,Large,44,5,1,21.17,0,0.0,1,0,0,1,0
100927,Website,Finance,Pune,Large,61,7,3,17.7,0,0.0,2,0,0,7,0
100928,Cold Call,Education,Kolkata,Large,111,12,4,11.26,1,46669.24,6,0,1,7,1
100929,Social Media,Finance,Delhi,Medium,46,3,1,57.17,1,59811.36,4,0,1,5,0
100930,Cold Call,Education,Chennai,Small,15,5,3,15.02,0,0.0,5,0,0,8,0
100931,Referral,Finance,Delhi,Medium,16,5,5,56.92,0,0.0,3,1,0,8,1
100932,Referral,Retail,Chennai,Medium,24,4,0,13.29,0,0.0,3,0,0,10,0
100933,Referral,Retail,Hyderabad,Small,104,5,0,12.85,1,9045.16,5,0,1,15,1
100934,Cold Call,Retail,Hyderabad,Enterprise,93,3,0,15.35,0,0.0,5,1,0,10,0
100935,Cold Call,Retail,Bengaluru,Medium,51,3,2,17.07,1,96851.94,3,1,0,14,1
100936,Website,Retail,Kolkata,Small,102,4,1,5.5,1,33185.48,8,0,0,13,1
100937,Partner,Education,Bengaluru,Enterprise,111,7,6,15.6,0,0.0,5,0,0,12,1
100938,Website,Retail,Bengaluru,Medium,105,2,2,13.07,0,0.0,4,0,1,5,1
100939,Partner,Technology,Chennai,Large,1,6,3,16.42,1,114275.0,0,0,0,9,1
100940,Website,Finance,Bengaluru,Small,12,2,1,17.51,0,0.0,5,0,0,2,0
100941,Referral,Retail,Bengaluru,Medium,88,5,1,4.29,0,0.0,4,1,0,14,0
100942,Cold Call,Healthcare,Chennai,Medium,46,6,3,16.91,1,92497.29,7,0,1,3,1
100943,Website,Healthcare,Mumbai,Small,20,3,1,39.84,0,0.0,5,0,0,4,0
100944,Referral,Retail,Bengaluru,Large,78,5,2,12.0,1,162177.02,5,0,0,15,1
100945,Email Campaign,Finance,Delhi,Small,43,3,1,15.51,0,0.0,1,0,0,2,0
100946,Website,Manufacturing,Bengaluru,Small,111,3,1,3.96,0,0.0,3,0,1,9,0
100947,Social Media,Retail,Chennai,Small,70,1,1,12.96,1,5790.41,3,0,1,9,1
100948,Cold Call,Retail,Kolkata,Small,29,4,1,26.2,1,23926.29,1,0,0,4,0
100949,Cold Call,Retail,Delhi,Small,113,5,0,46.8,0,0.0,8,1,0,6,0
100950,Referral,Education,Delhi,Large,73,3,0,1.73,1,152395.5,4,0,0,12,1
100951,Email Campaign,Retail,Hyderabad,Medium,36,5,5,39.59,0,0.0,1,0,0,11,0
100952,Website,Education,Delhi,Small,18,3,0,26.33,0,0.0,5,1,1,9,0
100953,Website,Technology,Hyderabad,Medium,67,5,1,15.52,1,51058.88,3,0,1,9,1
100954,Website,Retail,Delhi,,90,3,2,11.39,1,40681.04,5,0,1,6,1
100955,Partner,Retail,Bengaluru,Medium,101,7,1,31.51,1,60245.86,5,0,1,10,1
100956,Partner,Healthcare,Mumbai,Large,16,7,0,26.09,1,223995.72,3,0,1,1,0
100957,Cold Call,Finance,Chennai,Large,52,7,1,7.97,1,385122.23,6,0,1,2,1
100958,Email Campaign,Healthcare,Pune,Large,120,5,0,28.21,1,100247.88,3,0,0,12,1
100959,Email Campaign,Finance,Hyderabad,Small,80,3,0,28.09,1,53772.3,2,0,1,3,0
100960,Email Campaign,Education,Mumbai,Small,12,6,0,43.24,0,0.0,3,0,0,11,1
100961,Email Campaign,Finance,Mumbai,Large,111,5,3,31.29,0,0.0,4,0,0,1,1
100962,Email Campaign,Technology,Pune,Medium,83,2,2,69.61,1,106182.98,4,0,0,4,0
100963,Website,Retail,Pune,Medium,56,4,0,39.44,0,0.0,6,0,0,15,0
100964,Website,Finance,Delhi,Enterprise,94,8,3,15.73,1,418716.88,5,0,1,4,1
100965,Partner,Technology,Chennai,Medium,78,6,1,36.64,0,0.0,1,0,0,15,1
100966,Email Campaign,Retail,Kolkata,Large,31,7,4,10.73,1,107523.41,2,0,1,5,1
100967,Partner,Healthcare,Chennai,Medium,96,3,0,5.48,0,0.0,0,0,0,10,0
100968,Website,Technology,Chennai,Small,31,9,4,11.58,1,44732.33,5,1,1,11,1
100969,Email Campaign,Retail,Chennai,Small,28,5,2,47.98,0,0.0,5,1,0,10,1
100970,Website,Retail,Delhi,Medium,72,6,4,27.11,0,0.0,6,0,0,5,0
100971,Referral,Manufacturing,Pune,Small,3,2,0,17.54,1,47378.07,4,0,0,12,1
100972,Website,Finance,Delhi,Large,76,8,4,37.87,1,131148.26,3,0,1,5,0
100973,Website,Finance,Chennai,Large,67,2,2,7.28,0,0.0,9,1,0,13,1
100974,Partner,Education,Bengaluru,Medium,87,4,3,15.16,1,32186.44,2,0,1,6,1
100975,Referral,Retail,Delhi,Medium,20,6,4,17.03,0,0.0,5,0,0,13,0
100976,Social Media,Technology,Mumbai,Medium,70,6,2,16.01,1,50341.7,3,1,1,15,1
100977,Email Campaign,Manufacturing,Pune,Medium,53,4,0,15.44,0,0.0,5,0,0,12,0
100978,Referral,Technology,Pune,Large,21,5,1,5.83,0,0.0,2,0,0,7,0
100979,Email Campaign,Manufacturing,Chennai,Small,55,8,2,11.11,1,49595.35,4,0,0,7,0
100980,Website,Retail,Bengaluru,Enterprise,111,4,3,16.34,1,293451.78,4,0,0,6,1
100981,Partner,,Mumbai,Small,99,1,1,8.64,1,67772.95,1,0,0,6,0
100982,Cold Call,Education,Kolkata,Small,20,2,1,8.12,1,30059.98,0,0,1,8,0
100983,Cold Call,Finance,Pune,Large,102,3,0,23.78,0,0.0,2,0,0,8,0
100984,Email Campaign,Manufacturing,Bengaluru,Small,68,3,2,5.3,0,0.0,1,0,0,11,0
100985,Website,Finance,Delhi,Small,6,4,2,5.52,1,71400.18,3,1,1,14,1
100986,Partner,Retail,Mumbai,Small,111,7,3,8.79,0,0.0,1,0,0,14,0
100987,Referral,Retail,Pune,Large,64,7,1,47.15,1,34285.35,6,0,1,10,0
100988,Website,Technology,Chennai,Medium,110,7,0,31.61,1,30219.31,5,0,1,15,1
100989,Referral,Technology,Chennai,Small,12,4,2,4.32,0,0.0,7,0,0,14,1
100990,Cold Call,Technology,Delhi,Medium,21,6,1,12.76,1,41062.49,5,0,1,8,0
100991,Social Media,,Kolkata,Small,109,10,3,34.27,1,21310.42,7,1,1,7,1
100992,Cold Call,Finance,Pune,Enterprise,29,7,1,54.96,0,0.0,2,0,0,7,0
100993,Cold Call,Education,Kolkata,Small,66,7,4,12.9,1,89903.72,2,0,0,1,1
100994,Website,Healthcare,Mumbai,Medium,73,2,0,26.63,1,36914.6,2,0,0,5,0
100995,Partner,Manufacturing,Hyderabad,Medium,114,5,0,10.38,1,175268.21,3,0,1,6,1
100996,Email Campaign,Manufacturing,Hyderabad,Medium,41,4,1,30.27,0,0.0,0,0,0,12,0
100997,Social Media,Manufacturing,Pune,Enterprise,91,5,5,15.79,1,223957.73,1,0,0,4,1
100998,Website,Finance,Bengaluru,Medium,88,7,4,14.4,0,0.0,3,0,0,10,0
100999,Partner,Manufacturing,Delhi,Large,85,6,2,7.36,1,183574.64,4,0,1,5,1
101000,Referral,Manufacturing,Bengaluru,Medium,63,8,6,35.07,0,0.0,2,0,0,6,0
101001,Website,Manufacturing,Pune,Large,9,5,3,30.05,1,43669.76,5,1,0,2,1
101002,Email Campaign,Education,Chennai,Medium,32,3,2,21.34,0,0.0,4,1,0,8,0
101003,Website,Retail,Hyderabad,Small,68,4,0,16.72,0,0.0,8,1,1,2,0
101004,Website,Healthcare,Kolkata,Small,50,3,1,14.74,0,0.0,5,0,0,4,0
101005,Social Media,Education,Bengaluru,Small,23,6,0,26.64,1,19622.26,5,0,1,8,0
101006,Referral,Healthcare,Bengaluru,Enterprise,83,7,2,10.37,0,0.0,1,0,1,11,1
101007,Partner,Manufacturing,Hyderabad,Large,56,3,1,33.52,0,0.0,1,0,0,7,0
101008,Referral,Technology,Pune,Small,95,4,2,49.1,0,0.0,4,1,1,4,1
101009,Cold Call,Technology,Kolkata,Medium,66,4,0,10.45,0,0.0,5,0,0,14,0
101010,Email Campaign,Healthcare,Delhi,Large,45,5,3,19.84,1,68993.93,6,0,1,6,0
101011,Social Media,Technology,Hyderabad,Medium,14,2,1,5.52,1,113076.84,7,0,0,5,0
101012,Social Media,Education,Kolkata,Medium,13,12,4,19.78,1,75017.83,7,0,1,2,1
101013,Email Campaign,Technology,Delhi,Large,61,8,4,,0,0.0,6,1,0,6,1
101014,Partner,Retail,Delhi,Small,43,6,1,26.02,1,30309.05,4,0,0,4,0
101015,Referral,Finance,Pune,Medium,87,6,1,31.99,0,0.0,2,0,0,6,1
101016,Website,Education,Mumbai,Small,76,11,6,28.12,0,0.0,6,0,1,3,1
101017,Social Media,Finance,Hyderabad,Small,35,5,5,47.41,1,113548.71,3,0,0,3,1
101018,Cold Call,Technology,Chennai,Large,92,3,0,15.63,1,114455.12,2,0,0,12,0
101019,Website,Technology,Bengaluru,Large,68,7,8,8.78,0,0.0,4,0,0,8,0
101020,Email Campaign,,Delhi,Enterprise,106,5,0,36.99,1,69796.01,5,0,1,11,0
101021,Partner,Education,Pune,Small,115,2,1,7.74,0,0.0,2,1,0,9,0
101022,Cold Call,Education,Kolkata,Large,116,4,4,9.17,0,0.0,6,0,0,9,0
101023,Partner,Finance,Pune,Enterprise,16,8,2,17.59,0,0.0,2,0,1,7,1
101024,Email Campaign,Healthcare,Bengaluru,Medium,64,3,0,8.71,1,70682.92,3,0,0,6,0
101025,Social Media,Technology,Mumbai,Enterprise,4,3,1,16.85,0,0.0,0,0,0,4,0
101026,Referral,Healthcare,Bengaluru,Enterprise,106,7,2,4.72,1,86191.69,2,0,1,14,1
101027,Partner,Retail,Bengaluru,Large,85,3,1,12.7,0,0.0,5,1,0,7,0
101028,Referral,Finance,Delhi,Enterprise,32,9,3,5.0,1,50263.06,2,0,1,14,1
101029,Cold Call,Retail,Mumbai,Medium,73,4,7,22.13,1,50778.49,7,0,1,12,1
101030,Referral,Education,Mumbai,Medium,68,3,3,18.47,1,46471.68,2,0,1,10,0
101031,Email Campaign,Technology,Mumbai,,66,4,5,6.5,0,0.0,2,0,0,13,0
101032,Social Media,Technology,Chennai,Large,65,3,0,6.6,0,0.0,0,0,0,10,0
101033,Email Campaign,Technology,Pune,Small,119,6,1,9.92,0,0.0,4,0,0,13,0
101034,Partner,Technology,Mumbai,Medium,93,8,3,12.22,1,113061.02,2,0,0,12,1
101035,Referral,Technology,Bengaluru,Small,49,2,2,28.22,1,169940.34,1,0,0,10,0
101036,Social Media,Retail,Hyderabad,Large,93,3,1,5.91,0,0.0,5,0,0,11,0
101037,Referral,Technology,Mumbai,Small,17,5,1,28.66,0,0.0,3,0,0,13,0
101038,Referral,Manufacturing,Kolkata,Medium,35,3,0,15.1,1,39773.57,4,1,0,4,0
101039,Email Campaign,Education,Bengaluru,Medium,15,3,3,9.85,0,0.0,3,0,0,14,0
101040,Website,Education,Bengaluru,Small,107,1,0,7.38,1,61780.59,5,0,0,8,0
101041,Website,Retail,Pune,Enterprise,3,6,1,18.0,0,0.0,6,0,1,2,0
101042,Social Media,Technology,Hyderabad,Medium,107,5,1,9.11,1,45771.8,3,0,0,3,0
101043,Social Media,Technology,Pune,Small,100,5,4,15.78,1,105857.35,3,0,1,12,1
101044,Social Media,Technology,Mumbai,Small,114,2,2,31.45,1,42678.25,2,0,0,13,0
101045,Website,Education,Mumbai,Large,92,5,2,73.0,0,0.0,4,0,0,10,0
101046,Referral,Education,Pune,Medium,55,4,5,15.7,0,0.0,4,1,0,10,0
101047,Website,Finance,Delhi,Medium,98,3,2,17.27,0,0.0,2,0,0,13,0
101048,Cold Call,Finance,Bengaluru,Medium,119,2,1,15.88,1,184602.63,4,0,0,15,0
101049,Cold Call,Healthcare,Bengaluru,Enterprise,108,6,6,50.03,0,0.0,3,1,0,13,1
101050,Website,Finance,Delhi,Large,95,7,1,22.1,0,0.0,7,0,1,3,1
101051,Social Media,Education,Kolkata,Large,93,5,0,7.94,1,80709.64,2,0,0,13,1
101052,Website,Technology,Bengaluru,Medium,79,6,0,15.51,1,46150.1,5,1,1,8,1
101053,Referral,Finance,Kolkata,Enterprise,108,7,3,6.28,1,243517.97,3,0,0,12,1
101054,Website,Healthcare,Delhi,Large,52,2,2,52.11,0,0.0,3,0,0,11,0
101055,Referral,Technology,Mumbai,Medium,61,2,0,21.99,0,0.0,2,0,1,11,1
101056,Social Media,Finance,Kolkata,Enterprise,102,8,1,28.57,1,151707.25,4,1,1,14,1
101057,Partner,Manufacturing,Chennai,Large,32,5,1,13.22,0,0.0,3,0,1,3,0
101058,Website,Technology,Delhi,Large,92,7,4,20.67,0,0.0,8,0,0,13,1
101059,Email Campaign,Retail,Chennai,Large,14,4,2,17.83,1,171795.37,4,0,0,6,0
101060,Social Media,Finance,Bengaluru,Medium,71,5,2,5.85,0,0.0,2,0,0,4,1
101061,Partner,Technology,Pune,Medium,5,3,6,6.92,1,41667.29,3,1,1,11,1
101062,Social Media,Technology,Bengaluru,Small,120,3,1,16.9,1,21622.64,1,1,0,15,0
101063,Referral,Finance,Mumbai,Medium,102,2,2,121.99,0,0.0,3,0,0,2,0
101064,Social Media,Technology,Mumbai,Medium,30,5,2,25.53,0,0.0,4,0,0,15,1
101065,Referral,Finance,Bengaluru,Medium,19,2,1,30.68,0,0.0,2,0,0,6,0
101066,Partner,Manufacturing,Hyderabad,Enterprise,78,8,7,39.07,0,0.0,2,0,0,15,1
101067,Referral,Retail,Kolkata,Small,109,5,0,15.62,0,0.0,6,0,0,1,1
101068,Social Media,Education,Mumbai,Large,39,6,4,25.01,1,71992.4,4,0,0,10,1
101069,Website,Healthcare,Delhi,Small,116,3,2,7.71,1,40087.49,11,1,1,9,0
101070,Referral,Retail,Hyderabad,Small,55,0,1,14.73,0,0.0,3,0,0,13,0
101071,Cold Call,Retail,Mumbai,Small,54,10,2,11.14,0,0.0,5,0,0,8,0
101072,Social Media,Technology,Pune,Medium,41,4,4,42.7,1,,2,0,1,2,1
101073,Email Campaign,Finance,Bengaluru,Medium,33,2,3,5.27,1,31715.67,1,0,1,3,0
101074,Partner,Healthcare,Hyderabad,Medium,41,9,3,10.56,0,0.0,7,0,0,4,1
101075,Cold Call,Manufacturing,Kolkata,Large,21,5,4,39.75,1,68278.54,5,0,1,14,0
101076,Referral,Healthcare,Mumbai,Medium,46,8,0,45.32,1,33878.58,3,0,0,2,1
101077,Email Campaign,Technology,Bengaluru,Small,35,1,1,15.71,0,0.0,2,0,0,13,0
101078,Email Campaign,Education,Chennai,Medium,7,4,1,25.84,1,52614.65,3,0,0,8,0
101079,Social Media,Technology,Hyderabad,Small,44,2,2,21.48,0,0.0,6,1,0,9,0
101080,Referral,Education,Delhi,Small,5,1,4,70.36,0,0.0,3,0,0,15,0
101081,Website,Manufacturing,Bengaluru,Small,22,3,1,18.36,1,35229.36,7,0,0,12,1
101082,Partner,Manufacturing,Hyderabad,Large,87,7,4,22.73,0,0.0,4,0,0,10,0
101083,Partner,Manufacturing,Bengaluru,Large,4,6,5,10.36,1,190466.4,4,0,1,13,1
101084,Cold Call,Technology,Mumbai,Large,38,5,2,19.86,0,0.0,6,0,0,7,0
101085,Partner,Retail,Kolkata,Large,83,4,1,5.35,1,83463.4,4,0,0,14,0
101086,Cold Call,Manufacturing,Kolkata,Medium,3,4,7,18.14,1,114184.64,1,0,0,12,1
101087,Cold Call,Manufacturing,Mumbai,Medium,89,3,1,18.9,0,0.0,3,0,0,15,0
101088,Cold Call,Finance,Mumbai,Small,10,2,1,21.14,1,114548.5,3,1,0,9,0
101089,Email Campaign,Technology,Hyderabad,Medium,7,1,0,39.96,0,0.0,3,0,0,10,0
101090,Email Campaign,Finance,Mumbai,Small,24,3,1,49.2,1,24474.89,4,0,0,7,0
101091,Website,Healthcare,Hyderabad,Small,104,3,0,39.3,1,35017.43,5,0,0,14,0
101092,Social Media,Retail,Chennai,Enterprise,6,6,1,7.5,0,0.0,0,0,0,10,0
101093,Referral,Manufacturing,Mumbai,Small,12,7,2,40.3,1,116575.42,6,0,1,3,0
101094,Referral,Manufacturing,Chennai,Small,114,2,2,27.26,1,59660.87,5,0,0,8,0
101095,Social Media,Retail,Bengaluru,Enterprise,74,6,1,44.65,1,238670.63,3,0,0,2,1
101096,Referral,Finance,Bengaluru,Medium,69,5,2,14.57,1,80812.82,2,0,1,10,1
101097,Website,Healthcare,Hyderabad,Medium,5,7,4,17.13,0,0.0,6,0,1,11,1
101098,Cold Call,Finance,Kolkata,Small,48,4,4,8.84,0,0.0,1,0,0,13,1
101099,Cold Call,Technology,Delhi,Medium,70,1,0,57.14,1,71048.08,5,0,0,3,0
101100,Website,Technology,Hyderabad,Enterprise,64,2,2,19.95,1,179847.27,8,1,0,7,1
101101,Website,Finance,Hyderabad,Large,63,3,3,64.32,0,0.0,8,0,0,6,0
101102,Referral,Finance,Mumbai,Medium,14,2,0,8.47,0,0.0,2,0,0,7,0
101103,Cold Call,Retail,Kolkata,Medium,119,1,0,15.4,1,162590.66,4,0,0,15,0
101104,Cold Call,Technology,Hyderabad,Medium,85,4,5,18.41,0,0.0,2,0,0,9,0
101105,Website,Finance,Pune,Medium,29,7,3,5.74,0,0.0,3,0,0,7,0
101106,Cold Call,Technology,Delhi,Small,117,3,2,23.59,1,144576.74,3,0,0,14,0
101107,Website,Retail,Delhi,Small,37,3,0,39.94,0,0.0,3,1,0,8,0
101108,Referral,Retail,Mumbai,Large,16,3,4,11.21,0,0.0,2,1,0,7,1
101109,Partner,Finance,Mumbai,Large,108,3,2,17.69,1,112807.47,7,0,0,9,0
101110,Website,Technology,Pune,Enterprise,19,8,5,8.44,1,191610.46,4,0,1,13,1
101111,Website,Education,Pune,Large,8,2,2,47.38,1,154924.57,2,0,0,7,0
101112,Referral,Retail,Hyderabad,Medium,-10,3,1,5.03,0,0.0,1,0,0,10,0
101113,Social Media,Retail,Pune,Large,32,2,3,5.42,0,0.0,2,0,0,3,0
101114,Partner,Healthcare,Kolkata,Enterprise,19,3,2,41.21,0,0.0,2,0,0,1,0
101115,Partner,Manufacturing,Hyderabad,,13,3,2,32.59,0,0.0,5,0,0,2,0
101116,Website,Education,Hyderabad,Medium,16,4,3,27.91,1,50194.42,5,0,0,8,0
101117,Website,Finance,Delhi,Small,116,3,1,19.37,1,44882.33,7,0,1,11,0
101118,Cold Call,Retail,Delhi,Enterprise,81,5,4,42.25,1,261412.15,4,0,0,4,1
101119,Referral,Technology,Mumbai,Enterprise,102,8,1,14.07,1,49796.99,1,0,1,15,0
101120,Partner,Retail,Bengaluru,Large,75,1,1,17.13,1,93262.48,2,0,1,3,1
101121,Social Media,Finance,Mumbai,Small,66,3,2,62.66,1,13221.81,0,0,0,11,0
101122,Website,Technology,Bengaluru,Enterprise,27,7,3,28.33,1,180412.03,6,0,0,4,0
101123,Cold Call,Education,Mumbai,Small,117,2,2,18.38,0,0.0,4,1,0,1,0
101124,Website,Manufacturing,Hyderabad,Small,99,6,3,14.7,0,0.0,3,1,0,11,1
101125,Referral,Finance,Pune,Medium,64,4,1,8.43,0,0.0,5,1,0,8,0
101126,Email Campaign,Education,Chennai,Large,13,4,3,45.54,0,0.0,5,0,0,10,0
101127,Email Campaign,Finance,Bengaluru,Large,92,3,5,6.69,0,0.0,3,0,0,15,0
101128,Social Media,Healthcare,Pune,Medium,40,6,3,17.48,1,61512.59,2,0,1,9,0
101129,Social Media,Manufacturing,Delhi,Medium,26,5,0,19.49,0,0.0,3,0,0,13,1
101130,,Finance,Hyderabad,Medium,89,5,5,4.92,0,0.0,5,0,0,8,1
101131,Partner,Healthcare,Mumbai,Small,101,3,3,15.72,0,0.0,5,0,0,6,0
101132,Email Campaign,Retail,Bengaluru,Large,74,2,1,20.1,1,99084.41,2,1,1,6,1
101133,Website,Technology,Kolkata,Medium,9,9,3,11.92,1,46507.05,6,0,1,6,1
101134,Cold Call,Healthcare,Hyderabad,Small,73,11,3,10.79,1,30678.12,4,0,1,14,1
101135,Partner,Finance,Chennai,Medium,111,4,1,27.71,0,0.0,1,1,0,8,0
101136,Referral,Retail,Hyderabad,Large,83,8,6,32.3,1,67989.99,4,0,1,14,1
101137,Email Campaign,Technology,Hyderabad,Large,32,3,4,26.17,0,0.0,2,0,1,4,0
101138,Referral,Technology,Pune,Small,78,3,3,4.98,0,0.0,1,0,0,12,0
101139,Website,Retail,Pune,Small,30,6,1,15.29,0,0.0,2,0,0,2,0
101140,Social Media,Technology,Mumbai,Enterprise,105,4,0,12.85,0,0.0,8,0,0,5,1
101141,Referral,Healthcare,Kolkata,Medium,102,6,3,10.04,0,0.0,3,0,1,1,1
101142,Cold Call,Retail,Delhi,Medium,69,1,2,5.09,0,0.0,6,0,0,14,0
101143,Cold Call,Manufacturing,Chennai,Small,17,0,1,23.6,1,33273.39,0,0,1,5,0
101144,Cold Call,Technology,Pune,Enterprise,49,4,1,9.55,1,164763.49,4,0,1,13,1
101145,Referral,Manufacturing,Pune,Large,15,4,3,30.35,1,26904.94,2,0,1,7,1
101146,Referral,Retail,Delhi,Small,92,3,2,50.32,0,0.0,4,0,0,2,0
101147,Cold Call,Finance,Kolkata,Small,82,5,2,4.23,1,51936.16,4,0,1,6,0
101148,Cold Call,Manufacturing,Bengaluru,Small,32,6,5,73.28,0,0.0,3,0,0,6,0
101149,Email Campaign,Retail,Chennai,Small,103,3,3,27.0,1,28337.43,4,1,1,8,1
101150,Partner,Retail,Delhi,Small,92,8,1,30.23,1,35159.9,5,0,0,5,0
101151,Website,Healthcare,Mumbai,Small,113,0,0,23.99,0,0.0,3,0,0,11,1
101152,Cold Call,Manufacturing,Hyderabad,Small,34,4,1,14.3,1,50315.23,3,0,1,11,1
101153,Website,,Delhi,Medium,21,6,3,8.74,0,0.0,4,0,0,3,0
101154,Website,Retail,Hyderabad,Medium,58,8,5,16.33,1,32377.02,4,0,1,8,1
101155,Email Campaign,Manufacturing,Bengaluru,Medium,32,3,2,2.34,0,0.0,4,0,0,9,1
101156,Website,Manufacturing,Pune,Large,89,9,7,67.8,0,0.0,6,0,0,5,1
101157,Website,Manufacturing,Hyderabad,Small,52,4,2,9.25,0,0.0,4,0,0,12,0
101158,Website,Education,Bengaluru,Large,76,4,4,24.97,0,0.0,5,0,0,4,0
101159,Email Campaign,Technology,Kolkata,Enterprise,21,6,1,5.41,0,0.0,4,0,0,14,0
101160,Cold Call,Technology,Mumbai,Enterprise,11,8,3,43.49,0,0.0,5,0,0,7,0
101161,Website,Retail,Pune,Small,113,3,0,19.86,1,124306.62,3,1,1,6,1
101162,Social Media,Healthcare,Bengaluru,Small,54,3,2,36.93,0,0.0,2,0,0,10,0
101163,Cold Call,Retail,Bengaluru,Medium,17,4,3,36.5,0,0.0,6,1,1,10,1
101164,Website,Manufacturing,Bengaluru,Small,98,4,0,5.5,1,122242.4,3,0,0,8,0
101165,Website,Education,Kolkata,Small,16,2,0,13.5,0,0.0,4,1,0,11,0
101166,Cold Call,Healthcare,Delhi,Small,120,1,2,15.72,0,0.0,5,0,0,4,0
101167,Cold Call,Retail,Hyderabad,Medium,47,3,2,7.51,1,25241.37,2,0,0,13,1
101168,Email Campaign,Technology,Chennai,Large,57,5,1,29.26,1,125229.2,4,0,0,10,1
101169,Cold Call,Healthcare,Hyderabad,Small,32,0,2,20.57,0,0.0,2,0,0,4,0
101170,Website,Technology,Delhi,Enterprise,11,8,1,15.99,1,221192.86,6,0,0,15,1
101171,Referral,Healthcare,Kolkata,Large,50,6,2,12.85,1,134430.88,1,0,1,13,1
101172,Cold Call,Healthcare,Hyderabad,Small,44,1,0,24.25,0,0.0,1,0,0,3,0
101173,Referral,Manufacturing,Hyderabad,Medium,54,7,5,11.07,0,0.0,5,0,1,12,1
101174,Cold Call,Retail,Kolkata,Small,59,6,2,39.6,0,0.0,3,1,0,8,1
101175,Email Campaign,Finance,Hyderabad,Enterprise,76,6,3,19.33,0,0.0,4,0,0,12,0
101176,Cold Call,Technology,Mumbai,Large,9,8,2,6.78,0,0.0,4,0,0,6,1
101177,Email Campaign,Technology,Hyderabad,Large,44,7,3,25.05,0,0.0,4,0,0,4,0
101178,Referral,Education,Mumbai,Large,104,3,0,18.81,0,0.0,2,0,0,4,0
101179,Website,Education,Chennai,Small,115,4,1,33.56,1,34683.78,1,0,0,1,1
101180,Website,Finance,Chennai,Enterprise,65,6,4,13.56,1,163211.86,8,0,0,14,1
101181,Cold Call,Finance,Kolkata,Enterprise,44,5,4,23.64,0,0.0,2,0,1,5,0
101182,Website,Healthcare,Delhi,Large,50,3,4,20.11,0,0.0,1,0,0,15,0
101183,Website,Retail,Pune,Medium,94,10,4,50.07,0,0.0,7,0,0,4,0
101184,Website,Finance,Pune,Small,48,6,0,20.12,0,0.0,9,0,0,6,0
101185,Website,Technology,Hyderabad,Small,114,8,3,16.58,1,70848.15,8,1,1,14,1
101186,Cold Call,Finance,Chennai,Small,4,3,0,65.28,0,0.0,3,0,0,6,0
101187,Referral,Finance,Chennai,Medium,73,7,4,23.21,1,116616.8,3,0,1,12,0
101188,Partner,Finance,Hyderabad,Large,63,4,3,1.59,0,0.0,3,0,0,2,0
101189,Website,Technology,Pune,Enterprise,55,7,0,6.3,1,100335.34,6,1,1,15,1
101190,Social Media,Retail,Delhi,Small,58,3,2,16.01,1,48994.74,3,0,0,10,0
101191,Email Campaign,Healthcare,Chennai,Small,20,6,0,25.01,0,0.0,4,0,0,12,0
101192,Referral,Finance,Chennai,Small,42,2,0,60.35,1,44943.55,5,0,0,1,0
101193,Cold Call,Healthcare,Chennai,Enterprise,43,2,2,4.2,1,202072.19,2,0,1,15,0
101194,Partner,Healthcare,Pune,Large,80,11,3,10.59,1,48279.63,4,0,1,8,1
101195,Cold Call,Manufacturing,Pune,Medium,72,4,3,25.94,1,329989.03,1,0,0,4,1
101196,Website,Education,Hyderabad,Medium,50,9,4,17.13,1,33139.5,5,0,1,3,1
101197,Website,Technology,Mumbai,Medium,63,3,2,23.14,0,0.0,9,0,1,2,1
101198,Social Media,Education,Delhi,Small,69,4,2,13.37,0,0.0,3,0,0,11,0
101199,Referral,Retail,Chennai,Small,6,2,0,27.67,0,,3,0,0,4,1
101200,Cold Call,Retail,Hyderabad,Small,107,7,4,45.18,0,0.0,3,0,0,14,0
101201,Email Campaign,Finance,Hyderabad,Small,108,3,3,17.41,0,0.0,2,0,0,4,1
101202,Email Campaign,Finance,Chennai,Medium,44,6,8,17.53,1,22526.82,5,1,0,2,1
101203,Cold Call,Technology,Pune,Medium,92,6,1,18.37,0,0.0,2,0,0,13,1
101204,Social Media,Education,Pune,Large,48,2,0,16.39,0,0.0,1,0,0,12,0
101205,Website,Retail,Bengaluru,Medium,9,3,1,99.65,0,0.0,5,0,0,8,0
101206,Website,Finance,Pune,Medium,104,6,0,11.87,0,0.0,6,0,0,13,0
101207,Social Media,Healthcare,Chennai,Enterprise,33,6,0,24.46,0,0.0,4,0,0,11,1
101208,Email Campaign,Technology,Bengaluru,Medium,43,1,1,14.37,0,0.0,6,0,0,3,1
101209,Referral,Technology,Kolkata,Medium,70,2,3,14.54,0,0.0,6,1,0,7,1
101210,Referral,Retail,Bengaluru,Small,53,4,3,7.14,0,0.0,1,0,0,14,1
101211,Cold Call,Healthcare,Pune,Large,32,6,2,19.37,1,187177.93,4,0,0,11,0
101212,Cold Call,Manufacturing,Chennai,Medium,97,7,3,6.71,1,171441.45,4,1,0,10,1
101213,Email Campaign,Retail,Delhi,Small,43,5,3,22.56,0,0.0,2,0,0,3,0
101214,Referral,Retail,Delhi,Small,72,4,0,38.68,1,31462.85,3,0,0,9,0
101215,Referral,Manufacturing,Hyderabad,Large,80,3,1,34.5,1,144086.52,1,0,1,3,1
101216,Email Campaign,Technology,Pune,Large,113,2,0,14.6,1,201449.74,1,0,1,11,1
101217,Referral,Retail,Bengaluru,Large,58,7,2,83.23,1,61982.68,5,0,0,4,0
101218,Email Campaign,Retail,Hyderabad,Medium,57,6,2,11.96,1,35979.71,2,0,0,5,0
101219,Social Media,Finance,Bengaluru,Medium,110,6,5,52.87,0,,7,0,0,9,0
101220,Website,Technology,Chennai,Medium,58,2,1,14.8,0,0.0,5,0,0,1,0
101221,Website,Technology,Mumbai,Small,36,5,0,22.84,0,0.0,5,0,0,11,0
101222,Website,Technology,Delhi,Medium,6,6,3,10.88,0,0.0,2,0,0,7,1
101223,Partner,Healthcare,Pune,Medium,39,2,2,22.59,0,,2,0,0,8,0
101224,Social Media,Technology,Bengaluru,Large,24,5,2,37.29,1,156290.75,3,0,0,12,0
101225,Website,Retail,Pune,Medium,37,6,2,10.96,0,0.0,4,1,0,12,0
101226,Partner,Technology,Kolkata,Medium,65,7,2,40.05,0,0.0,3,1,0,14,1
101227,Email Campaign,Technology,Chennai,Enterprise,63,6,2,20.05,1,111465.36,5,0,0,3,1
101228,Email Campaign,Finance,Delhi,Large,23,2,0,11.56,1,212370.03,1,0,0,7,1
101229,Partner,Technology,Chennai,Small,56,4,3,65.02,1,96968.25,5,1,1,2,1
101230,Website,Education,Bengaluru,Enterprise,55,4,2,12.89,0,0.0,3,0,0,4,0
101231,Website,Finance,Pune,Small,6,1,0,4.56,0,0.0,6,1,0,9,1
101232,Social Media,Technology,Chennai,Large,34,3,2,6.87,0,0.0,3,0,0,2,0
101233,Website,Technology,Kolkata,Small,87,5,5,28.55,0,0.0,9,0,0,7,0
101234,Social Media,Finance,Mumbai,Medium,3,3,1,,1,,4,0,0,15,1
101235,Website,Retail,Chennai,Enterprise,37,3,4,18.68,0,0.0,6,0,0,2,1
101236,Website,Manufacturing,Mumbai,Small,58,2,0,16.6,0,0.0,5,0,0,4,0
101237,Website,Finance,Hyderabad,Large,20,8,4,49.01,1,18616.89,7,0,0,5,1
101238,Referral,Retail,Bengaluru,Medium,78,4,4,21.91,0,0.0,4,0,0,14,1
101239,Website,Healthcare,Mumbai,Small,86,6,1,23.76,0,0.0,7,0,0,12,0
101240,Website,Manufacturing,Pune,Enterprise,41,4,3,31.01,0,0.0,10,1,1,3,1
101241,Cold Call,Retail,Delhi,Medium,28,7,3,12.52,1,85040.12,5,1,1,11,1
101242,Referral,Finance,Chennai,Large,94,3,1,12.59,0,0.0,4,0,0,1,0
101243,Referral,Retail,Chennai,Large,26,5,2,6.75,1,226572.33,3,0,0,12,1
101244,Website,Manufacturing,Chennai,Small,18,3,1,27.72,0,0.0,4,0,0,4,0
101245,Referral,Healthcare,Hyderabad,Small,4,4,1,11.85,1,50148.37,2,0,1,11,1
101246,Referral,Education,Chennai,Medium,11,6,1,32.71,1,106706.1,4,1,0,8,1
101247,Social Media,Manufacturing,Hyderabad,Medium,105,5,5,13.26,0,0.0,2,0,0,12,0
101248,Website,Technology,Delhi,Small,113,6,2,28.68,0,0.0,7,1,0,6,0
101249,Partner,Manufacturing,Hyderabad,Medium,66,3,0,57.0,1,9577.98,3,0,0,8,0
101250,Partner,Retail,Pune,Large,111,2,1,61.13,0,0.0,3,1,0,14,0
101251,Website,Healthcare,Chennai,Small,85,2,1,13.3,1,40013.84,3,1,0,13,0
101252,Website,Healthcare,Delhi,Large,49,6,1,27.35,0,0.0,7,0,0,9,1
101253,Website,Manufacturing,Mumbai,Medium,86,7,5,4.36,0,0.0,7,1,1,14,1
101254,Social Media,Retail,Mumbai,Small,51,3,2,10.84,0,0.0,4,0,0,2,1
101255,Website,Healthcare,Chennai,Small,116,6,3,17.18,0,0.0,5,0,0,11,0
101256,Cold Call,Technology,Bengaluru,Small,103,5,2,28.41,0,0.0,2,0,1,10,0
101257,Cold Call,Healthcare,Chennai,Medium,102,4,2,14.06,1,96240.74,3,0,0,4,0
101258,Cold Call,Education,Bengaluru,Small,64,6,5,10.68,0,0.0,6,0,0,6,0
101259,Email Campaign,Retail,Kolkata,Large,63,6,2,10.74,0,0.0,2,0,0,7,0
101260,Partner,Technology,Chennai,Large,15,5,4,27.82,0,0.0,2,0,0,11,1
101261,Website,Education,Delhi,Small,79,7,3,18.04,0,0.0,6,0,0,10,0
101262,Referral,Manufacturing,Hyderabad,Large,14,6,2,19.31,1,129068.22,2,0,0,12,1
101263,Referral,Healthcare,Delhi,Enterprise,65,4,3,20.41,1,412076.26,2,0,0,10,1
101264,Partner,Technology,Chennai,Small,16,2,2,19.88,1,42160.84,4,1,1,15,1
101265,Email Campaign,Retail,Chennai,,58,4,2,14.62,0,0.0,6,0,0,13,0
101266,Cold Call,Technology,Pune,Small,94,5,2,22.13,1,48666.15,3,0,1,9,0
101267,Website,Finance,Chennai,Large,38,6,2,30.11,1,107401.68,10,1,1,1,1
101268,Partner,Retail,Mumbai,Small,73,4,0,5.31,0,0.0,3,0,0,6,0
101269,Email Campaign,Education,Bengaluru,Large,32,5,1,34.61,0,0.0,2,0,0,2,0
101270,Email Campaign,Finance,Kolkata,Large,36,5,2,21.49,1,364536.84,2,0,1,7,1
101271,Partner,Manufacturing,Delhi,Enterprise,22,2,1,14.24,0,0.0,5,1,0,15,1
101272,Referral,Education,Delhi,Enterprise,20,7,4,9.32,0,0.0,4,0,0,7,1
101273,Referral,Technology,Delhi,Small,45,4,2,11.71,0,0.0,3,0,1,13,0
101274,Social Media,Technology,Kolkata,Large,15,2,2,17.06,0,0.0,3,0,0,7,0
101275,Website,Retail,Delhi,Small,107,7,4,3.52,1,79557.97,4,0,1,9,0
101276,Referral,Manufacturing,Chennai,Small,89,5,3,23.18,1,36868.35,3,0,0,1,0
101277,Website,Finance,Chennai,Small,27,3,0,14.24,0,0.0,2,1,0,11,0
101278,Website,Retail,Mumbai,Enterprise,107,1,2,28.37,1,70563.14,5,1,1,4,1
101279,Cold Call,Retail,Kolkata,Large,44,6,4,15.26,1,128858.57,5,1,1,7,1
101280,Social Media,Manufacturing,Mumbai,Small,64,3,2,11.28,0,0.0,4,0,1,15,0
101281,Referral,Retail,Delhi,Enterprise,84,4,1,20.43,1,281829.62,2,0,1,4,1
101282,Referral,Technology,Mumbai,Large,93,5,3,4.1,0,0.0,5,1,0,14,1
101283,Email Campaign,Technology,Delhi,Medium,1,5,3,9.11,0,0.0,1,0,0,13,0
101284,Social Media,Technology,Mumbai,Medium,34,4,3,25.69,0,0.0,7,0,0,1,0
101285,Partner,Education,Mumbai,Large,41,6,1,7.3,1,55696.76,4,0,0,6,1
101286,Partner,Education,Hyderabad,Large,71,4,2,12.12,0,0.0,0,0,0,15,0
101287,Referral,Manufacturing,Delhi,Medium,105,2,1,11.06,1,92618.88,1,0,0,7,1
101288,Referral,Technology,Bengaluru,Medium,53,6,1,8.31,0,0.0,3,0,0,12,1
101289,Email Campaign,Retail,Mumbai,Small,56,3,0,20.62,0,0.0,2,0,0,14,0
101290,Email Campaign,Technology,Hyderabad,Medium,11,1,0,9.42,0,0.0,3,0,0,1,1
101291,Email Campaign,Finance,Delhi,Medium,64,8,4,10.82,0,0.0,3,0,0,11,0
101292,Social Media,Finance,Pune,Small,59,4,2,4.3,0,0.0,5,1,0,14,0
101293,Email Campaign,Manufacturing,Delhi,Small,77,2,0,12.02,0,0.0,1,0,0,9,0
101294,Referral,Technology,Kolkata,Medium,102,1,1,3.28,0,0.0,1,0,0,15,0
101295,Referral,Retail,Delhi,Medium,69,9,2,16.84,0,0.0,6,0,1,11,0
101296,Referral,Education,Hyderabad,Medium,7,9,4,33.98,1,28859.93,2,0,0,10,0
101297,Website,Retail,Kolkata,Small,99,7,3,18.55,0,0.0,8,0,1,2,0
101298,Website,Technology,Bengaluru,Enterprise,58,8,0,16.56,1,254142.91,6,0,1,12,1
101299,Cold Call,Education,Pune,Small,59,6,2,8.07,1,40896.93,5,0,1,13,0
101300,Referral,Retail,Hyderabad,Medium,105,3,0,12.75,1,22073.7,3,0,0,5,0
101301,Website,Healthcare,Bengaluru,Small,71,8,6,30.07,1,64939.7,6,0,0,3,0
101302,Email Campaign,Retail,Kolkata,Large,95,11,2,9.14,1,109750.55,1,0,1,9,1
101303,Cold Call,Manufacturing,Delhi,Medium,106,5,0,6.9,0,0.0,1,0,0,15,0
101304,Referral,Healthcare,Chennai,Medium,60,4,2,3.63,1,82652.2,1,0,0,11,1
101305,Cold Call,Healthcare,Hyderabad,Large,118,6,3,6.75,1,260325.49,3,0,0,13,1
101306,Partner,Healthcare,Kolkata,Large,21,11,11,11.06,1,277617.84,7,0,1,9,1
101307,Social Media,Technology,Hyderabad,Medium,105,4,2,5.84,0,0.0,0,0,0,7,0
101308,Social Media,Manufacturing,Delhi,Medium,102,6,1,17.88,0,0.0,2,0,0,5,0
101309,Website,Technology,Kolkata,Enterprise,12,3,2,17.12,0,0.0,7,0,0,13,0
101310,Partner,Finance,Bengaluru,Enterprise,19,9,6,9.08,1,87175.14,10,1,1,10,1
101311,Referral,Finance,Kolkata,Large,5,4,4,14.61,0,0.0,3,1,0,12,1
101312,Partner,Finance,Mumbai,Large,34,4,1,9.87,1,171028.8,3,0,1,13,1
101313,Email Campaign,Finance,Bengaluru,Large,119,7,4,36.1,0,0.0,5,0,0,15,0
101314,Website,Retail,Bengaluru,Enterprise,15,6,2,4.36,0,0.0,5,0,0,13,1
101315,Website,Finance,Kolkata,Small,5,5,4,31.85,1,39567.49,6,0,0,7,1
101316,Social Media,Technology,Chennai,Enterprise,56,6,5,27.65,0,0.0,4,0,0,2,0
101317,Email Campaign,Manufacturing,Mumbai,Large,43,7,3,7.86,0,0.0,2,0,0,9,1
101318,Website,Education,Pune,Medium,76,4,3,17.08,0,0.0,5,0,0,7,0
101319,Cold Call,Healthcare,Hyderabad,Medium,73,8,1,15.11,0,0.0,8,1,0,15,0
101320,Cold Call,Finance,Bengaluru,Medium,100,5,3,49.97,0,0.0,3,0,1,1,0
101321,Email Campaign,Technology,Bengaluru,Large,50,11,3,16.81,1,196668.34,4,0,0,13,0
101322,Email Campaign,Technology,Pune,Large,56,6,4,4.86,0,0.0,5,1,0,10,1
101323,Website,Finance,Delhi,Small,3,2,1,23.2,0,0.0,1,0,0,2,0
101324,Cold Call,Education,Hyderabad,Medium,117,3,0,33.91,1,91298.1,2,0,0,4,1
101325,Referral,Manufacturing,Delhi,Small,26,3,2,92.81,1,55918.11,6,1,0,1,1
101326,Cold Call,Finance,Mumbai,Medium,72,4,2,7.71,1,147130.95,3,0,1,14,0
101327,Referral,Education,Kolkata,Medium,106,8,1,52.7,1,61262.4,4,0,1,10,1
101328,Email Campaign,Healthcare,Delhi,Medium,73,8,3,17.71,0,0.0,5,0,0,10,0
101329,Referral,Finance,Kolkata,Small,76,3,1,5.04,0,0.0,3,0,0,8,0
101330,Website,Healthcare,Bengaluru,Small,22,5,3,55.33,0,0.0,6,0,0,7,0
101331,Cold Call,Technology,Delhi,Small,86,4,1,12.22,0,0.0,1,1,1,3,1
101332,Email Campaign,Education,Mumbai,Medium,23,1,2,27.6,1,42442.81,4,0,0,11,0
101333,Email Campaign,Finance,Bengaluru,Enterprise,84,7,4,10.88,1,231421.56,3,1,1,2,1
101334,Partner,Retail,Kolkata,Large,70,7,4,45.55,1,58839.85,3,0,1,4,1
101335,Partner,Finance,Delhi,Large,59,8,2,15.97,1,88356.96,6,1,1,15,1
101336,Cold Call,Education,Delhi,Medium,87,7,5,14.45,0,0.0,8,0,0,2,0
101337,Website,Retail,Bengaluru,Small,87,6,5,7.23,1,30110.07,3,0,0,15,0
101338,,Healthcare,Hyderabad,,25,6,4,13.84,0,0.0,2,1,0,2,0
101339,Cold Call,Technology,Hyderabad,Medium,46,4,0,10.4,1,70889.62,3,1,0,8,0
101340,Referral,Education,Pune,Small,59,3,4,5.44,0,0.0,3,0,0,9,1
101341,Website,Healthcare,Chennai,Medium,19,6,1,9.61,0,0.0,4,0,0,2,0
101342,Cold Call,Finance,Bengaluru,Large,43,6,0,56.68,0,0.0,4,0,1,14,0
101343,Email Campaign,Manufacturing,Mumbai,Medium,5,2,2,9.9,0,0.0,3,0,1,15,0
101344,Email Campaign,Technology,Pune,Small,53,9,1,24.57,0,0.0,3,0,1,4,1
101345,Partner,Finance,Hyderabad,Medium,25,5,3,13.58,1,128903.96,4,0,0,4,1
101346,Social Media,Healthcare,Kolkata,Small,27,2,1,33.1,1,34911.72,4,0,0,12,0
101347,Referral,Finance,Hyderabad,Medium,99,7,1,34.05,1,57172.44,4,0,1,6,1
101348,Referral,Healthcare,Delhi,Large,17,5,3,15.93,0,0.0,1,1,0,1,0
101349,Referral,Finance,Pune,Enterprise,15,10,4,8.3,0,0.0,5,0,0,12,1
101350,Website,Technology,Hyderabad,Medium,39,5,0,8.44,0,0.0,7,1,0,6,0
101351,Cold Call,Technology,Kolkata,Small,3,9,3,10.33,1,22933.22,2,0,0,7,0
101352,Cold Call,Technology,Bengaluru,Medium,105,5,0,23.82,0,0.0,2,0,0,10,0
101353,Referral,Education,Hyderabad,Small,119,2,1,12.7,1,152750.35,1,0,1,9,1
101354,Referral,Retail,Kolkata,Large,97,3,1,7.99,1,188966.43,1,0,0,13,0
101355,Cold Call,Healthcare,Kolkata,Large,96,5,0,9.22,0,0.0,4,0,1,12,0
101356,Website,Finance,Delhi,Medium,13,3,3,31.98,0,0.0,6,1,0,15,0
101357,Email Campaign,Retail,Chennai,Large,67,8,4,9.77,0,0.0,2,0,0,14,0
101358,Email Campaign,Technology,Bengaluru,Medium,11,3,2,23.46,0,0.0,1,0,0,10,0
101359,Social Media,Finance,Mumbai,Medium,37,10,4,21.13,0,0.0,5,0,0,9,0
101360,Website,Retail,Delhi,Enterprise,60,9,4,19.9,1,189874.02,6,0,0,7,1
101361,Social Media,Healthcare,Delhi,Small,82,4,1,11.15,1,21549.95,1,0,1,10,1
101362,Referral,Manufacturing,Pune,Medium,34,0,0,57.76,0,0.0,1,0,0,1,0
101363,Social Media,Education,Pune,Large,31,3,0,25.63,0,0.0,1,0,0,7,0
101364,Website,Manufacturing,Hyderabad,Medium,99,6,2,17.66,0,0.0,7,0,0,5,0
101365,Email Campaign,Technology,Pune,Medium,27,4,4,10.18,0,0.0,3,0,0,9,0
101366,Email Campaign,Technology,Kolkata,Small,59,6,1,7.92,0,0.0,4,0,0,14,1
101367,Website,Technology,Pune,Medium,35,7,3,41.0,0,0.0,2,1,1,8,0
101368,Website,Manufacturing,Kolkata,Medium,103,4,0,29.37,0,0.0,4,0,0,9,0
101369,Website,Education,Kolkata,Medium,65,4,0,67.26,0,0.0,1,0,1,7,0
101370,Referral,Education,Kolkata,Small,13,8,6,23.07,1,43185.98,5,1,1,6,1
101371,Website,Finance,Kolkata,Medium,18,5,4,23.18,1,,9,0,1,11,1
101372,Partner,Manufacturing,Mumbai,Medium,117,5,3,4.25,0,0.0,1,0,0,4,0
101373,Referral,Healthcare,Delhi,Large,113,6,1,20.94,0,0.0,1,0,0,14,0
101374,Cold Call,Manufacturing,Chennai,Medium,93,2,4,43.59,0,0.0,1,0,0,2,0
101375,Partner,Healthcare,Kolkata,Medium,10,8,3,57.35,1,125063.52,0,0,1,4,0
101376,Website,Technology,Hyderabad,Large,88,11,5,2.71,1,47620.47,5,0,1,12,1
101377,Social Media,Technology,Kolkata,Small,80,3,0,6.99,0,0.0,2,0,0,2,0
101378,Cold Call,Education,Bengaluru,Medium,113,6,1,27.61,0,0.0,7,1,0,7,1
101379,Social Media,Healthcare,Chennai,Small,59,1,0,22.22,1,32777.69,6,0,0,6,0
101380,Referral,Finance,Delhi,Medium,57,5,2,4.76,0,0.0,5,0,1,15,0
101381,Email Campaign,Finance,Bengaluru,Enterprise,76,2,0,29.56,0,0.0,3,1,0,3,1
101382,Website,Finance,Hyderabad,Medium,18,5,2,15.15,1,57061.94,1,0,1,7,1
101383,Email Campaign,Education,Pune,Large,90,6,1,10.06,1,124479.15,4,0,0,7,0
101384,Partner,Technology,Delhi,Small,60,3,3,7.22,0,0.0,3,0,0,13,1
101385,Partner,Technology,Bengaluru,Medium,23,8,3,9.65,0,0.0,6,0,0,9,0
101386,Website,Manufacturing,Pune,Medium,98,3,0,12.83,0,0.0,6,0,0,2,0
101387,Social Media,Healthcare,Bengaluru,Small,32,4,0,-5.0,0,0.0,6,0,0,14,0
101388,Referral,Technology,Hyderabad,Medium,104,5,1,73.66,0,0.0,8,1,1,3,0
101389,Partner,Technology,Delhi,Large,33,6,2,45.94,1,96692.48,0,0,1,11,1
101390,Website,Technology,Mumbai,Medium,59,3,2,43.33,1,64282.72,5,1,0,5,0
101391,Partner,Finance,Kolkata,Large,53,6,1,20.41,1,119079.72,0,0,0,2,0
101392,Cold Call,Technology,Chennai,Enterprise,88,6,2,11.85,1,261794.89,2,0,0,3,0
101393,Website,Technology,Bengaluru,Medium,23,7,0,3.89,0,0.0,8,0,1,15,0
101394,Website,Manufacturing,Delhi,Enterprise,30,2,5,21.76,0,0.0,2,0,0,15,0
101395,Cold Call,,Hyderabad,Small,24,3,0,12.65,1,35659.0,1,0,0,10,0
101396,Website,Education,Chennai,Small,28,9,9,49.04,0,0.0,6,0,0,13,1
101397,Email Campaign,Finance,Pune,Medium,55,4,0,14.6,1,41351.06,3,0,1,14,1
101398,Partner,Finance,Chennai,Medium,71,6,0,19.52,0,0.0,2,0,0,6,0
101399,Email Campaign,Education,Pune,Medium,104,4,0,7.82,0,0.0,3,0,0,12,0
101400,Referral,Manufacturing,Mumbai,Medium,51,2,1,63.02,1,136790.58,1,0,0,8,0
101401,Email Campaign,Healthcare,Kolkata,Large,50,2,0,4.75,0,0.0,6,0,0,3,0
101402,Website,Finance,Mumbai,Small,20,8,5,17.7,1,41531.69,5,1,1,8,1
101403,Partner,Finance,Mumbai,Large,12,5,4,13.66,0,0.0,5,0,1,1,0
101404,Referral,Healthcare,Chennai,Medium,92,7,0,30.48,0,0.0,4,0,1,10,0
101405,Website,Healthcare,Bengaluru,Medium,76,2,2,20.92,0,0.0,2,0,0,4,1
101406,Referral,Technology,Delhi,Small,64,0,1,12.58,0,0.0,3,0,0,2,0
101407,Partner,Education,Mumbai,Medium,54,2,0,18.58,1,98733.52,4,0,1,11,0
101408,Website,Retail,Delhi,Medium,63,7,4,46.25,0,0.0,11,1,1,6,1
101409,Cold Call,Retail,Hyderabad,Large,102,3,1,23.39,0,0.0,4,0,0,7,0
101410,Social Media,Technology,Hyderabad,Medium,23,3,1,35.28,1,36337.85,1,1,0,2,0
101411,Cold Call,Manufacturing,Bengaluru,Small,60,4,0,46.65,0,0.0,3,0,0,2,0
101412,Partner,Manufacturing,Chennai,Large,29,9,5,10.78,1,188705.88,4,1,1,14,1
101413,Cold Call,Technology,Kolkata,Large,13,7,3,55.09,1,322780.54,7,1,0,9,0
101414,Partner,Retail,Bengaluru,Enterprise,84,7,1,18.12,0,0.0,4,0,0,7,1
101415,Website,Retail,Hyderabad,Medium,85,3,0,15.6,0,0.0,5,1,0,10,1
101416,Cold Call,Manufacturing,Bengaluru,Large,103,5,3,62.52,0,0.0,2,0,0,11,0
101417,Email Campaign,Technology,Pune,Medium,3,3,1,19.27,0,0.0,4,0,0,2,0
101418,Email Campaign,Manufacturing,Hyderabad,Large,22,5,0,22.68,0,0.0,7,0,0,14,1
101419,Partner,Healthcare,Bengaluru,Medium,69,4,1,4.88,0,0.0,6,0,1,10,0
101420,Partner,Technology,Bengaluru,Small,98,0,3,7.58,0,0.0,3,0,0,5,0
101421,Social Media,Technology,Bengaluru,Enterprise,113,2,1,40.85,0,0.0,2,0,0,5,0
101422,Email Campaign,Technology,Delhi,Large,95,6,2,14.56,1,70953.87,6,0,1,2,1
101423,Email Campaign,Finance,Mumbai,Medium,109,1,3,34.67,0,0.0,3,0,0,4,1
101424,Referral,Healthcare,Bengaluru,Medium,98,3,0,51.69,0,0.0,3,0,0,6,0
101425,Referral,Manufacturing,Pune,Large,38,3,3,9.67,0,0.0,5,0,0,4,0
101426,Referral,Technology,Delhi,Small,70,4,2,88.38,1,17662.39,2,0,0,11,0
101427,Website,Education,Hyderabad,Medium,77,4,3,10.83,1,75174.78,10,0,1,4,1
101428,Website,Technology,Mumbai,Small,43,3,0,23.52,1,51994.63,7,0,0,8,0
101429,Cold Call,Retail,Delhi,Small,107,2,1,38.07,0,0.0,3,0,0,9,0
101430,Email Campaign,Education,Bengaluru,Small,93,2,0,29.22,0,0.0,2,0,0,2,0
101431,Partner,Manufacturing,Chennai,Large,63,5,2,35.39,0,0.0,5,0,0,3,0
101432,Social Media,Retail,Bengaluru,Small,58,5,4,14.58,1,65436.74,1,0,0,2,0
101433,Website,Retail,Kolkata,Large,96,11,1,12.49,1,151804.9,5,0,1,11,1
101434,Website,Technology,Mumbai,Enterprise,27,6,3,20.8,0,0.0,7,0,0,11,1
101435,Website,Technology,Pune,Small,27,9,1,36.81,0,0.0,5,0,0,2,0
101436,Partner,Healthcare,Chennai,Large,49,4,6,6.21,0,0.0,1,1,0,12,1
101437,Website,Technology,Hyderabad,Medium,16,6,1,21.34,0,0.0,7,0,0,13,0
101438,Email Campaign,Finance,Hyderabad,Enterprise,55,3,3,15.88,0,0.0,4,0,0,2,0
101439,Partner,Technology,Delhi,Medium,52,7,0,14.01,1,79148.14,3,0,1,2,1
101440,Partner,Education,Bengaluru,Medium,61,11,1,37.72,1,37085.68,4,0,1,12,0
101441,Website,Education,Chennai,Small,56,10,2,17.73,1,111276.81,4,0,1,5,1
101442,Website,Manufacturing,Hyderabad,Enterprise,108,10,2,19.17,1,145346.46,7,0,0,6,0
101443,Website,Retail,Bengaluru,Small,33,3,2,24.55,0,0.0,4,0,0,9,0
101444,Website,Technology,Kolkata,Large,50,8,1,34.93,1,203947.2,4,0,1,2,1
101445,Website,Technology,Delhi,Small,89,4,3,18.32,0,0.0,4,0,0,7,0
101446,Email Campaign,Retail,Kolkata,Medium,35,3,3,19.47,1,63384.89,2,0,1,6,0
101447,Partner,Retail,Chennai,Medium,79,6,3,8.53,1,68747.94,7,1,1,13,1
101448,Email Campaign,Finance,Pune,Small,116,4,2,18.31,0,0.0,2,0,0,11,1
101449,Social Media,Healthcare,Kolkata,Small,46,4,0,25.2,1,140937.74,4,0,0,5,0
101450,Website,Healthcare,Kolkata,Small,30,2,0,33.6,0,0.0,3,0,0,10,0
101451,Cold Call,Technology,Pune,Large,23,5,3,42.36,1,53715.73,2,0,1,7,0
101452,Social Media,Finance,Kolkata,Large,2,4,1,11.46,0,0.0,1,0,0,8,0
101453,Cold Call,Healthcare,Hyderabad,Small,35,8,2,31.89,1,74859.72,6,0,0,12,0
101454,Partner,Retail,Pune,Medium,102,6,7,9.71,0,0.0,2,0,0,5,0
101455,Referral,Education,Kolkata,Small,31,3,3,20.84,0,0.0,5,0,0,9,0
101456,Website,Healthcare,Delhi,Large,115,6,0,42.85,1,87606.48,3,0,0,7,0
101457,Website,Manufacturing,Hyderabad,Large,115,3,1,41.55,1,136050.3,7,0,1,10,1
101458,Email Campaign,Manufacturing,Mumbai,Large,82,8,3,28.46,1,50040.36,4,0,1,6,1
101459,Partner,Technology,Pune,Large,118,7,2,30.61,1,92098.21,2,0,0,15,1
101460,Referral,Retail,Delhi,Medium,49,2,0,26.01,1,42738.69,2,1,0,6,1
101461,Cold Call,Healthcare,Hyderabad,Small,115,4,1,16.35,0,0.0,6,0,0,2,0
101462,Email Campaign,Retail,Pune,Large,66,5,4,42.61,1,78747.69,4,0,0,8,1
101463,Website,Technology,Delhi,Small,10,6,3,4.05,0,0.0,5,0,0,4,0
101464,Referral,Education,Kolkata,Small,100,3,3,27.58,1,99738.43,3,1,0,7,1
101465,Social Media,Education,Hyderabad,Medium,115,8,3,10.5,0,0.0,9,0,1,14,0
101466,Social Media,Technology,Bengaluru,Large,107,7,5,23.25,0,0.0,5,0,0,2,1
101467,Email Campaign,Technology,Delhi,Large,51,8,2,122.43,0,0.0,2,1,1,1,0
101468,Website,Technology,Pune,Enterprise,13,4,2,31.94,0,0.0,4,0,0,5,0
101469,Cold Call,Manufacturing,Kolkata,Medium,71,7,1,12.36,0,0.0,1,0,0,7,0
101470,Website,Retail,Chennai,Small,105,6,3,6.5,0,0.0,3,0,1,2,1
101471,Partner,Technology,Pune,Medium,101,4,0,9.06,0,0.0,4,1,0,11,1
101472,Website,Manufacturing,Pune,Large,75,9,2,32.13,1,116082.61,8,0,1,10,1
101473,Website,Finance,Delhi,Small,95,10,5,11.47,1,47628.83,6,0,1,11,1
101474,Email Campaign,Healthcare,Hyderabad,Enterprise,4,2,1,17.2,1,67700.08,1,0,1,7,1
101475,Email Campaign,Finance,Bengaluru,Medium,75,11,3,11.54,0,0.0,7,1,1,14,1
101476,Email Campaign,Healthcare,Pune,Large,14,7,1,8.29,0,0.0,5,0,0,11,1
101477,Email Campaign,Healthcare,Hyderabad,Large,90,8,2,50.37,1,93516.1,4,0,0,14,0
101478,Partner,Finance,Hyderabad,Medium,6,1,1,26.61,0,0.0,1,0,0,2,1
101479,Email Campaign,Healthcare,Chennai,Large,72,5,3,21.58,1,147517.61,5,0,0,11,1
101480,Email Campaign,Education,Chennai,Medium,114,4,1,70.39,1,34418.02,5,0,1,6,1
101481,Referral,Healthcare,Chennai,Large,14,5,1,19.44,0,0.0,1,0,0,3,1
101482,Website,Education,Pune,Large,52,7,4,15.99,0,0.0,2,0,1,3,0
101483,Social Media,Healthcare,Pune,Medium,5,3,0,22.92,0,0.0,3,0,0,3,0
101484,Website,Manufacturing,Bengaluru,Small,86,4,3,8.87,0,0.0,6,0,0,2,1
101485,Social Media,Finance,Bengaluru,Enterprise,112,4,1,21.86,0,0.0,2,0,0,7,0
101486,Website,Manufacturing,Bengaluru,Enterprise,1,5,4,14.79,0,0.0,3,0,0,12,1
101487,Partner,Finance,Delhi,Medium,66,1,2,16.16,1,39185.77,3,0,1,7,1
101488,Email Campaign,Technology,Delhi,Enterprise,96,8,5,48.78,1,204557.85,3,0,1,2,1
101489,Partner,Technology,Pune,Medium,4,5,1,18.35,1,129573.73,3,0,0,11,1
101490,Email Campaign,Technology,Chennai,Medium,58,2,2,27.51,0,0.0,2,0,0,3,1
101491,Website,Education,Chennai,Medium,16,1,0,18.22,1,36738.81,3,0,1,14,0
101492,Cold Call,Education,Kolkata,Small,111,2,0,26.32,1,26957.51,1,0,0,6,0
101493,Social Media,Manufacturing,Delhi,Medium,62,3,1,20.0,0,0.0,3,1,0,1,1
101494,Cold Call,Technology,Chennai,Large,63,6,4,6.88,0,0.0,3,0,0,5,0
101495,Referral,Education,Pune,Small,120,5,3,8.18,1,91846.97,4,0,0,13,1
101496,Social Media,Manufacturing,Hyderabad,Small,95,4,1,11.5,1,39865.8,1,0,1,14,0
101497,Cold Call,Finance,Chennai,Large,38,8,2,29.92,1,79349.51,5,0,0,7,1
101498,Social Media,Healthcare,Hyderabad,Large,76,4,3,18.08,1,168689.72,2,1,0,15,1
101499,Referral,Retail,Bengaluru,Enterprise,36,11,2,54.1,1,193074.93,0,0,1,4,1
101500,Social Media,Technology,Hyderabad,Small,63,6,0,19.53,1,86863.66,4,0,1,7,0
101501,Social Media,Healthcare,Bengaluru,Large,98,7,3,117.76,0,0.0,2,1,1,7,0
101502,Partner,Manufacturing,Pune,Small,114,8,3,49.66,0,0.0,2,1,1,4,1
101503,Referral,Technology,Bengaluru,Small,115,3,2,11.92,1,22921.93,2,0,0,6,0
101504,Referral,Healthcare,Kolkata,Large,60,8,4,16.4,1,43405.26,4,1,1,8,1
101505,Cold Call,Healthcare,Delhi,Medium,108,8,1,11.41,1,49945.64,2,0,1,11,1
101506,Email Campaign,Manufacturing,Delhi,Large,108,5,1,28.91,1,95313.81,5,0,1,8,1
101507,Cold Call,Education,Mumbai,Small,66,3,1,34.19,0,0.0,4,0,0,2,0
101508,Email Campaign,Manufacturing,Bengaluru,Small,5,4,3,30.41,1,20345.96,1,1,0,7,0
101509,Website,Retail,Mumbai,Medium,15,8,2,3.65,0,0.0,7,0,0,13,1
101510,Cold Call,Retail,Pune,Small,79,4,0,13.93,1,36815.09,3,0,1,1,0
101511,Website,Retail,Kolkata,Small,100,2,0,6.87,1,111713.22,4,1,0,15,1
101512,Website,Healthcare,Chennai,Small,110,6,2,24.45,0,0.0,7,0,1,2,0
101513,Social Media,Technology,Kolkata,Medium,30,5,4,11.63,1,23496.7,5,0,0,1,0
101514,Cold Call,Retail,Bengaluru,Large,108,0,0,14.29,1,73563.55,2,0,0,3,0
101515,Partner,Retail,Pune,Small,100,3,1,8.79,1,63417.73,5,0,0,4,0
101516,Referral,Healthcare,Hyderabad,Medium,59,6,3,-5.0,1,51636.6,3,0,0,6,1
101517,Website,Manufacturing,Mumbai,Medium,45,5,5,52.46,0,0.0,4,1,0,13,1
101518,Partner,Retail,Hyderabad,Medium,57,10,5,29.39,0,0.0,3,1,1,9,1
101519,Website,Finance,Delhi,Medium,82,2,1,34.13,0,0.0,8,0,0,10,1
101520,Website,Technology,Hyderabad,Large,98,2,2,58.65,0,0.0,4,0,1,14,1
101521,Referral,Technology,Mumbai,Large,21,6,3,40.59,1,63241.4,3,0,0,2,1
101522,Email Campaign,Finance,Chennai,Small,41,8,2,29.84,0,0.0,5,0,0,4,1
101523,Partner,Healthcare,Mumbai,Large,15,1,0,4.0,0,0.0,2,0,0,15,0
101524,Cold Call,Technology,Mumbai,Small,113,6,3,30.6,1,31878.54,2,0,1,12,1
101525,Social Media,Technology,Chennai,Medium,49,6,2,16.91,1,94079.02,4,0,1,1,0
101526,Website,Technology,Hyderabad,Medium,31,4,1,28.17,0,0.0,1,0,1,4,1
101527,Referral,Manufacturing,Chennai,Small,25,3,1,33.46,1,67078.73,2,1,1,6,1
101528,Email Campaign,Manufacturing,Chennai,Small,9,0,0,20.82,0,0.0,2,0,0,1,0
101529,Website,Finance,Pune,Small,57,4,0,18.59,0,0.0,4,0,1,9,0
101530,Referral,Technology,Mumbai,Small,93,2,0,5.45,1,46016.54,3,0,0,10,1
101531,Referral,Technology,Mumbai,Medium,39,2,1,8.76,0,0.0,2,0,0,6,0
101532,Website,Technology,Kolkata,Small,49,6,3,21.3,0,0.0,7,0,0,4,1
101533,Email Campaign,Finance,Kolkata,Large,77,4,1,4.63,0,0.0,1,0,0,7,0
101534,Social Media,Technology,Kolkata,Large,43,4,2,45.09,0,0.0,3,0,0,14,0
101535,Website,Finance,Delhi,Small,89,8,2,14.3,0,0.0,12,0,0,11,0
101536,Email Campaign,Education,Hyderabad,Small,39,6,4,17.2,1,172597.41,2,0,1,15,1
101537,Cold Call,Healthcare,Hyderabad,Medium,54,5,3,5.95,1,55337.1,1,0,1,9,1
101538,Cold Call,Manufacturing,Delhi,Large,118,6,1,13.75,0,0.0,3,0,0,2,0
101539,Cold Call,Technology,Hyderabad,Medium,101,4,0,18.77,0,0.0,1,0,0,1,0
101540,Email Campaign,Finance,Kolkata,Small,69,6,2,5.34,0,0.0,9,1,0,3,1
101541,Cold Call,Education,Mumbai,Enterprise,48,4,0,22.57,0,0.0,4,0,0,8,0
101542,Website,Finance,Mumbai,Medium,120,7,4,48.24,0,0.0,4,0,0,4,0
101543,Referral,Retail,Kolkata,Medium,56,1,2,19.9,1,70804.78,3,0,0,5,0
101544,Website,Education,Bengaluru,Large,42,7,2,15.01,1,125168.69,7,0,1,14,1
101545,Email Campaign,Healthcare,Bengaluru,Enterprise,72,4,2,20.49,0,0.0,1,0,0,1,1
101546,Referral,Finance,Delhi,Medium,50,5,3,12.69,1,134160.05,3,0,0,2,1
101547,Website,Healthcare,Bengaluru,Medium,107,3,1,19.79,0,0.0,4,0,0,6,0
101548,Cold Call,Technology,Kolkata,Medium,26,5,1,16.45,0,0.0,3,0,0,12,1
101549,Referral,Technology,Bengaluru,Small,7,4,2,21.48,1,97485.8,1,0,1,13,1
101550,Referral,Technology,Mumbai,Medium,52,3,2,11.22,1,68548.33,3,0,0,5,1
101551,Website,Education,Chennai,Small,114,4,0,19.88,1,15188.83,4,0,0,5,0
101552,Email Campaign,Retail,Kolkata,Medium,8,3,1,11.74,1,53539.54,2,0,0,9,1
101553,Referral,Finance,Pune,Large,97,4,4,11.56,1,147912.17,4,0,1,13,1
101554,Referral,Technology,Hyderabad,Enterprise,1,6,4,27.16,1,215543.52,2,0,1,3,1
101555,Website,Retail,Hyderabad,Large,67,9,4,2.96,0,0.0,5,0,1,14,1
101556,Cold Call,Education,Kolkata,Small,55,9,5,29.58,0,0.0,3,0,1,13,0
101557,Partner,Finance,Bengaluru,Small,20,5,4,24.86,1,65974.69,8,0,0,5,1
101558,Email Campaign,Finance,Mumbai,Medium,90,1,0,39.71,0,0.0,2,0,0,11,0
101559,Social Media,Manufacturing,Delhi,Small,22,1,0,3.19,0,0.0,1,0,0,10,1
101560,Cold Call,Education,Chennai,Small,53,0,2,43.0,1,70666.71,1,0,1,1,0
101561,Partner,Education,Mumbai,Large,67,5,3,9.21,0,,4,0,0,7,1
101562,Social Media,Finance,Kolkata,Medium,63,4,5,37.86,1,35824.38,2,0,1,4,1
101563,Partner,Technology,Hyderabad,Small,4,2,1,39.92,0,0.0,3,0,0,2,0
101564,Partner,Healthcare,Chennai,Medium,54,3,1,65.99,1,21901.67,3,0,0,7,1
101565,Cold Call,Finance,Delhi,Enterprise,79,3,0,20.97,1,131371.17,3,0,1,11,1
101566,Email Campaign,Education,Delhi,Large,64,8,0,4.23,1,86150.22,1,0,1,8,1
101567,Website,Technology,Mumbai,Small,88,7,3,15.91,1,25517.02,8,0,1,2,0
101568,Website,Retail,Mumbai,Medium,94,4,3,19.57,0,0.0,2,0,1,13,0
101569,Email Campaign,Education,Pune,Enterprise,22,4,0,23.9,1,221799.34,3,0,0,2,1
101570,Email Campaign,Education,Delhi,Small,97,3,1,8.99,0,0.0,1,0,0,6,1
101571,,Retail,Delhi,Medium,108,7,3,27.83,1,94026.33,2,0,1,9,0
101572,Email Campaign,Education,Hyderabad,Large,101,5,7,83.94,0,0.0,3,0,0,14,1
101573,Email Campaign,Technology,Mumbai,Large,103,7,0,16.36,1,114531.84,2,0,0,12,1
101574,Cold Call,Finance,Delhi,Small,26,4,2,47.03,0,0.0,4,1,0,3,0
101575,Website,Technology,Pune,Enterprise,79,4,3,23.36,0,0.0,2,0,0,7,0
101576,Website,Education,Chennai,Medium,55,4,0,8.06,1,21031.49,7,0,1,13,0
101577,Cold Call,Education,Delhi,Small,119,4,2,8.1,0,0.0,4,0,0,4,0
101578,Cold Call,Technology,Chennai,Small,100,5,3,16.47,1,40090.95,3,0,0,14,0
101579,Partner,Technology,Kolkata,Medium,20,4,1,20.03,0,0.0,2,1,0,9,1
101580,Cold Call,Finance,Bengaluru,Small,114,1,2,12.71,0,0.0,8,1,0,10,0
101581,Partner,Finance,Bengaluru,Large,84,8,6,17.02,1,76997.81,5,0,1,10,1
101582,Referral,Manufacturing,Delhi,Large,66,4,3,6.44,0,0.0,2,0,0,15,0
101583,Referral,Technology,Chennai,Small,54,7,4,15.11,0,0.0,1,0,0,11,1
101584,Referral,Manufacturing,Bengaluru,Large,60,10,2,18.94,1,203618.06,1,0,1,7,1
101585,Social Media,Healthcare,Bengaluru,Enterprise,93,3,3,10.67,0,0.0,2,0,1,9,1
101586,Partner,Finance,Mumbai,Small,92,3,1,7.2,1,12730.87,4,1,0,11,1
101587,Referral,Technology,Pune,Large,67,6,2,6.96,0,0.0,1,0,0,9,0
101588,Email Campaign,Education,Kolkata,Enterprise,120,7,2,102.53,0,0.0,4,1,0,1,0
101589,Referral,Retail,Pune,Large,28,8,2,6.34,0,0.0,5,0,0,14,0
101590,Website,Healthcare,Bengaluru,Medium,52,6,1,22.42,1,86157.04,5,0,1,5,0
101591,Website,Finance,Bengaluru,Large,72,3,4,28.98,0,0.0,1,1,1,10,0
101592,Website,Education,Delhi,,20,6,1,38.0,0,0.0,5,0,1,9,1
101593,Partner,Manufacturing,Chennai,Small,60,8,3,95.17,1,17816.44,4,0,0,2,1
101594,Referral,Manufacturing,Pune,Small,101,5,1,5.53,1,200585.98,3,0,1,14,1
101595,Cold Call,Retail,Kolkata,,82,5,3,21.68,0,0.0,1,0,0,2,0
101596,Social Media,Education,Kolkata,Medium,86,8,5,6.85,0,0.0,3,0,0,15,0
101597,Website,Finance,Mumbai,Medium,20,3,1,16.66,0,0.0,8,0,1,14,0
101598,Website,Retail,Mumbai,Small,18,4,0,9.56,0,0.0,6,1,1,9,0
101599,Cold Call,Finance,Bengaluru,Large,54,6,2,14.1,1,62872.29,1,0,1,15,1
101600,Referral,Retail,Delhi,Large,39,9,0,7.24,0,0.0,8,1,1,13,0
101601,Partner,Education,Bengaluru,Medium,2,4,0,6.09,0,0.0,6,1,0,14,0
101602,Website,Education,Pune,Small,67,6,0,7.8,1,36039.21,8,0,1,12,1
101603,Social Media,Healthcare,Bengaluru,Small,91,7,3,6.1,1,39812.97,4,0,0,14,0
101604,Cold Call,Retail,Delhi,Small,88,3,2,19.26,1,21395.66,3,0,0,12,0
101605,Website,Education,Mumbai,Medium,13,4,0,11.03,1,131578.16,7,0,1,14,0
101606,Referral,Education,Kolkata,Small,94,3,3,24.99,0,0.0,5,0,0,2,1
101607,Partner,Manufacturing,Delhi,Enterprise,46,7,4,6.26,1,356102.28,0,0,0,7,1
101608,Referral,Technology,Bengaluru,Small,19,6,2,20.35,0,0.0,5,1,0,8,0
101609,Referral,Finance,Mumbai,Small,57,1,2,10.59,0,0.0,8,1,0,14,1
101610,Email Campaign,Education,Delhi,Large,27,6,3,44.38,0,0.0,6,0,0,8,0
101611,Referral,Manufacturing,Kolkata,Medium,81,7,2,75.14,1,194742.39,3,0,1,7,1
101612,Cold Call,Manufacturing,Bengaluru,Medium,90,7,3,20.72,0,0.0,6,0,1,12,1
101613,Cold Call,Retail,Hyderabad,Small,88,2,2,27.84,0,0.0,2,1,0,10,0
101614,Referral,Healthcare,Pune,Large,14,4,2,13.89,0,0.0,2,0,0,9,0
101615,Cold Call,Finance,Bengaluru,Medium,42,5,2,17.56,0,0.0,3,1,0,14,0
101616,Website,Manufacturing,Pune,Large,60,3,1,11.44,0,0.0,11,1,0,13,0
101617,Website,Finance,Mumbai,Medium,119,5,2,17.08,0,0.0,5,0,0,11,0
101618,Email Campaign,Retail,Pune,Large,66,9,3,10.71,1,50000.67,3,1,0,15,1
101619,Partner,Retail,Chennai,Medium,79,9,5,29.04,0,0.0,6,0,1,1,0
101620,Website,Manufacturing,Hyderabad,Large,41,8,8,23.84,0,0.0,7,0,0,9,0
101621,Website,Finance,Mumbai,Large,36,7,3,25.65,1,61721.05,7,0,1,1,1
101622,Email Campaign,Manufacturing,Chennai,Medium,96,8,4,17.85,1,106368.52,2,0,0,12,1
101623,Cold Call,Technology,Kolkata,Large,101,9,1,77.79,1,88127.4,1,0,0,2,0
101624,Website,Technology,Delhi,Large,7,4,0,16.42,0,0.0,5,0,0,9,0
101625,Referral,Healthcare,Mumbai,Small,65,2,1,26.32,0,0.0,3,0,0,12,0
101626,Cold Call,Technology,Kolkata,Large,94,7,0,14.47,0,0.0,6,0,0,10,0
101627,Referral,Education,Pune,Small,19,10,3,40.76,0,0.0,1,0,1,1,0
101628,Website,Education,Bengaluru,Medium,78,7,1,35.27,0,0.0,6,0,0,8,0
101629,Website,Technology,Pune,Small,57,1,1,31.44,1,35398.99,4,0,1,12,1
101630,Referral,Manufacturing,Bengaluru,Small,61,2,5,24.32,1,113301.53,3,0,1,15,1
101631,Email Campaign,Healthcare,Mumbai,Small,72,2,0,32.77,1,43668.16,3,0,0,14,0
101632,,Retail,Hyderabad,Small,105,5,2,7.71,0,0.0,6,1,0,13,0
101633,Social Media,Education,Pune,Small,11,6,2,9.85,0,0.0,1,0,0,5,0
101634,Social Media,Retail,Pune,Small,25,2,4,37.83,0,0.0,3,0,0,12,0
101635,Partner,Technology,Chennai,Medium,42,6,3,11.7,0,0.0,4,0,0,3,1
101636,Referral,Technology,Chennai,Medium,97,5,1,23.35,0,0.0,5,1,0,5,0
101637,Referral,Healthcare,Chennai,Enterprise,72,5,4,47.62,0,0.0,4,0,0,5,0
101638,Partner,Education,Hyderabad,Large,23,7,4,15.6,1,95692.11,4,0,0,8,0
101639,Website,Retail,Pune,Small,3,3,1,9.98,0,0.0,4,0,0,14,0
101640,Cold Call,Finance,Mumbai,Medium,119,5,3,6.69,0,0.0,6,0,0,13,1
101641,Cold Call,Technology,Hyderabad,Medium,17,5,0,17.97,1,62604.99,3,0,1,14,1
101642,Website,Education,Bengaluru,Medium,4,5,2,15.27,0,0.0,4,0,0,15,0
101643,Email Campaign,Finance,Delhi,Medium,49,4,3,73.37,0,0.0,5,0,0,1,0
101644,Website,Retail,Bengaluru,Large,67,7,2,18.61,1,47859.4,6,0,1,15,1
101645,,Retail,Delhi,Medium,32,5,1,40.81,1,175438.18,7,0,0,14,1
101646,Email Campaign,Finance,Kolkata,Medium,21,1,1,34.25,1,86249.63,0,0,0,12,0
101647,Referral,Technology,Delhi,Large,11,5,1,41.72,0,0.0,2,0,1,2,1
101648,Cold Call,Finance,Delhi,Small,49,3,2,8.85,0,0.0,0,0,0,11,0
101649,Partner,Finance,Mumbai,Large,115,6,1,44.96,1,37450.92,0,0,1,11,0
101650,Cold Call,Retail,Delhi,Enterprise,18,9,6,13.94,1,116655.09,5,0,0,2,1
101651,Referral,Manufacturing,Pune,Small,69,6,0,17.45,0,0.0,4,0,1,4,1
101652,Referral,Technology,Chennai,Large,24,6,5,9.98,1,44591.36,5,0,1,12,1
101653,Referral,Healthcare,Mumbai,Large,81,8,2,27.34,0,0.0,5,0,0,3,1
101654,Website,Technology,Pune,Medium,8,7,2,11.91,0,0.0,6,0,1,6,0
101655,Partner,Technology,Pune,Small,25,6,1,5.4,0,0.0,3,0,0,10,0
101656,Referral,,Bengaluru,Large,1,5,0,114.05,1,64007.46,3,0,1,13,1
101657,Website,Manufacturing,Hyderabad,Medium,78,6,1,8.35,1,61132.2,1,0,0,5,1
101658,Cold Call,Manufacturing,Chennai,Small,87,4,3,62.29,0,0.0,2,0,0,1,0
101659,Referral,Technology,Mumbai,Medium,21,5,1,31.5,1,43709.72,2,0,1,13,1
101660,Website,Healthcare,Kolkata,Medium,55,4,2,21.24,0,0.0,0,0,0,15,0
101661,Website,Healthcare,Mumbai,Small,36,3,3,13.14,0,0.0,7,0,0,13,1
101662,Social Media,Education,Hyderabad,Enterprise,6,5,1,7.2,1,270997.35,2,0,1,8,1
101663,,Retail,Chennai,Small,5,3,1,19.27,0,0.0,1,0,0,11,0
101664,Website,Education,Mumbai,Medium,113,3,4,56.15,0,0.0,7,1,0,2,1
101665,Partner,Technology,Kolkata,Large,78,5,4,27.35,0,0.0,1,1,0,10,1
101666,Cold Call,Healthcare,Kolkata,Small,80,2,1,18.44,0,0.0,2,0,0,10,0
101667,Cold Call,Manufacturing,Hyderabad,Large,36,7,3,54.41,1,146056.56,6,0,1,10,1
101668,Website,Finance,Bengaluru,Medium,32,7,2,28.76,0,0.0,6,0,0,11,1
101669,Website,Retail,Pune,Medium,96,4,0,13.01,1,123091.67,8,1,1,14,1
101670,Cold Call,Healthcare,Bengaluru,Medium,53,7,2,26.91,1,79148.85,6,0,1,12,0
101671,Referral,Education,Delhi,Enterprise,13,11,5,23.59,1,133151.0,2,0,0,1,1
101672,Social Media,Technology,Kolkata,Enterprise,59,8,5,6.07,0,0.0,8,1,0,11,1
101673,Cold Call,Education,Mumbai,Small,63,4,3,84.68,0,0.0,3,0,0,11,0
101674,Website,Finance,Pune,Medium,69,3,2,27.31,0,0.0,3,1,0,9,0
101675,Cold Call,Healthcare,Delhi,Medium,65,0,0,2.76,0,0.0,1,0,0,10,0
101676,Partner,Healthcare,Hyderabad,Enterprise,103,8,3,46.01,1,256095.24,6,0,1,2,1
101677,Cold Call,Finance,Chennai,Large,30,4,3,56.07,1,75150.47,2,1,0,4,0
101678,Email Campaign,Education,Mumbai,Medium,71,6,2,27.93,0,0.0,1,0,0,13,0
101679,Cold Call,Education,Bengaluru,Large,107,10,1,63.72,0,0.0,2,0,0,1,0
101680,Email Campaign,Education,Pune,Medium,118,6,2,21.3,1,88977.51,3,0,0,15,1
101681,Cold Call,Education,Pune,Small,116,6,3,13.79,0,0.0,5,0,0,4,1
101682,Cold Call,Retail,Mumbai,Medium,88,5,3,21.83,0,0.0,3,0,1,12,1
101683,Cold Call,Healthcare,Kolkata,Medium,13,7,1,61.97,0,0.0,5,0,0,4,1
101684,Referral,Manufacturing,Hyderabad,Medium,119,5,0,,0,0.0,5,0,0,1,0
101685,Website,Technology,Mumbai,Medium,4,7,3,8.06,1,86029.71,7,0,0,10,1
101686,Website,Manufacturing,Pune,Large,67,5,1,44.29,0,0.0,5,0,0,12,0
101687,Email Campaign,Healthcare,Chennai,Enterprise,54,8,5,-5.0,1,219869.83,5,1,1,2,1
101688,Email Campaign,Retail,Bengaluru,Small,82,4,1,19.05,0,0.0,4,1,0,5,1
101689,Social Media,,Mumbai,Medium,94,10,8,21.9,1,26000.07,4,0,0,5,1
101690,Referral,Finance,Bengaluru,Large,89,9,9,59.23,1,135639.4,7,1,1,15,0
101691,Cold Call,Technology,Mumbai,Small,28,5,1,7.7,0,0.0,3,0,0,5,0
101692,Partner,Healthcare,Mumbai,Large,91,7,2,19.04,1,137910.26,6,0,1,1,1
101693,Website,Finance,Mumbai,Medium,91,6,2,22.98,0,0.0,5,0,1,15,1
101694,Cold Call,Technology,Hyderabad,Small,3,3,0,26.1,1,53750.7,5,1,0,2,0
101695,Social Media,Finance,Mumbai,Large,77,3,4,20.25,1,101632.97,0,0,1,8,0
101696,Email Campaign,Retail,Chennai,Medium,16,3,2,50.19,1,150960.61,3,0,1,3,0
101697,Website,Finance,Mumbai,Small,68,2,1,8.71,0,0.0,8,1,0,4,0
101698,Cold Call,Manufacturing,Kolkata,Small,28,3,0,11.5,0,0.0,2,0,0,12,0
101699,Partner,Technology,Chennai,Large,44,13,9,168.0,1,106141.87,4,0,1,3,0
101700,Cold Call,Retail,Delhi,Enterprise,33,4,2,9.41,1,252929.84,4,0,1,10,0
101701,Partner,Technology,Delhi,Medium,104,5,2,22.26,0,0.0,5,0,0,9,0
101702,Partner,Healthcare,Delhi,Small,109,2,6,13.46,0,0.0,1,0,0,11,0
101703,Referral,Healthcare,Bengaluru,Small,96,5,2,6.65,0,,1,0,0,3,0
101704,Social Media,Retail,Pune,Large,87,7,2,10.73,0,0.0,3,0,0,6,0
101705,Email Campaign,Healthcare,Pune,Medium,44,5,3,13.26,0,0.0,1,0,0,1,0
101706,Partner,Healthcare,Bengaluru,Medium,18,5,2,30.84,0,0.0,6,1,1,14,1
101707,Website,Technology,Bengaluru,Medium,69,5,2,8.14,0,0.0,3,0,1,15,1
101708,Referral,Healthcare,Bengaluru,Medium,52,4,1,49.33,0,0.0,4,0,0,7,0
101709,Cold Call,Finance,Pune,Medium,34,2,2,12.0,0,0.0,3,0,0,8,0
101710,Referral,Retail,Pune,Medium,30,7,1,34.36,0,0.0,2,1,0,3,1
101711,Cold Call,Healthcare,Bengaluru,Small,20,6,2,19.73,0,0.0,5,1,0,14,0
101712,Referral,Manufacturing,Delhi,Medium,100,6,4,17.17,1,172166.27,3,0,1,12,1
101713,Partner,Healthcare,Bengaluru,Medium,39,7,2,45.74,0,0.0,2,0,0,2,0
101714,Partner,Technology,Kolkata,Medium,111,4,2,22.48,1,111882.15,2,0,0,8,0
101715,Referral,Finance,Bengaluru,Small,81,7,3,40.72,1,74477.5,2,0,0,3,1
101716,Cold Call,Technology,Kolkata,Small,20,7,1,6.33,0,0.0,4,0,0,9,0
101717,Referral,Healthcare,Chennai,Medium,8,6,3,7.62,1,88833.27,4,0,1,10,1
101718,Social Media,Manufacturing,Chennai,Small,50,1,1,13.69,0,0.0,1,0,0,6,0
101719,Social Media,Manufacturing,Bengaluru,Medium,10,8,4,9.06,0,0.0,4,0,1,7,1
101720,Cold Call,Healthcare,Mumbai,Medium,115,6,1,21.08,0,0.0,2,0,1,11,1
101721,Website,Technology,Bengaluru,Small,109,5,3,24.08,0,0.0,3,0,0,3,0
101722,Website,Manufacturing,Mumbai,Large,79,7,2,78.35,0,0.0,7,1,1,1,0
101723,Social Media,Technology,Pune,Medium,36,6,2,34.4,1,129311.41,1,0,0,7,0
101724,Email Campaign,Finance,Pune,Small,105,2,1,12.68,1,78123.9,2,0,0,8,1
101725,Email Campaign,Manufacturing,Chennai,Large,78,4,2,24.38,0,0.0,4,0,0,5,0
101726,Website,Finance,Bengaluru,Medium,43,6,4,37.04,1,47212.5,5,0,1,7,1
101727,Referral,Technology,Bengaluru,Enterprise,106,8,5,40.42,0,0.0,5,0,1,2,1
101728,Cold Call,Finance,Bengaluru,Small,26,3,1,18.36,0,0.0,2,0,0,12,0
101729,Website,Retail,Kolkata,Large,69,7,5,8.68,0,0.0,6,0,0,12,1
101730,Referral,Technology,Delhi,Large,83,6,2,22.87,1,109965.86,2,1,0,4,1
101731,Partner,Retail,Delhi,Small,109,4,1,8.72,0,0.0,3,0,0,10,1
101732,Website,Healthcare,Pune,Medium,17,5,5,39.01,1,93472.06,4,0,0,4,1
101733,Cold Call,Finance,Kolkata,Large,35,6,2,36.6,1,74232.31,4,0,1,6,0
101734,Referral,Finance,Bengaluru,Medium,101,5,0,14.48,1,120862.45,3,0,0,5,1
101735,Cold Call,Manufacturing,Chennai,Medium,60,3,2,16.78,0,0.0,2,0,0,15,1
101736,Cold Call,Finance,Delhi,Enterprise,91,4,1,22.62,1,358404.51,1,1,0,8,1
101737,Partner,Manufacturing,Hyderabad,Large,93,5,2,19.17,0,0.0,1,0,0,10,1
101738,Website,Healthcare,Bengaluru,Enterprise,37,3,0,13.02,0,0.0,4,0,0,4,0
101739,Email Campaign,Technology,Mumbai,Large,40,6,2,9.15,0,0.0,4,0,0,14,1
101740,Cold Call,Healthcare,Bengaluru,Large,60,6,0,28.22,0,0.0,2,0,0,11,0
101741,Website,Healthcare,Mumbai,Large,4,4,1,32.64,1,88971.83,3,0,1,2,1
101742,Website,Healthcare,Pune,Medium,96,2,2,34.89,1,69438.23,5,0,0,5,1
101743,Website,Manufacturing,Bengaluru,Large,14,5,3,21.1,1,113333.37,2,0,1,8,1
101744,Partner,Education,Kolkata,Medium,113,5,3,7.31,0,0.0,1,0,0,7,0
101745,Social Media,Manufacturing,Chennai,Small,94,3,3,17.01,0,0.0,2,0,0,13,0
101746,Social Media,Retail,Kolkata,Medium,43,4,3,17.67,1,74834.27,1,0,0,9,0
101747,Cold Call,Healthcare,Pune,Small,9,1,1,11.64,0,0.0,4,1,0,9,0
101748,Email Campaign,Retail,Chennai,Enterprise,95,9,4,5.67,1,83745.03,4,1,1,6,0
101749,Email Campaign,Finance,Hyderabad,Medium,54,5,2,5.73,1,42425.61,0,0,1,13,1
101750,Email Campaign,Manufacturing,Hyderabad,Medium,24,4,3,9.29,0,0.0,1,0,0,11,0
101751,Social Media,Manufacturing,Hyderabad,Small,52,4,3,16.14,0,0.0,4,0,0,11,1
101752,Website,Finance,Hyderabad,Medium,109,4,0,30.14,1,114912.27,4,0,0,10,0
101753,Partner,Education,Chennai,Medium,83,4,1,48.67,1,46187.37,2,0,0,10,1
101754,Cold Call,Manufacturing,Chennai,Large,83,4,1,11.34,0,0.0,2,0,0,12,0
101755,Referral,Healthcare,Bengaluru,Medium,62,1,3,32.77,1,47455.69,2,0,0,4,1
101756,Email Campaign,Education,Bengaluru,Medium,19,7,3,22.95,1,52420.25,6,1,1,8,0
101757,Website,Technology,Mumbai,Small,114,2,1,52.3,1,40947.04,7,0,1,2,1
101758,Partner,Technology,Delhi,Medium,89,5,1,56.96,1,51274.83,2,1,1,6,0
101759,Partner,Finance,Chennai,Medium,62,6,3,53.49,0,0.0,6,0,0,5,0
101760,Partner,Retail,Hyderabad,Large,87,5,3,37.79,0,0.0,4,1,0,4,0
101761,Referral,Finance,Mumbai,Large,44,3,1,16.87,0,0.0,3,0,0,9,0
101762,Website,Education,Kolkata,Large,90,4,2,21.22,1,114829.78,5,0,0,7,0
101763,Website,Finance,Mumbai,Medium,117,7,0,20.43,0,0.0,3,0,1,7,0
101764,Website,Finance,Delhi,Small,42,5,0,11.66,0,0.0,4,0,0,14,0
101765,Website,Retail,Hyderabad,Enterprise,2,7,5,9.07,1,251664.86,5,0,1,6,1
101766,Website,Technology,Hyderabad,Enterprise,89,5,3,5.69,1,227984.97,6,0,0,2,1
101767,Partner,Retail,Mumbai,Small,103,2,5,5.1,0,0.0,4,1,0,12,1
101768,Website,Finance,Pune,Large,100,5,2,17.95,0,0.0,6,0,0,4,1
101769,Website,Education,Delhi,Medium,118,5,5,13.73,0,0.0,6,1,1,15,1
101770,Cold Call,Retail,Pune,Small,42,5,2,22.8,0,0.0,2,0,0,10,0
101771,Social Media,Technology,Kolkata,Enterprise,111,5,2,22.78,1,42332.65,2,0,0,4,0
101772,Cold Call,Technology,Chennai,Enterprise,25,8,3,29.76,1,347590.41,4,0,1,9,1
101773,Social Media,Technology,Kolkata,Enterprise,71,5,1,13.03,1,103034.54,2,0,0,14,1
101774,Partner,Education,Hyderabad,Small,107,4,1,29.04,1,64355.37,3,0,1,14,1
101775,Social Media,Retail,Hyderabad,Medium,110,1,0,30.12,0,0.0,1,0,0,6,0
101776,Email Campaign,Healthcare,Bengaluru,Large,75,7,0,15.54,1,160321.01,1,0,1,1,1
101777,Social Media,Technology,Pune,Large,66,4,3,55.27,0,0.0,8,0,0,2,0
101778,Email Campaign,Manufacturing,Pune,Medium,56,9,1,11.75,0,0.0,5,0,1,14,0
101779,Referral,Technology,Mumbai,Medium,105,8,1,15.71,0,0.0,5,1,0,10,1
101780,Email Campaign,Retail,Mumbai,Small,106,6,3,16.08,1,51902.83,5,1,0,11,1
101781,Website,Manufacturing,Chennai,Medium,29,5,2,24.9,1,44551.55,1,0,0,11,0
101782,Cold Call,Finance,Delhi,Large,17,6,2,52.32,0,0.0,3,0,0,12,0
101783,Referral,Healthcare,Mumbai,Small,98,6,2,10.18,0,0.0,6,0,0,8,0
101784,Website,Technology,Chennai,Small,98,8,1,40.66,1,97928.3,7,1,0,6,0
101785,Website,Finance,Bengaluru,Medium,12,8,5,,1,49529.41,6,0,1,4,0
101786,Cold Call,Education,Bengaluru,Medium,59,3,1,52.97,0,0.0,1,0,0,5,0
101787,Referral,Retail,Kolkata,Medium,61,2,1,9.6,0,0.0,5,1,0,12,0
101788,Social Media,Manufacturing,Kolkata,Small,6,5,1,56.04,0,0.0,3,0,0,1,0
101789,Cold Call,Healthcare,Bengaluru,Large,80,4,1,26.86,0,0.0,3,0,0,3,0
101790,Website,Technology,Delhi,Small,117,5,1,6.66,1,41864.87,12,0,0,12,0
101791,Cold Call,Retail,Chennai,Medium,26,4,2,7.9,0,0.0,5,1,0,10,0
101792,Referral,Healthcare,Delhi,Medium,94,5,4,8.65,0,0.0,6,0,1,3,1
101793,Website,Technology,Mumbai,Medium,10,4,2,25.96,0,0.0,5,0,0,1,1
101794,Social Media,Healthcare,Bengaluru,Medium,26,5,4,25.57,1,87704.41,7,0,0,4,0
101795,Partner,Retail,Kolkata,Large,68,5,2,24.8,1,205117.28,8,1,1,2,1
101796,Referral,Manufacturing,Delhi,Medium,111,2,2,10.78,1,23263.59,3,0,0,5,1
101797,Email Campaign,Finance,Kolkata,Medium,107,7,3,6.98,0,0.0,3,0,0,13,1
101798,Referral,Manufacturing,Chennai,Medium,113,3,4,18.14,1,33830.69,2,1,1,14,1
101799,Email Campaign,Finance,Hyderabad,Medium,119,4,4,33.3,0,0.0,1,0,0,5,0
101800,Social Media,Finance,Hyderabad,Medium,97,3,1,21.08,0,0.0,4,0,0,5,0
101801,Social Media,Technology,Kolkata,Medium,44,3,2,8.04,0,0.0,3,1,1,13,0
101802,Social Media,Manufacturing,Bengaluru,Medium,16,6,8,13.31,1,48963.14,3,0,1,7,1
101803,Website,Finance,Kolkata,Small,99,4,2,33.51,0,0.0,11,1,0,4,0
101804,Social Media,Healthcare,Chennai,Large,23,4,1,9.01,0,0.0,2,1,0,12,1
101805,Social Media,Technology,Mumbai,Small,63,1,0,26.91,0,0.0,6,0,0,8,0
101806,Social Media,Retail,Chennai,Enterprise,91,6,1,11.53,1,290900.62,1,0,1,14,1
101807,Website,Manufacturing,Mumbai,Medium,5,3,0,12.36,0,0.0,5,1,0,14,0
101808,Email Campaign,Finance,Pune,Small,110,1,0,33.52,0,0.0,0,0,0,12,0
101809,Referral,Education,Chennai,Large,37,5,3,14.31,0,0.0,5,0,1,15,1
101810,Website,Technology,Bengaluru,Medium,26,7,1,10.24,1,34970.57,3,0,1,9,1
101811,Website,Technology,Kolkata,Enterprise,45,4,2,6.54,1,269167.06,4,0,0,9,1
101812,Email Campaign,Retail,Pune,Enterprise,56,6,4,6.22,0,0.0,3,0,0,1,1
101813,Cold Call,Retail,Bengaluru,Large,55,5,0,23.93,0,0.0,3,0,1,3,0
101814,Website,Finance,Chennai,Medium,19,4,1,21.12,1,231391.36,8,0,1,3,1
101815,Cold Call,Healthcare,Delhi,Enterprise,23,5,2,44.36,0,0.0,3,0,0,14,0
101816,Email Campaign,Finance,Delhi,Medium,58,4,2,28.21,0,0.0,4,0,0,4,0
101817,Cold Call,Healthcare,Bengaluru,Large,28,5,1,24.29,0,0.0,1,0,0,10,0
101818,Email Campaign,Retail,Hyderabad,Small,78,7,6,12.99,1,22921.33,4,0,1,7,1
101819,Email Campaign,Education,Mumbai,,108,14,2,9.52,1,411942.57,3,0,1,12,0
101820,Social Media,Healthcare,Kolkata,Large,3,11,0,33.15,1,60466.01,1,0,1,6,1
101821,Partner,Retail,Hyderabad,Medium,5,7,1,10.98,1,66851.63,7,0,0,15,0
101822,Email Campaign,Retail,Mumbai,Enterprise,78,5,0,9.79,1,259051.89,4,0,0,8,1
101823,Email Campaign,Finance,Bengaluru,Large,4,4,0,54.88,0,0.0,2,0,0,4,0
101824,Social Media,Finance,Hyderabad,Enterprise,77,9,1,15.55,1,205154.79,3,1,1,7,1
101825,Cold Call,Education,Pune,Small,59,2,0,10.73,0,0.0,2,0,0,6,0
101826,Website,Technology,Hyderabad,Medium,55,9,7,65.23,1,94389.72,5,0,0,11,1
101827,Email Campaign,Manufacturing,Pune,Large,73,11,2,13.11,1,87156.5,2,0,1,5,0
101828,Email Campaign,Technology,Pune,Small,108,5,3,17.74,1,67910.46,5,0,1,1,0
101829,Partner,Manufacturing,Delhi,Large,16,3,3,39.39,0,0.0,2,1,0,12,1
101830,Email Campaign,Technology,Bengaluru,Large,17,3,0,55.58,1,77819.25,3,0,0,15,1
101831,Email Campaign,Education,Bengaluru,Small,84,7,2,23.08,0,0.0,5,1,0,4,1
101832,Partner,Retail,Pune,Large,7,7,7,47.9,0,0.0,3,0,1,13,1
101833,Email Campaign,Technology,Kolkata,Small,52,9,5,21.98,0,0.0,1,0,0,1,0
101834,Website,Retail,Mumbai,Large,60,5,1,10.52,1,63558.29,4,0,1,6,0
101835,Website,Retail,Delhi,Large,48,6,1,11.51,1,202551.98,6,0,0,1,0
101836,Website,Finance,Chennai,Medium,64,5,4,52.75,1,21086.31,8,0,1,6,1
101837,Website,Finance,Pune,Medium,14,6,1,24.99,1,184438.23,3,0,0,10,0
101838,Email Campaign,Retail,Bengaluru,Medium,33,6,3,17.06,1,126738.46,5,0,1,15,0
101839,Cold Call,Manufacturing,Mumbai,Medium,1,5,7,8.91,0,0.0,6,0,0,13,0
101840,Cold Call,Finance,Delhi,Large,116,4,2,10.51,1,79167.73,4,0,0,15,1
101841,Website,Manufacturing,Pune,Medium,100,5,1,22.73,1,59181.22,5,0,1,10,1
101842,Email Campaign,Finance,Mumbai,Medium,31,9,3,9.77,1,83422.14,2,0,1,6,1
101843,Website,Technology,Kolkata,Small,5,5,2,6.05,0,0.0,3,0,1,14,1
101844,Partner,Retail,Pune,Large,33,7,1,17.52,1,99543.46,7,0,1,1,1
101845,Website,Technology,Mumbai,Large,115,4,2,15.73,1,131685.95,7,1,1,13,0
101846,,Finance,Bengaluru,Small,98,1,0,11.44,0,0.0,1,0,0,15,0
101847,Referral,Healthcare,Bengaluru,Small,80,6,2,73.79,1,99755.51,4,0,1,1,1
101848,Social Media,Finance,Bengaluru,Small,111,4,1,52.76,0,0.0,2,0,0,10,0
101849,Referral,Technology,Chennai,Small,22,5,5,17.52,0,0.0,3,1,0,14,1
101850,Cold Call,Retail,Pune,Medium,65,4,1,8.17,0,0.0,6,1,0,11,1
101851,Website,Healthcare,Mumbai,Large,96,12,1,18.29,1,107545.59,4,0,0,15,0
101852,Partner,Manufacturing,Kolkata,Medium,3,4,3,15.11,0,0.0,7,0,0,5,1
101853,Email Campaign,Retail,Pune,Small,53,3,0,2.37,1,41746.42,4,0,0,10,0
101854,Cold Call,Healthcare,Delhi,Medium,43,4,1,51.55,1,180693.4,3,0,1,13,0
101855,Cold Call,Finance,Mumbai,Large,22,5,2,10.2,1,52064.0,8,0,0,2,0
101856,Partner,Manufacturing,Kolkata,Medium,27,7,4,70.94,0,0.0,2,0,0,9,0
101857,Website,Technology,Pune,Small,117,2,2,13.46,0,0.0,4,0,0,15,1
101858,Referral,Finance,Kolkata,Large,62,7,0,44.88,0,0.0,2,0,0,8,0
101859,Referral,Manufacturing,Delhi,Small,10,3,1,43.46,0,0.0,6,0,1,13,0
101860,Referral,Manufacturing,Delhi,Large,82,3,2,29.35,0,0.0,1,0,0,12,0
101861,Social Media,Retail,Mumbai,Large,71,4,1,25.51,0,0.0,4,0,0,5,0
101862,Partner,Technology,Mumbai,Large,48,5,0,22.08,0,0.0,3,0,0,6,1
101863,Partner,Technology,Hyderabad,Small,48,8,3,21.1,1,31451.01,5,0,1,8,1
101864,Email Campaign,Healthcare,Delhi,Small,65,5,2,7.53,0,0.0,2,0,0,7,1
101865,Social Media,Manufacturing,Hyderabad,Large,112,7,3,10.84,1,121703.79,1,0,1,9,1
101866,Cold Call,Healthcare,Mumbai,Medium,92,5,4,4.35,1,58610.15,2,1,1,10,1
101867,Partner,Technology,Delhi,Medium,49,5,1,14.17,1,88549.09,2,0,1,7,0
101868,Website,Technology,Chennai,Medium,30,5,6,6.02,1,76771.59,6,1,1,10,0
101869,Email Campaign,Retail,Bengaluru,Small,14,0,0,25.62,1,79546.2,2,0,0,10,0
101870,Cold Call,Retail,Pune,Medium,24,4,1,2.95,0,0.0,3,0,1,15,0
101871,Referral,Technology,Kolkata,Enterprise,17,6,2,12.23,0,0.0,4,1,0,13,1
101872,Email Campaign,Technology,Bengaluru,Large,97,4,0,20.3,0,0.0,2,0,0,9,1
101873,Partner,Finance,Hyderabad,Medium,70,2,4,26.54,1,51123.35,2,0,0,3,1
101874,Partner,Technology,Hyderabad,Enterprise,5,6,2,6.75,1,429198.07,2,1,1,5,1
101875,Partner,Healthcare,Hyderabad,Large,112,4,1,53.1,1,194402.52,4,0,0,5,1
101876,Cold Call,Technology,Hyderabad,Small,19,6,2,20.2,0,0.0,4,0,0,5,1
101877,Referral,Retail,Mumbai,Large,78,13,5,9.82,1,79082.07,6,1,1,15,1
101878,Referral,Manufacturing,Chennai,Small,2,3,2,7.96,0,0.0,4,0,0,9,0
101879,Email Campaign,Education,Chennai,Medium,71,3,1,12.37,1,207709.46,4,0,0,15,1
101880,Email Campaign,Education,Hyderabad,Medium,67,1,0,7.64,0,0.0,2,0,0,2,0
101881,Email Campaign,Finance,Bengaluru,Small,110,5,1,17.1,1,31037.56,2,0,1,11,0
101882,Social Media,Technology,Delhi,Small,73,3,4,5.02,0,0.0,3,0,0,9,0
101883,Referral,Finance,Kolkata,Medium,59,3,0,10.41,0,0.0,3,0,0,12,0
101884,Cold Call,Retail,Mumbai,Small,64,1,2,15.0,0,0.0,3,1,0,6,0
101885,Referral,Technology,Bengaluru,Medium,76,3,1,10.51,0,0.0,6,0,0,8,1
101886,Referral,Finance,Delhi,Small,50,3,0,12.86,1,66531.71,1,0,0,6,1
101887,Website,Finance,Kolkata,Large,86,3,1,10.58,0,0.0,4,0,0,11,1
101888,Website,Technology,Chennai,Large,64,10,0,21.93,1,84800.2,3,0,1,3,1
101889,Cold Call,Retail,Bengaluru,Small,117,5,3,33.47,1,41842.99,1,0,1,10,1
101890,Email Campaign,Retail,Mumbai,Large,24,6,2,47.9,1,126550.59,8,1,1,8,0
101891,Website,Healthcare,Delhi,Small,88,3,2,30.9,1,47641.08,2,1,0,12,1
101892,Cold Call,Education,Mumbai,Medium,100,6,3,62.71,1,84060.51,4,0,1,1,1
101893,Email Campaign,Technology,Mumbai,Medium,87,3,2,46.7,0,0.0,7,1,0,3,0
101894,Website,Technology,Bengaluru,Small,118,5,2,15.89,0,0.0,7,0,0,10,0
101895,Referral,Finance,Chennai,Small,53,3,1,15.66,1,54199.47,4,0,0,6,0
101896,Website,Retail,Mumbai,Large,65,6,2,71.33,0,0.0,7,1,0,5,1
101897,Social Media,Retail,Bengaluru,Large,19,4,2,14.48,0,0.0,2,0,0,14,0
101898,Referral,Technology,Bengaluru,Enterprise,45,10,2,6.49,1,341085.96,3,1,1,14,1
101899,Website,Education,Mumbai,Enterprise,20,8,7,33.33,0,0.0,4,0,0,2,1
101900,Website,Finance,Chennai,Medium,96,6,4,57.84,0,0.0,5,0,0,8,0
101901,Social Media,Finance,Pune,Small,94,4,1,29.27,0,0.0,5,0,1,11,0
101902,Website,Retail,Hyderabad,Small,24,3,1,13.43,0,0.0,3,0,0,12,1
101903,Cold Call,Education,Hyderabad,Medium,97,3,2,48.17,0,0.0,4,0,0,4,0
101904,Website,Retail,Kolkata,Large,39,9,2,7.08,0,0.0,5,0,1,13,1
101905,Social Media,Education,Mumbai,Small,88,3,0,22.41,1,40448.5,4,0,1,10,1
101906,Email Campaign,Technology,Bengaluru,Small,113,6,2,11.66,0,0.0,0,0,0,14,0
101907,Email Campaign,Retail,Chennai,Medium,100,4,0,9.98,0,0.0,5,0,0,11,1
101908,Website,Manufacturing,Mumbai,Large,23,7,5,8.21,0,0.0,5,0,0,14,0
101909,Cold Call,Healthcare,Bengaluru,Medium,22,1,1,27.44,0,0.0,2,0,0,1,0
101910,Partner,Finance,Pune,Large,14,6,2,21.09,0,0.0,4,1,0,4,0
101911,Website,Education,Chennai,Medium,102,5,2,36.73,0,0.0,8,0,0,8,0
101912,Website,Technology,Hyderabad,Medium,66,3,1,10.08,0,0.0,4,0,0,5,0
101913,Partner,Healthcare,Kolkata,Medium,19,4,1,158.22,0,0.0,1,0,0,3,0
101914,Email Campaign,,Bengaluru,Large,71,4,1,19.14,1,83250.37,0,0,0,11,0
101915,Website,Education,Hyderabad,Large,64,1,0,17.75,0,0.0,3,0,0,15,0
101916,Website,Education,Hyderabad,Medium,72,7,1,30.54,1,132522.16,6,0,1,9,1
101917,Social Media,Education,Chennai,Small,77,4,1,5.72,0,0.0,5,0,0,10,0
101918,Cold Call,Technology,Pune,Small,20,2,2,70.57,0,0.0,3,0,0,10,0
101919,Social Media,Education,Chennai,Small,47,2,2,11.84,1,31853.47,9,1,0,7,0
101920,Partner,Healthcare,Chennai,Small,87,3,3,31.63,1,46052.43,2,0,0,11,0
101921,Email Campaign,Retail,Kolkata,Small,110,7,3,21.1,0,,5,0,1,13,1
101922,Referral,Finance,Bengaluru,Large,30,3,3,18.11,0,0.0,2,0,0,2,0
101923,Email Campaign,Manufacturing,Pune,Large,69,5,2,34.85,0,0.0,3,0,0,5,0
101924,Referral,Retail,Delhi,Large,114,5,2,19.86,1,56588.8,3,1,1,3,1
101925,Website,Manufacturing,Bengaluru,Large,73,3,2,20.32,0,0.0,9,0,1,12,1
101926,Website,Technology,Chennai,Enterprise,28,3,4,26.94,1,53460.01,2,0,1,10,1
101927,Referral,Technology,Bengaluru,Enterprise,71,9,3,16.38,0,0.0,2,0,0,11,1
101928,Social Media,Healthcare,Chennai,Small,3,6,3,20.66,1,29122.9,4,0,1,10,1
101929,Website,Technology,Pune,Small,59,5,3,12.1,1,41403.57,9,0,1,8,0
101930,Email Campaign,Retail,Mumbai,Small,69,3,4,7.89,0,0.0,0,0,0,13,0
101931,Social Media,Finance,Delhi,Large,7,6,1,41.76,1,266795.41,4,0,1,3,1
101932,Social Media,Healthcare,Chennai,Small,25,6,3,9.18,0,0.0,2,0,1,11,0
101933,Cold Call,Technology,Pune,Medium,119,4,2,42.74,0,0.0,6,0,1,13,0
101934,Cold Call,Technology,Delhi,Medium,76,10,3,11.23,0,0.0,4,0,0,4,0
101935,Social Media,Retail,Hyderabad,Medium,56,5,3,16.3,1,43772.13,5,1,1,11,1
101936,Website,Finance,Bengaluru,Medium,28,6,0,35.87,1,47775.27,3,0,0,2,0
101937,Email Campaign,Technology,Hyderabad,Large,15,2,1,49.44,0,0.0,1,0,0,3,0
101938,Social Media,Technology,Kolkata,Medium,52,7,1,22.23,0,0.0,4,0,1,6,1
101939,Website,Technology,Delhi,Large,66,4,1,58.63,1,92454.55,6,1,0,15,1
101940,Website,Retail,Hyderabad,Small,22,4,0,6.29,1,99685.87,5,0,0,6,1
101941,Website,Technology,Delhi,Large,97,4,3,4.1,1,172042.65,4,0,1,7,0
101942,Email Campaign,Finance,Kolkata,Medium,52,6,4,5.3,0,0.0,2,0,0,12,0
101943,Referral,Retail,Hyderabad,Small,7,6,3,5.18,0,0.0,4,0,0,12,0
101944,Website,Healthcare,Hyderabad,Enterprise,17,2,1,6.56,0,0.0,6,0,0,11,0
101945,Cold Call,Retail,Kolkata,Enterprise,104,2,1,16.02,0,0.0,2,0,0,1,1
101946,Partner,Finance,Chennai,Large,41,4,3,9.75,0,0.0,4,0,0,14,0
101947,Website,Education,Delhi,Enterprise,45,8,4,15.6,1,89287.08,6,0,1,4,1
101948,Partner,Healthcare,Chennai,Medium,24,4,1,7.68,1,93270.24,1,0,1,8,1
101949,Website,Finance,Chennai,Small,97,6,2,15.94,0,0.0,2,0,0,11,0
101950,Partner,Education,Kolkata,Small,98,7,2,35.0,0,0.0,5,0,0,5,1
101951,Partner,Retail,Pune,Large,30,2,4,11.32,0,0.0,7,0,0,11,1
101952,Website,Retail,Kolkata,Large,88,8,3,14.7,0,0.0,8,1,1,8,1
101953,Cold Call,Education,Pune,Enterprise,55,2,1,43.28,1,397047.02,3,0,0,3,0
101954,Partner,Technology,Delhi,Large,21,8,4,37.35,0,0.0,4,0,0,4,1
101955,Partner,Manufacturing,Chennai,Medium,96,4,0,10.92,1,102144.53,2,0,0,12,1
101956,Partner,Retail,Mumbai,Small,10,5,3,55.1,0,0.0,7,1,0,1,1
101957,Email Campaign,Finance,Bengaluru,Small,105,3,2,15.58,0,0.0,3,0,0,6,0
101958,Website,Finance,Bengaluru,Medium,4,13,9,27.64,0,0.0,6,0,0,8,1
101959,Cold Call,Technology,Kolkata,Large,39,6,6,8.47,0,0.0,3,0,0,6,0
101960,Social Media,Education,Chennai,Small,28,5,4,10.76,0,0.0,1,0,0,7,0
101961,Social Media,Technology,Mumbai,Enterprise,29,7,3,5.74,0,0.0,3,0,1,15,1
101962,Referral,Finance,Bengaluru,Large,58,6,1,22.9,1,375332.12,4,1,1,1,1
101963,Email Campaign,Retail,Kolkata,Medium,91,6,3,9.48,0,0.0,3,1,0,15,0
101964,Website,Retail,Kolkata,Large,48,6,4,9.18,0,0.0,5,0,0,11,0
101965,Cold Call,Technology,Bengaluru,Medium,62,2,1,16.8,0,0.0,6,0,0,14,1
101966,Website,Manufacturing,Chennai,Large,117,6,3,31.85,1,64796.21,8,1,1,10,1
101967,Cold Call,Healthcare,Pune,Medium,60,5,0,12.1,0,0.0,4,1,0,15,0
101968,Cold Call,Manufacturing,Delhi,Medium,96,4,5,26.53,0,0.0,5,0,0,2,0
101969,Email Campaign,Technology,Pune,Small,47,1,1,15.01,0,0.0,3,0,0,11,0
101970,Email Campaign,Technology,Hyderabad,Medium,10,5,2,,0,0.0,4,1,0,11,1
101971,Referral,Retail,Hyderabad,Large,31,6,1,10.21,0,0.0,0,0,0,14,0
101972,Partner,Technology,Delhi,Enterprise,20,6,1,60.18,0,0.0,3,0,1,2,0
101973,Cold Call,Healthcare,Kolkata,Large,109,4,1,13.7,1,146027.88,4,0,1,8,0
101974,Referral,Technology,Pune,Small,4,2,1,71.7,0,0.0,1,0,0,8,0
101975,Website,Manufacturing,Chennai,Enterprise,99,7,1,16.14,1,,5,0,1,2,1
101976,Website,Education,Kolkata,Small,17,4,0,10.03,0,0.0,3,0,0,10,0
101977,Email Campaign,Manufacturing,Bengaluru,Small,19,5,2,77.44,1,51533.35,3,1,1,8,0
101978,Partner,Education,Delhi,Large,64,3,3,47.19,0,0.0,1,0,0,8,0
101979,Cold Call,Education,Chennai,Enterprise,10,5,0,10.61,0,0.0,3,1,0,11,0
101980,Website,Healthcare,Bengaluru,Enterprise,10,10,3,13.7,1,332427.87,3,1,0,12,0
101981,Cold Call,Finance,Chennai,Large,94,8,5,3.66,1,271773.67,0,0,0,10,1
101982,Referral,Education,Mumbai,Small,8,5,2,31.21,1,66052.99,2,0,1,6,1
101983,Cold Call,Education,Delhi,Small,72,7,5,9.12,1,38287.63,3,1,1,15,1
101984,Website,Education,Hyderabad,Small,15,3,0,19.51,1,48957.52,4,0,0,4,0
101985,Social Media,Manufacturing,Mumbai,Medium,11,8,1,8.41,0,0.0,4,0,1,6,0
101986,Partner,Technology,Hyderabad,Medium,81,7,5,41.13,0,0.0,7,1,0,8,0
101987,Referral,Education,Bengaluru,Small,48,8,2,12.2,1,13673.75,1,0,1,5,1
101988,Social Media,Education,Bengaluru,Medium,3,5,3,25.34,1,84484.84,1,1,1,6,1
101989,Partner,Retail,Bengaluru,Medium,82,7,4,12.87,0,0.0,2,0,0,14,1
101990,Website,Manufacturing,Chennai,Large,117,11,5,62.39,1,214965.99,6,0,1,3,0
101991,Website,Retail,Hyderabad,Medium,68,8,8,31.92,1,58673.95,3,0,0,8,1
101992,Social Media,Education,Hyderabad,Medium,46,8,2,19.25,1,127830.28,4,0,1,8,1
101993,Referral,Technology,Chennai,Large,102,11,3,19.64,1,93227.3,6,0,0,2,0
101994,Website,Manufacturing,Pune,Large,41,7,2,9.76,1,68280.45,10,1,1,4,1
101995,Email Campaign,Technology,Bengaluru,Small,74,2,1,6.22,1,20812.38,4,0,1,5,1
101996,Cold Call,Finance,Hyderabad,Small,57,4,0,7.02,1,41946.48,2,0,0,8,1
101997,Referral,Technology,Hyderabad,Enterprise,88,10,3,23.03,0,,0,0,1,7,0
101998,Referral,Healthcare,Chennai,Large,63,4,2,30.25,0,0.0,2,0,0,9,0
101999,Cold Call,Technology,Delhi,Small,58,6,0,43.22,1,17854.73,4,0,0,6,1
102000,Email Campaign,Education,Mumbai,Medium,51,3,3,14.9,1,104892.29,5,0,0,12,0
102001,Cold Call,Healthcare,Bengaluru,Medium,36,4,0,20.13,0,0.0,6,0,0,6,0
102002,Email Campaign,Education,Hyderabad,Small,59,2,4,10.52,0,0.0,0,1,0,13,1
102003,Partner,Finance,Kolkata,Small,8,3,1,10.36,0,0.0,2,0,0,15,1
102004,Social Media,Technology,Delhi,Enterprise,41,6,2,25.34,0,0.0,0,0,0,11,1
102005,Website,Manufacturing,Pune,Medium,10,4,0,13.77,0,0.0,3,0,0,2,0
102006,Partner,Retail,Chennai,Small,39,7,3,16.35,1,71427.1,2,0,0,14,0
102007,Email Campaign,Healthcare,Hyderabad,Large,43,5,0,16.12,0,0.0,6,1,0,13,1
102008,Website,Manufacturing,Mumbai,Medium,4,2,0,16.86,0,0.0,2,0,0,9,0
102009,Website,Manufacturing,Pune,Medium,36,7,1,18.43,1,52021.32,6,0,0,6,0
102010,Social Media,Retail,Hyderabad,Small,81,1,1,34.7,0,0.0,3,0,0,11,0
102011,Website,Education,Chennai,Small,117,1,3,24.07,1,33132.94,1,0,0,10,0
102012,Referral,Retail,Delhi,Small,75,5,2,19.45,1,47930.13,3,0,0,12,1
102013,Website,Retail,Mumbai,Enterprise,86,9,4,27.03,1,190390.67,5,1,1,10,1
102014,Email Campaign,Finance,Delhi,Medium,81,7,2,10.83,0,0.0,3,1,1,13,1
102015,Referral,Technology,Bengaluru,Large,114,2,1,29.02,0,0.0,1,0,0,15,0
102016,Email Campaign,Finance,Hyderabad,Small,113,3,0,32.7,0,0.0,1,0,0,12,0
102017,Referral,Manufacturing,Hyderabad,Large,14,2,0,14.56,0,0.0,2,0,0,5,1
102018,Website,Retail,Chennai,Medium,57,7,2,15.09,1,36582.11,4,0,0,14,0
102019,Social Media,Finance,Delhi,Large,109,3,2,12.58,0,0.0,5,0,0,13,1
102020,Referral,Retail,Hyderabad,Medium,106,4,2,29.01,1,186288.38,1,0,0,8,0
102021,Social Media,Technology,Chennai,Medium,65,4,1,31.26,0,0.0,1,0,0,1,1
102022,Website,Finance,Mumbai,Small,54,6,1,6.68,1,56827.84,13,0,1,15,0
102023,Website,Education,Pune,Small,7,2,4,15.83,0,0.0,3,0,0,9,0
102024,Website,Healthcare,Delhi,Large,58,4,3,49.11,0,0.0,8,0,0,7,1
102025,Email Campaign,Finance,Pune,Small,61,5,1,13.46,1,158838.75,9,0,0,10,0
102026,Referral,Healthcare,Pune,Small,76,5,2,45.14,0,0.0,4,0,0,2,0
102027,Cold Call,Finance,Hyderabad,Enterprise,63,7,2,45.46,1,250233.47,6,0,0,13,0
102028,Referral,Retail,Bengaluru,Small,26,6,3,21.84,0,0.0,4,0,0,3,0
102029,Email Campaign,Education,Chennai,Medium,117,3,1,53.29,0,0.0,5,0,0,4,1
102030,Social Media,Retail,Bengaluru,Large,27,6,1,8.11,1,131634.29,2,0,0,9,1
102031,Website,Retail,Chennai,Large,46,3,1,19.24,0,0.0,6,0,1,10,0
102032,Email Campaign,Finance,Bengaluru,Small,62,3,1,32.23,1,25070.31,0,0,1,1,1
102033,Referral,Retail,Pune,Medium,36,7,1,12.07,0,0.0,1,0,1,9,0
102034,Referral,Finance,Delhi,Medium,9,9,5,16.44,1,96729.3,2,0,1,3,0
102035,Website,Technology,Mumbai,Medium,74,7,1,19.89,1,197229.12,1,0,0,15,1
102036,Cold Call,Manufacturing,Mumbai,Large,29,6,2,22.02,1,131820.57,4,0,0,6,0
102037,Partner,Healthcare,Delhi,Enterprise,106,2,3,25.23,0,0.0,4,0,0,8,1
102038,Website,Healthcare,Hyderabad,Small,96,4,3,119.5,0,0.0,4,0,0,10,0
102039,Social Media,Technology,Hyderabad,Small,52,2,0,19.43,0,0.0,1,0,0,3,0
102040,Cold Call,Manufacturing,Bengaluru,Large,56,6,0,8.93,1,83868.88,4,1,0,3,1
102041,Referral,Technology,Bengaluru,Medium,114,6,2,7.97,0,0.0,3,0,0,15,0
102042,Cold Call,Healthcare,Pune,Large,4,2,1,16.48,1,326144.56,3,0,0,9,1
102043,Social Media,Manufacturing,Chennai,Small,46,6,2,7.79,1,11876.68,6,1,0,4,0
102044,Partner,Healthcare,Mumbai,Small,8,5,1,19.62,1,95797.55,6,1,1,10,1
102045,Partner,Education,Chennai,Large,17,3,2,39.32,0,0.0,1,0,0,14,0
102046,Website,Technology,Delhi,Enterprise,111,10,4,48.61,0,0.0,6,0,0,12,0
102047,Email Campaign,Retail,Delhi,Small,13,5,4,19.17,0,0.0,6,0,0,7,0
102048,Email Campaign,Education,Kolkata,Large,115,5,4,24.82,0,0.0,6,0,0,10,0
102049,Website,Healthcare,Mumbai,Medium,95,3,2,27.77,1,168999.79,8,0,1,14,1
102050,Referral,Retail,Kolkata,Small,77,4,1,147.78,0,0.0,1,0,0,4,0
102051,Partner,Finance,Delhi,Medium,90,4,2,16.22,0,0.0,1,0,0,12,0
102052,,Manufacturing,Kolkata,Small,23,3,3,7.37,1,52193.17,4,0,1,15,0
102053,Email Campaign,Education,Mumbai,Large,15,5,1,15.56,0,0.0,2,0,0,6,0
102054,Cold Call,Retail,Hyderabad,Small,45,5,3,8.19,1,55973.49,6,0,0,14,0
102055,Referral,Education,Kolkata,Medium,92,4,0,31.16,0,0.0,3,0,0,1,0
102056,Email Campaign,Retail,Mumbai,Small,37,8,5,33.42,1,,6,0,0,6,0
102057,Partner,Retail,Bengaluru,Large,22,9,2,20.98,0,0.0,6,0,1,5,0
102058,Email Campaign,Finance,Bengaluru,Enterprise,95,7,1,13.98,0,0.0,4,0,1,1,1
102059,Website,Retail,Pune,Medium,77,7,4,10.79,1,89641.4,5,1,1,10,1
102060,Website,Education,Hyderabad,Medium,65,5,5,34.61,0,0.0,5,0,0,8,1
102061,Partner,Retail,Hyderabad,Enterprise,50,6,2,13.59,0,0.0,3,0,0,6,0
102062,Referral,Technology,Kolkata,Small,94,3,1,88.91,1,18178.29,4,0,1,13,0
102063,Email Campaign,Healthcare,Hyderabad,Large,89,2,0,10.74,1,114014.69,2,0,0,4,0
102064,Website,Manufacturing,Hyderabad,Medium,44,2,0,7.21,1,63019.76,2,0,0,13,1
102065,Referral,Education,Chennai,Large,16,4,1,8.64,1,77126.79,3,0,0,10,1
102066,Partner,Technology,Kolkata,Small,105,5,1,33.62,0,0.0,5,0,0,14,0
102067,Email Campaign,Technology,Pune,Small,17,3,1,19.62,1,23535.27,6,0,0,1,0
102068,Partner,Healthcare,Kolkata,Medium,52,4,1,10.47,1,53778.63,3,0,1,15,1
102069,Referral,Technology,Delhi,Small,108,3,2,85.85,1,30846.3,6,0,0,1,1
102070,Email Campaign,Education,Kolkata,Small,51,5,2,2.63,0,0.0,3,1,1,11,1
102071,Cold Call,Healthcare,Chennai,Enterprise,100,3,2,19.04,0,0.0,1,1,0,12,0
102072,Email Campaign,Healthcare,Delhi,Small,59,3,2,18.28,0,0.0,1,0,0,3,0
102073,Referral,Technology,Chennai,Small,90,4,0,137.31,1,11760.41,3,0,1,1,0
102074,Cold Call,Healthcare,Pune,Small,72,6,3,16.89,0,,3,0,0,1,0
102075,Referral,Education,Chennai,Medium,34,7,2,13.31,0,0.0,5,1,0,2,1
102076,Email Campaign,Healthcare,Delhi,Medium,108,3,1,35.47,0,0.0,3,0,1,3,0
102077,Partner,Technology,Chennai,Small,57,4,1,17.19,0,0.0,2,0,0,15,0
102078,Website,Finance,Kolkata,Large,55,5,2,31.81,1,283415.71,3,0,1,4,1
102079,Referral,Education,Delhi,Large,80,8,2,11.19,1,255815.32,2,0,1,13,1
102080,Website,Education,Pune,Small,112,4,3,15.61,0,0.0,10,0,0,1,0
102081,Referral,Technology,Hyderabad,Large,105,7,3,8.68,1,99361.51,3,0,0,10,1
102082,Website,Retail,Pune,Medium,48,3,2,22.66,1,83227.33,3,0,0,7,0
102083,Social Media,Technology,Mumbai,Medium,28,6,3,,0,0.0,2,0,0,9,1
102084,Website,Retail,Mumbai,Enterprise,39,9,1,19.75,1,107419.32,7,0,1,12,1
102085,Social Media,Technology,Hyderabad,Large,32,8,5,117.6,1,107370.03,7,1,1,4,0
102086,Referral,Manufacturing,Kolkata,Medium,36,2,0,70.62,1,41030.31,4,0,1,1,1
102087,Referral,Education,Pune,Medium,52,2,0,20.56,0,0.0,2,0,0,4,0
102088,Referral,Technology,Chennai,Small,3,4,1,10.73,0,0.0,3,0,0,13,0
102089,Social Media,Healthcare,Hyderabad,Medium,64,5,3,41.33,1,42049.47,1,0,0,9,1
102090,Email Campaign,Technology,Pune,Large,102,5,1,24.17,0,0.0,1,0,1,14,0
102091,Referral,Finance,Bengaluru,Small,52,3,0,18.53,0,0.0,0,0,0,13,1
102092,Cold Call,Technology,Chennai,Enterprise,10,5,2,35.69,0,0.0,2,1,0,3,1
102093,Email Campaign,Finance,Mumbai,Large,47,10,3,11.96,0,0.0,5,1,0,1,1
102094,Website,Education,Delhi,Small,41,9,6,42.63,1,56357.63,7,0,1,1,1
102095,Partner,Technology,Kolkata,Large,72,4,5,15.12,0,0.0,3,0,0,3,0
102096,Referral,Manufacturing,Delhi,Large,31,5,2,16.51,0,0.0,4,0,1,8,1
102097,Website,Technology,Delhi,Medium,37,12,1,40.27,1,26821.4,9,1,1,1,1
102098,Email Campaign,Healthcare,Pune,Medium,90,2,4,27.13,0,0.0,4,0,0,14,1
102099,Website,Healthcare,Hyderabad,Large,22,3,3,4.18,0,0.0,3,0,0,8,0
102100,Website,Education,Kolkata,Enterprise,112,8,3,47.41,0,0.0,5,0,0,12,0
102101,Cold Call,Technology,Kolkata,Small,36,3,0,27.8,1,48422.48,4,0,0,14,0
102102,Website,Technology,Bengaluru,Large,99,10,4,13.55,1,107508.3,7,1,1,1,1
102103,Cold Call,Manufacturing,Hyderabad,Large,10,7,4,14.23,1,134306.77,2,0,1,7,0
102104,Partner,Retail,Chennai,Enterprise,39,5,1,18.9,1,216380.21,3,0,0,11,0
102105,Social Media,Retail,Bengaluru,Small,46,2,3,10.62,1,144920.36,3,0,1,15,0
102106,Social Media,Technology,Bengaluru,Medium,55,7,6,6.01,0,0.0,1,1,1,13,0
102107,Social Media,Finance,Kolkata,Large,12,7,2,11.59,1,154089.73,1,0,0,4,0
102108,Partner,Manufacturing,Hyderabad,Small,30,2,2,33.01,0,0.0,0,0,0,5,0
102109,Referral,Retail,Delhi,Medium,106,3,4,7.44,0,0.0,2,0,1,12,1
102110,Website,Retail,Bengaluru,Medium,111,5,1,16.19,0,0.0,3,0,1,10,0
102111,Email Campaign,Finance,Mumbai,Medium,53,4,0,29.41,1,99424.99,5,0,1,4,0
102112,Email Campaign,Finance,Bengaluru,Large,15,3,0,22.06,1,91074.48,2,0,0,8,1
102113,Website,Education,Chennai,Small,34,3,0,11.21,1,51869.23,7,1,1,14,1
102114,Social Media,Retail,Kolkata,Large,115,4,2,13.99,1,149077.05,3,0,0,4,0
102115,Website,Technology,Bengaluru,Small,111,5,1,9.49,1,77986.82,4,0,1,5,0
102116,Partner,Education,Mumbai,Large,98,6,5,18.32,0,0.0,1,0,0,14,1
102117,Referral,Retail,Chennai,Medium,104,5,1,8.63,0,0.0,3,0,1,11,1
102118,Website,Finance,Hyderabad,Small,86,4,2,90.35,0,0.0,7,0,0,4,0
102119,Website,Finance,Kolkata,Enterprise,75,9,2,17.3,1,162201.87,10,0,0,5,1
102120,Website,Retail,Mumbai,Large,93,2,2,17.77,1,116706.24,4,0,0,13,1
102121,Referral,Finance,Bengaluru,Medium,78,5,0,12.88,0,0.0,1,1,1,5,1
102122,Website,Retail,Hyderabad,Small,41,3,2,25.42,0,0.0,8,0,0,11,0
102123,Referral,Retail,Pune,Medium,77,4,1,4.76,0,0.0,4,1,0,8,1
102124,Website,Technology,Pune,Enterprise,36,7,3,28.49,0,0.0,7,0,0,4,1
102125,Referral,Education,Bengaluru,Small,76,4,4,16.58,0,0.0,0,0,1,6,0
102126,Referral,Finance,Delhi,Enterprise,46,6,3,110.17,1,241213.22,1,0,1,11,0
102127,Referral,Healthcare,Mumbai,Medium,59,4,1,14.27,0,0.0,4,0,0,13,1
102128,Referral,Retail,Pune,Large,22,1,3,13.72,0,0.0,5,0,0,1,0
102129,Website,Retail,Pune,Medium,115,3,2,27.69,0,0.0,5,0,0,14,0
102130,Website,Healthcare,Hyderabad,Small,90,5,1,24.14,0,0.0,4,0,0,4,0
102131,Website,Retail,Kolkata,Enterprise,13,8,0,6.19,0,0.0,6,0,0,10,0
102132,Cold Call,Education,Kolkata,Small,58,7,4,66.23,0,0.0,3,1,1,5,1
102133,Partner,Manufacturing,Kolkata,Enterprise,55,8,2,8.5,0,0.0,3,0,0,5,0
102134,Partner,Manufacturing,Chennai,Small,107,2,1,10.73,0,0.0,3,0,0,14,1
102135,Email Campaign,Finance,Chennai,Small,91,2,1,20.08,0,0.0,1,0,0,11,0
102136,Email Campaign,Healthcare,Chennai,Enterprise,106,6,2,15.37,0,0.0,1,0,1,14,0
102137,Referral,Healthcare,Kolkata,Large,57,3,2,44.01,0,0.0,3,0,0,1,0
102138,Cold Call,Technology,Kolkata,Small,19,4,4,8.08,0,0.0,1,0,0,5,0
102139,Cold Call,Manufacturing,Bengaluru,Medium,87,0,0,20.99,0,0.0,2,0,0,1,0
102140,Cold Call,Finance,Delhi,Small,27,5,3,10.11,0,0.0,6,0,0,8,0
102141,Partner,Finance,Kolkata,Large,77,4,2,29.38,0,0.0,2,0,0,7,0
102142,Email Campaign,Finance,Delhi,Small,50,2,1,26.58,1,21016.05,3,0,1,15,1
102143,Cold Call,Finance,Pune,Medium,42,5,3,16.96,0,0.0,1,0,0,4,0
102144,Cold Call,Finance,Bengaluru,Small,15,3,1,15.29,0,0.0,3,0,1,10,0
102145,Referral,Retail,Chennai,Large,97,11,2,9.55,0,0.0,1,0,0,15,0
102146,Partner,Retail,Mumbai,Enterprise,83,2,0,10.87,1,267223.48,3,0,0,2,1
102147,Website,Finance,Pune,Large,42,5,4,29.08,1,81298.88,1,0,1,7,1
102148,Partner,Technology,Bengaluru,Medium,89,7,3,9.97,0,0.0,4,0,0,6,1
102149,Cold Call,Manufacturing,Bengaluru,Small,119,4,2,23.61,0,0.0,0,0,0,1,0
102150,Website,Technology,Kolkata,Small,87,5,2,28.93,1,55880.37,6,1,1,7,1
102151,Social Media,Healthcare,Delhi,Large,114,5,1,7.43,1,47190.03,4,0,1,4,0
102152,Website,Healthcare,Pune,Small,57,8,4,22.79,0,0.0,11,0,0,5,0
102153,Cold Call,Retail,Kolkata,Medium,46,7,2,10.06,0,0.0,2,0,0,4,0
102154,Cold Call,Education,Mumbai,Medium,102,6,3,23.47,0,0.0,4,0,0,8,0
102155,Social Media,Retail,Chennai,Enterprise,80,11,7,20.47,1,615739.5,3,0,1,6,1
102156,Cold Call,Education,Chennai,Medium,73,1,0,9.35,0,0.0,3,0,0,12,1
102157,Website,Manufacturing,Pune,Medium,78,6,1,23.97,0,0.0,4,0,0,6,0
102158,Referral,Technology,Chennai,Enterprise,120,7,1,22.98,1,65670.26,2,1,0,11,1
102159,Referral,Finance,Pune,Enterprise,83,7,2,7.7,0,0.0,3,0,0,8,1
102160,Website,Finance,Pune,Medium,98,2,3,21.13,0,0.0,2,0,1,6,0
102161,Email Campaign,Finance,Pune,Large,5,5,2,9.08,0,0.0,1,0,0,13,0
102162,Referral,Healthcare,Mumbai,Medium,87,4,3,25.64,0,0.0,4,0,0,12,0
102163,Referral,Technology,Hyderabad,Medium,39,7,1,3.68,1,253682.98,2,0,1,8,1
102164,Referral,Technology,Hyderabad,Small,15,7,2,23.45,0,0.0,5,1,0,9,0
102165,Cold Call,Finance,Pune,Large,34,10,6,6.16,0,0.0,4,0,0,12,0
102166,Referral,Retail,Bengaluru,Large,100,8,6,11.12,0,0.0,5,1,1,12,1
102167,Partner,Retail,Chennai,Small,99,5,1,41.66,1,62215.66,2,1,0,11,0
102168,Referral,Education,Delhi,Small,37,4,1,8.03,1,55222.16,3,0,0,2,0
102169,Referral,Technology,Kolkata,Large,24,6,2,24.73,1,120542.88,9,1,0,4,1
102170,Email Campaign,Finance,Mumbai,Small,51,4,3,9.05,0,0.0,4,0,0,7,0
102171,Referral,Education,Bengaluru,Large,40,3,2,44.34,0,0.0,2,0,0,9,0
102172,Referral,Retail,Chennai,Large,56,2,2,25.32,0,0.0,1,0,0,6,0
102173,Email Campaign,Retail,Mumbai,Medium,95,7,5,93.62,1,43044.19,4,1,1,13,1
102174,Website,Healthcare,Hyderabad,Small,40,5,4,21.63,1,44988.67,9,0,1,6,0
102175,Referral,Technology,Kolkata,Medium,21,1,0,32.23,0,0.0,1,0,0,9,0
102176,Email Campaign,Education,Kolkata,Medium,14,4,1,14.55,1,70733.51,1,0,1,11,1
102177,Referral,Retail,Chennai,Medium,83,6,1,73.4,1,31073.48,7,1,0,6,1
102178,Cold Call,Retail,Pune,Large,24,5,3,18.53,0,0.0,2,0,1,9,0
102179,Referral,Healthcare,Hyderabad,Large,27,2,4,40.49,1,88991.08,4,0,1,11,1
102180,Partner,Finance,Chennai,Small,97,5,3,5.68,0,0.0,5,0,0,6,0
102181,Cold Call,Finance,Mumbai,Large,12,4,1,14.44,0,0.0,1,0,0,15,1
102182,Partner,Manufacturing,Hyderabad,Medium,79,6,2,12.58,1,97725.71,5,0,0,9,1
102183,Cold Call,Healthcare,Mumbai,Large,2,3,2,25.8,0,0.0,8,0,0,12,0
102184,Website,Technology,Delhi,Small,114,3,2,37.86,0,0.0,2,0,0,11,1
102185,Email Campaign,Finance,Pune,Medium,86,8,1,56.01,1,168833.8,3,0,0,13,0
102186,Website,Education,Mumbai,Medium,99,4,1,7.02,0,0.0,3,0,0,11,0
102187,Cold Call,Finance,Hyderabad,Medium,80,5,0,39.72,0,0.0,2,0,0,9,0
102188,Social Media,Healthcare,Chennai,Enterprise,49,6,2,12.42,1,219194.71,4,0,0,12,0
102189,Referral,Retail,Mumbai,Small,120,1,0,46.95,1,57797.57,2,0,0,7,1
102190,Partner,Manufacturing,Hyderabad,Small,95,3,2,15.34,1,19836.17,2,1,0,13,0
102191,Website,Retail,Mumbai,Medium,11,3,1,54.47,1,86407.44,6,0,0,8,0
102192,Email Campaign,Manufacturing,Mumbai,Medium,70,5,3,9.76,0,0.0,1,1,0,12,1
102193,Cold Call,Technology,Kolkata,Small,66,6,3,41.68,0,0.0,2,0,0,4,0
102194,Website,Education,Kolkata,Medium,35,6,0,9.35,1,117236.47,9,0,1,3,0
102195,Social Media,Education,Delhi,Small,55,8,6,7.16,1,38381.55,3,0,1,9,0
102196,Cold Call,Healthcare,Bengaluru,Large,118,1,1,6.45,0,0.0,3,0,1,13,0
102197,Website,Retail,Mumbai,Medium,11,8,4,13.67,1,82928.32,7,1,1,12,0
102198,Email Campaign,Technology,Chennai,Small,112,6,5,,1,50187.51,4,0,0,5,0
102199,Referral,Healthcare,Bengaluru,Medium,85,3,5,20.65,1,67876.59,3,1,0,13,1
102200,Social Media,Technology,Hyderabad,Enterprise,14,6,2,20.43,0,0.0,4,0,1,10,0
102201,Website,Technology,Pune,Large,37,6,0,15.39,1,355901.45,4,1,0,9,1
102202,Partner,Education,Kolkata,Small,101,3,3,17.45,0,0.0,3,0,0,15,0
102203,Partner,Finance,Chennai,Large,85,14,7,12.85,1,132313.55,4,0,1,12,1
102204,Website,Retail,Bengaluru,Small,10,2,0,31.0,0,0.0,5,0,0,5,0
102205,Referral,Finance,Pune,Small,18,2,1,12.43,0,0.0,2,0,0,1,0
102206,Social Media,Finance,Hyderabad,Large,112,10,4,29.03,0,0.0,2,0,0,5,0
102207,Social Media,Finance,Kolkata,Large,19,3,0,7.05,1,56163.67,1,0,0,3,1
102208,Email Campaign,Finance,Chennai,Small,75,6,1,66.71,1,44011.64,2,0,0,3,0
102209,Website,Retail,Bengaluru,Large,120,12,1,8.61,0,0.0,10,0,1,8,1
102210,Website,Education,Hyderabad,Large,20,8,3,6.14,1,90696.25,9,0,1,15,0
102211,Partner,Healthcare,Mumbai,Large,6,2,0,46.38,0,0.0,1,0,0,10,0
102212,Email Campaign,Education,Chennai,Large,99,7,4,12.93,0,0.0,0,0,0,7,0
102213,Cold Call,Retail,Hyderabad,Medium,114,5,1,54.62,0,0.0,2,0,0,4,0
102214,Email Campaign,Retail,Pune,Enterprise,62,6,3,16.01,1,808220.2,1,0,0,12,0
102215,Partner,Technology,Mumbai,Small,28,6,2,5.55,1,18180.5,2,0,1,9,1
102216,Website,Technology,Hyderabad,Medium,8,2,0,20.28,0,0.0,5,0,0,1,1
102217,Website,Manufacturing,Hyderabad,Medium,110,4,1,3.66,1,66549.19,4,0,1,7,0
102218,Partner,Retail,Chennai,Large,96,8,1,30.29,1,55311.03,2,0,0,3,0
102219,Partner,Healthcare,Delhi,,108,8,1,33.22,1,28501.69,4,1,0,8,1
102220,Referral,Manufacturing,Kolkata,Medium,95,9,0,35.78,1,75810.08,3,1,1,1,1
102221,Referral,Finance,Chennai,Large,52,11,3,12.65,1,114067.37,3,0,1,4,1
102222,Email Campaign,Manufacturing,Hyderabad,Medium,58,5,2,16.91,0,0.0,2,0,0,13,0
102223,Referral,Finance,Hyderabad,Small,46,3,3,8.56,0,0.0,1,0,0,3,0
102224,Website,Education,Kolkata,Small,88,2,1,33.09,0,0.0,3,0,0,2,0
102225,Partner,Finance,Pune,Large,13,5,7,32.28,0,0.0,5,0,0,4,1
102226,Referral,Technology,Kolkata,Small,5,4,2,9.08,0,0.0,3,0,0,14,0
102227,Social Media,Retail,Pune,Medium,116,2,0,7.95,1,34380.11,4,1,1,15,1
102228,Website,Technology,Kolkata,Medium,39,6,2,8.15,0,0.0,6,0,1,10,1
102229,Website,Education,Mumbai,Enterprise,5,6,1,44.97,0,0.0,6,0,1,12,1
102230,Social Media,Retail,Kolkata,Large,81,7,3,8.39,0,0.0,5,1,1,14,1
102231,Referral,Technology,Mumbai,Small,48,5,1,46.84,1,59881.3,2,0,1,5,1
102232,Social Media,Technology,Chennai,Large,28,3,0,16.71,1,330037.19,5,0,1,7,1
102233,Website,Education,Delhi,Large,53,6,3,8.76,1,223520.12,4,0,0,1,1
102234,Partner,Retail,Mumbai,Large,55,2,1,11.01,0,0.0,3,1,0,8,0
102235,Cold Call,Education,Kolkata,Medium,74,3,0,12.32,1,49832.77,1,0,1,14,1
102236,Cold Call,Technology,Pune,Small,112,2,0,15.35,0,0.0,1,0,0,1,0
102237,Website,Education,Hyderabad,Large,106,8,4,26.16,0,0.0,2,0,0,11,0
102238,Referral,Healthcare,Mumbai,Medium,100,8,5,13.27,1,60892.68,7,0,0,7,1
102239,Referral,Retail,Pune,Medium,60,4,2,14.38,0,0.0,3,0,0,15,1
102240,Email Campaign,Finance,Delhi,Small,67,3,2,13.91,1,15718.05,2,0,0,9,0
102241,Referral,Technology,Chennai,Small,16,1,0,14.86,0,0.0,5,0,0,7,0
102242,Website,Education,Bengaluru,Medium,70,5,2,15.27,0,0.0,7,1,1,2,0
102243,Referral,Education,Mumbai,Small,81,8,5,13.46,0,0.0,3,0,0,9,1
102244,Referral,Finance,Mumbai,Large,107,4,1,33.53,0,0.0,6,0,0,15,1
102245,Referral,Education,Bengaluru,Large,6,4,1,21.57,0,0.0,4,0,0,1,0
102246,Website,Technology,Hyderabad,Medium,104,10,1,33.54,1,76057.48,2,0,1,1,0
102247,Referral,Technology,Chennai,Small,63,5,2,22.3,1,57201.91,3,0,1,14,1
102248,Social Media,Technology,Pune,Small,11,5,0,9.95,1,37310.18,3,0,1,5,0
102249,Referral,Finance,Chennai,Medium,120,5,2,7.45,0,0.0,2,0,0,10,1
102250,Referral,Technology,Pune,Large,56,2,2,5.84,0,0.0,2,0,0,10,0
102251,Email Campaign,Finance,Pune,Medium,50,6,1,10.12,0,0.0,5,0,0,8,0
102252,Cold Call,Technology,Bengaluru,Large,23,3,1,27.98,0,0.0,2,0,1,8,1
102253,Referral,Manufacturing,Chennai,Enterprise,9,9,2,4.53,0,0.0,4,0,1,11,1
102254,Social Media,Manufacturing,Delhi,Small,10,2,2,27.76,0,0.0,2,0,0,4,0
102255,Partner,Retail,Pune,Large,33,7,2,11.61,0,0.0,2,0,1,3,1
102256,Email Campaign,Technology,Delhi,Medium,36,9,3,19.7,0,0.0,3,0,0,15,1
102257,Partner,Manufacturing,Kolkata,Medium,56,3,1,15.64,0,0.0,7,0,0,1,0
102258,Cold Call,Finance,Mumbai,Medium,74,2,4,30.33,0,0.0,2,0,1,3,1
102259,Website,Manufacturing,Chennai,Medium,120,6,2,24.79,0,0.0,4,1,0,11,1
102260,Referral,Retail,Kolkata,Large,96,7,2,9.77,0,0.0,4,0,0,9,1
102261,Social Media,Finance,Mumbai,Medium,59,3,2,15.22,1,45994.15,3,0,0,5,0
102262,Partner,Technology,Delhi,Medium,110,6,4,14.85,0,0.0,1,0,0,2,0
102263,,Manufacturing,Mumbai,Small,67,4,0,16.94,1,78929.69,3,0,0,6,1
102264,Website,Education,Chennai,Medium,51,4,3,21.08,1,63740.96,2,0,1,1,0
102265,Email Campaign,Retail,Kolkata,Large,27,6,3,24.16,0,0.0,5,0,0,9,1
102266,Website,Education,Hyderabad,Medium,51,6,2,87.04,0,0.0,7,1,0,8,0
102267,Cold Call,Education,Pune,Small,5,4,5,34.26,1,29566.9,2,1,1,14,0
102268,Email Campaign,Technology,Mumbai,Small,19,3,2,5.36,0,0.0,2,0,0,13,1
102269,Cold Call,Manufacturing,Bengaluru,Large,114,3,0,8.26,0,0.0,1,1,1,8,0
102270,Cold Call,Finance,Kolkata,Large,24,9,3,25.2,1,128981.03,3,0,1,8,1
102271,Social Media,Healthcare,Delhi,Small,69,7,4,8.58,1,128636.63,2,0,1,11,1
102272,Social Media,Technology,Pune,Medium,13,6,2,12.43,0,0.0,3,0,0,5,0
102273,Cold Call,Education,Kolkata,Medium,73,9,5,7.42,0,0.0,5,0,0,10,1
102274,Cold Call,Retail,Kolkata,Large,118,2,2,20.79,0,0.0,5,1,0,1,0
102275,Cold Call,Finance,Hyderabad,Small,55,4,2,5.29,0,0.0,3,1,0,15,0
102276,Website,Finance,Bengaluru,Medium,16,3,4,29.26,1,55649.78,7,1,0,15,1
102277,Email Campaign,Healthcare,Kolkata,Enterprise,3,5,0,24.12,0,0.0,1,0,1,14,0
102278,Website,Manufacturing,Hyderabad,Medium,91,4,2,6.73,0,0.0,4,0,0,4,0
102279,Cold Call,Education,Delhi,Medium,13,7,1,23.46,0,0.0,4,0,0,12,0
102280,Social Media,Finance,Chennai,Small,39,2,2,25.05,0,0.0,5,0,0,9,0
102281,Referral,Healthcare,Hyderabad,Small,102,4,0,18.01,0,0.0,5,1,0,15,0
102282,Website,Retail,Delhi,Enterprise,65,4,2,26.11,0,0.0,6,0,0,1,0
102283,Referral,Finance,Chennai,Enterprise,105,7,4,19.82,1,141434.95,2,0,0,6,0
102284,Social Media,Healthcare,Kolkata,Small,105,2,1,29.93,1,35856.53,5,0,0,2,1
102285,Website,Technology,Chennai,Enterprise,80,5,0,6.31,0,0.0,4,0,0,15,0
102286,Website,Technology,Bengaluru,Small,113,5,1,15.16,0,0.0,4,0,0,3,0
102287,Partner,Finance,Delhi,Medium,5,1,0,65.75,0,0.0,3,0,0,1,0
102288,Cold Call,Education,Chennai,Large,29,9,2,23.32,0,0.0,4,0,0,2,0
102289,Website,Finance,Chennai,Medium,34,7,3,16.42,1,57879.14,8,1,1,15,1
102290,Referral,Finance,Hyderabad,Medium,110,7,5,56.89,1,32777.93,7,0,1,8,0
102291,Partner,Manufacturing,Delhi,Medium,75,11,1,39.33,1,147186.42,4,0,1,2,1
102292,Social Media,Education,Kolkata,Small,31,2,3,87.27,0,0.0,4,0,0,6,0
102293,Social Media,Healthcare,Mumbai,Enterprise,26,4,3,16.02,0,0.0,1,0,0,7,1
102294,Referral,Technology,Pune,Small,97,2,0,11.7,0,0.0,1,0,0,13,0
102295,Referral,Retail,Bengaluru,Small,104,4,1,18.36,0,0.0,2,1,0,4,0
102296,Website,Healthcare,Bengaluru,Enterprise,2,7,2,,0,0.0,7,0,0,2,0
102297,Cold Call,Retail,Delhi,Medium,44,3,1,29.88,0,0.0,6,1,1,12,0
102298,Website,Finance,Mumbai,Medium,65,6,0,26.28,0,0.0,4,0,1,7,1
102299,Website,Technology,Mumbai,Small,29,2,3,39.43,1,31886.24,4,0,0,2,0
102300,Cold Call,Finance,Bengaluru,Small,88,4,3,9.96,0,0.0,2,0,0,7,0
102301,Partner,Retail,Bengaluru,Small,91,3,1,16.75,0,0.0,3,0,1,7,1
102302,Cold Call,Finance,Chennai,Medium,101,5,2,42.1,0,0.0,3,0,0,4,0
102303,Email Campaign,Technology,Hyderabad,Medium,95,0,2,19.17,0,0.0,2,0,0,4,0
102304,Email Campaign,Healthcare,Chennai,Medium,101,6,2,9.17,1,44190.67,3,0,0,2,1
102305,Email Campaign,Manufacturing,Mumbai,Large,44,4,3,34.82,1,117846.33,2,0,0,13,0
102306,Referral,Technology,Hyderabad,Enterprise,36,7,1,12.83,1,541403.75,4,0,1,1,0
102307,Email Campaign,Retail,Bengaluru,Medium,38,0,1,16.37,1,94512.73,1,0,0,8,0
102308,Email Campaign,Retail,Delhi,Enterprise,103,6,0,24.65,0,0.0,3,0,0,1,0
102309,Social Media,Finance,Bengaluru,Large,78,3,2,4.21,0,0.0,0,0,0,13,0
102310,Partner,Education,Pune,Enterprise,39,3,2,9.56,0,0.0,0,0,0,6,1
102311,Partner,Education,Hyderabad,Large,87,8,1,9.75,1,96192.02,2,0,1,15,1
102312,Website,Finance,Chennai,Small,29,3,1,45.71,1,21321.67,5,0,0,1,0
102313,Referral,Technology,Mumbai,Small,32,3,1,23.97,0,0.0,4,0,0,5,0
102314,Website,Finance,Hyderabad,Enterprise,1,11,7,123.4,1,100139.24,8,0,1,6,0
102315,Referral,Technology,Mumbai,Medium,116,5,2,88.77,1,81937.27,3,0,0,2,0
102316,Referral,Healthcare,Mumbai,Large,29,2,3,15.86,1,33263.25,3,0,0,7,0
102317,Website,Education,Mumbai,Large,91,4,0,21.36,0,0.0,4,0,0,7,0
102318,Cold Call,Manufacturing,Pune,Small,15,3,2,9.8,0,0.0,5,0,0,7,0
102319,Email Campaign,Finance,Delhi,Medium,5,0,0,10.1,1,123799.48,3,0,1,9,1
102320,,Healthcare,Kolkata,Enterprise,81,9,3,11.79,1,189448.38,3,0,0,3,1
102321,Website,Technology,Kolkata,Small,12,5,2,6.15,1,81761.57,6,1,1,4,1
102322,Website,Healthcare,Kolkata,Large,18,4,2,8.49,0,0.0,4,0,0,8,0
102323,Referral,Technology,Delhi,Enterprise,40,9,4,46.71,0,0.0,4,0,0,10,1
102324,Website,Education,Bengaluru,Small,71,3,3,29.41,1,25826.94,2,0,0,6,0
102325,Referral,Manufacturing,Hyderabad,Small,3,7,1,4.62,0,0.0,1,0,0,7,1
102326,Partner,Technology,Chennai,Medium,16,3,0,9.75,1,129995.74,2,0,0,15,0
102327,Website,Retail,Kolkata,Large,41,5,2,28.29,0,0.0,6,0,1,10,0
102328,Website,Retail,Bengaluru,Medium,85,7,1,14.73,1,201114.21,8,0,1,1,0
102329,Email Campaign,Manufacturing,Kolkata,Small,12,4,1,24.3,1,75742.14,6,0,0,6,1
102330,Email Campaign,Healthcare,Bengaluru,Small,35,4,2,4.49,0,0.0,2,0,0,1,1
102331,Social Media,Technology,Kolkata,Medium,24,8,4,4.33,1,20682.22,3,1,1,14,1
102332,Referral,Retail,Delhi,Medium,38,7,2,9.4,0,0.0,7,1,0,13,0
102333,Cold Call,Technology,Chennai,Small,31,5,2,19.78,0,0.0,2,0,0,7,0
102334,Website,Retail,Bengaluru,Large,77,1,0,26.23,0,0.0,4,1,0,4,1
102335,Referral,Technology,Mumbai,Small,9,8,4,4.2,0,0.0,5,0,1,11,1
102336,Social Media,Retail,Hyderabad,Large,113,4,1,20.77,1,124945.96,5,0,1,3,0
102337,Cold Call,Manufacturing,Kolkata,Enterprise,30,4,4,29.29,0,0.0,2,0,0,12,0
102338,Referral,Technology,Mumbai,Medium,119,5,3,5.71,1,83822.08,5,0,0,14,0
102339,Email Campaign,Finance,Delhi,Medium,88,5,3,21.33,0,0.0,2,0,0,3,1
102340,Website,Manufacturing,Bengaluru,Small,43,3,2,19.53,1,91794.49,3,0,1,8,0
102341,Website,Technology,Chennai,Medium,37,5,0,36.2,0,0.0,6,0,0,3,0
102342,Website,Retail,Pune,Medium,114,4,1,20.63,1,67691.66,8,1,1,10,0
102343,Cold Call,Retail,Kolkata,Small,120,3,0,15.46,0,0.0,1,0,0,11,0
102344,Referral,Finance,Bengaluru,Medium,74,2,0,18.47,0,0.0,4,0,0,1,1
102345,Cold Call,Manufacturing,Hyderabad,Small,6,2,2,13.18,1,39296.38,3,0,0,15,0
102346,Website,Healthcare,Chennai,Small,109,4,2,73.73,1,28324.1,6,1,1,4,0
102347,Cold Call,Retail,Kolkata,Large,58,4,2,8.17,0,0.0,0,0,1,7,1
102348,Cold Call,Technology,Mumbai,Medium,4,5,2,9.95,0,0.0,3,0,0,4,1
102349,Website,Technology,Mumbai,Small,97,5,1,16.42,0,0.0,6,0,0,14,0
102350,Website,Technology,Kolkata,Small,4,6,1,5.98,0,0.0,5,0,0,12,1
102351,Website,Education,Kolkata,Small,45,7,6,4.95,1,86434.77,6,0,0,15,0
102352,Cold Call,Education,Kolkata,Medium,9,6,1,105.19,1,41357.07,2,0,0,6,0
102353,Website,Manufacturing,Kolkata,Medium,53,7,2,19.03,1,90561.28,3,0,0,9,1
102354,Email Campaign,Technology,Mumbai,Small,97,4,1,24.49,1,57994.55,6,1,1,9,1
102355,Referral,Healthcare,Pune,Medium,16,5,2,19.29,0,0.0,1,0,0,4,0
102356,Cold Call,Manufacturing,Hyderabad,Enterprise,17,5,0,26.21,0,,4,0,0,14,0
102357,Email Campaign,,Bengaluru,Medium,115,3,0,17.8,0,0.0,1,0,0,13,1
102358,Email Campaign,Technology,Bengaluru,Medium,22,4,4,6.75,0,,3,0,1,15,1
102359,Partner,Education,Pune,Medium,14,3,1,24.75,0,0.0,2,0,0,7,0
102360,Website,Technology,Pune,Large,71,6,2,14.42,0,0.0,4,1,0,2,1
102361,Cold Call,Technology,Delhi,Enterprise,34,5,4,17.14,1,160116.94,3,0,1,3,0
102362,Website,Education,Mumbai,Small,115,7,3,11.1,0,0.0,5,0,1,9,0
102363,Email Campaign,Healthcare,Bengaluru,Small,20,4,2,4.8,0,0.0,3,0,0,13,0
102364,Partner,Finance,Pune,Small,69,4,2,25.7,0,0.0,3,0,0,11,0
102365,Social Media,Healthcare,Kolkata,Large,111,2,3,,0,0.0,2,0,0,11,0
102366,Social Media,Education,Bengaluru,Small,88,3,3,15.71,0,0.0,1,0,0,12,0
102367,Referral,Technology,Delhi,Enterprise,4,3,1,2.83,0,0.0,4,0,0,13,1
102368,Referral,Manufacturing,Bengaluru,Small,23,2,1,28.5,1,66041.96,1,0,0,14,0
102369,Referral,Finance,Kolkata,Medium,16,3,1,20.78,0,0.0,5,0,0,6,0
102370,Email Campaign,Technology,Delhi,Small,110,2,1,13.42,0,0.0,6,0,0,11,0
102371,Email Campaign,Healthcare,Kolkata,Medium,25,2,0,19.53,1,103733.94,4,0,0,5,0
102372,Referral,Healthcare,Bengaluru,Medium,7,6,2,19.67,0,0.0,3,0,0,11,1
102373,Referral,Technology,Delhi,Large,46,8,5,34.63,0,0.0,0,0,0,1,1
102374,Referral,Finance,Bengaluru,Medium,34,8,4,41.75,1,40156.11,5,1,1,1,1
102375,Referral,Retail,Chennai,Medium,20,5,1,,0,0.0,5,0,0,3,0
102376,Website,Retail,Kolkata,Large,55,2,1,65.92,0,0.0,5,0,0,9,0
102377,Cold Call,Retail,Delhi,Enterprise,109,5,1,16.3,1,53284.25,3,0,0,14,0
102378,Social Media,Manufacturing,Kolkata,Large,28,6,4,10.39,1,221423.35,8,0,1,9,1
102379,Website,Finance,Chennai,Large,118,7,1,18.18,1,105130.2,2,0,1,9,1
102380,Social Media,Healthcare,Chennai,Medium,80,5,2,3.23,0,0.0,3,1,0,11,1
102381,Cold Call,Healthcare,Chennai,Enterprise,46,3,4,5.81,0,0.0,5,0,0,14,0
102382,Website,Retail,Bengaluru,Medium,82,3,1,20.07,1,20954.34,3,0,0,9,1
102383,Website,Technology,Bengaluru,Enterprise,42,8,3,10.48,1,141963.83,8,0,0,12,0
102384,Website,Finance,Pune,Large,26,5,3,27.69,1,147080.31,7,1,0,7,1
102385,,Technology,Chennai,Small,29,4,3,12.02,0,0.0,3,0,0,15,1
102386,Cold Call,Finance,Bengaluru,Small,2,3,0,19.48,0,0.0,5,1,0,8,0
102387,Partner,Education,Kolkata,Large,78,5,5,10.89,0,0.0,4,0,0,14,1
102388,Website,Retail,Hyderabad,Large,9,10,2,18.24,0,0.0,10,1,1,15,1
102389,Cold Call,Healthcare,Delhi,Medium,24,7,3,9.46,1,67836.61,5,0,0,14,1
102390,,Retail,Hyderabad,Enterprise,1,6,2,7.92,0,0.0,3,1,0,5,0
102391,Social Media,,Chennai,Medium,8,12,4,39.91,1,101150.44,4,1,1,6,1
102392,Cold Call,Healthcare,Mumbai,Medium,109,4,0,22.25,0,0.0,3,1,0,12,0
102393,Referral,Healthcare,Pune,Medium,3,3,1,20.69,1,92382.06,2,1,0,14,1
102394,Website,Retail,Pune,Small,75,3,3,58.13,0,0.0,9,0,1,10,0
102395,Social Media,Technology,Mumbai,Medium,40,9,3,,1,62525.76,6,0,1,12,1
102396,Partner,Healthcare,Chennai,Enterprise,17,4,3,35.64,1,261937.73,2,0,1,7,1
102397,Referral,Healthcare,Mumbai,Small,36,2,1,16.92,0,0.0,7,0,0,13,0
102398,Website,Manufacturing,Kolkata,Large,12,4,1,6.15,1,118011.54,1,0,0,7,0
102399,Website,Education,Hyderabad,Large,38,8,2,19.67,1,109017.1,4,0,1,10,1
102400,Email Campaign,Manufacturing,Hyderabad,Small,99,2,2,27.07,1,60136.57,0,0,0,9,0
102401,Social Media,Healthcare,Pune,Large,75,3,1,7.02,0,0.0,3,0,0,13,0
102402,Cold Call,Technology,Chennai,Large,98,5,2,10.35,1,68877.2,6,1,0,12,0
102403,Cold Call,,Bengaluru,Medium,84,9,1,11.08,0,0.0,9,0,1,13,0
102404,Partner,Manufacturing,Kolkata,Small,112,3,2,11.63,1,29945.99,4,0,0,2,0
102405,Cold Call,Education,Mumbai,Small,13,4,0,37.7,1,86578.99,3,1,1,4,1
102406,Website,Manufacturing,Mumbai,Medium,20,3,1,42.97,0,0.0,7,0,0,14,0
102407,Email Campaign,Technology,Chennai,Small,50,3,4,15.97,0,0.0,2,0,1,2,0
102408,Referral,Retail,Bengaluru,Medium,63,8,4,13.62,1,143378.39,3,0,1,12,1
102409,Referral,Education,Chennai,Enterprise,95,4,8,20.07,1,254273.13,2,0,0,10,1
102410,Partner,Retail,Hyderabad,Large,15,10,5,42.15,1,449679.17,2,0,1,6,1
102411,Social Media,Retail,Hyderabad,Large,14,3,2,8.13,1,110508.03,5,0,1,1,1
102412,Partner,Healthcare,Hyderabad,Enterprise,96,5,3,27.31,0,0.0,2,0,0,1,0
102413,Referral,Retail,Pune,Small,66,5,0,8.73,1,37455.65,9,1,0,14,0
102414,Email Campaign,Finance,Hyderabad,Small,50,5,5,22.65,1,111251.38,3,1,1,2,1
102415,Email Campaign,Technology,Mumbai,Large,27,4,2,13.66,1,423312.48,1,0,0,12,0
102416,Website,Manufacturing,Pune,Medium,84,5,5,37.13,1,260599.16,7,1,1,3,1
102417,Website,Education,Kolkata,Small,97,1,0,24.09,1,114275.83,3,0,0,6,1
102418,Email Campaign,Manufacturing,Mumbai,Large,4,9,3,16.53,1,118700.47,4,0,0,2,1
102419,Website,Finance,Delhi,Small,7,4,3,13.79,0,0.0,5,0,0,10,1
102420,Partner,Technology,Pune,Medium,94,3,4,-5.0,0,0.0,3,0,1,2,1
102421,Website,Finance,Kolkata,Medium,107,6,2,8.44,1,103999.8,4,0,1,10,1
102422,Website,Manufacturing,Chennai,Medium,28,5,2,24.08,1,61055.29,4,1,0,15,1
102423,Cold Call,Retail,Chennai,Medium,85,6,1,4.83,1,128600.96,1,0,0,12,0
102424,Website,Education,Hyderabad,Small,102,4,0,84.58,0,0.0,6,0,0,10,0
102425,Partner,Finance,Chennai,Large,14,6,1,39.42,0,0.0,2,0,0,14,0
102426,Cold Call,Healthcare,Mumbai,Enterprise,23,5,0,15.77,1,91550.34,4,0,1,13,1
102427,Website,Manufacturing,Delhi,Medium,16,8,2,,1,79991.23,1,0,1,11,1
102428,Social Media,Technology,Hyderabad,Small,95,7,3,13.3,1,80180.71,1,0,1,9,1
102429,Social Media,Education,Bengaluru,Medium,93,4,1,17.3,1,91614.06,3,0,1,6,0
102430,Cold Call,Retail,Chennai,Medium,17,3,4,21.96,0,0.0,2,0,0,10,0
102431,Cold Call,Technology,Bengaluru,Small,21,3,2,20.41,0,0.0,4,0,1,2,1
102432,Social Media,Technology,Bengaluru,Small,80,4,1,10.26,1,32616.3,4,1,0,14,1
102433,Social Media,Education,Pune,Small,108,2,0,25.02,0,0.0,3,0,0,14,0
102434,Referral,Retail,Pune,Medium,94,4,4,17.4,0,0.0,3,1,0,4,1
102435,Social Media,Manufacturing,Delhi,Small,21,7,4,15.94,0,0.0,7,1,0,12,0
102436,Partner,Manufacturing,Delhi,Large,47,4,1,13.9,1,137351.69,4,0,1,11,1
102437,Social Media,Healthcare,Hyderabad,Medium,8,3,2,15.15,0,0.0,2,0,0,13,0
102438,Social Media,Manufacturing,Delhi,Medium,30,4,2,14.34,0,0.0,2,0,0,14,1
102439,Email Campaign,Education,Delhi,Small,68,4,1,6.81,1,50909.09,4,1,1,12,0
102440,Cold Call,Technology,Mumbai,Large,42,2,1,2.81,1,239113.85,2,0,0,15,0
102441,Partner,Manufacturing,Delhi,Small,73,3,1,15.09,1,37664.75,4,0,0,5,0
102442,Website,Finance,Mumbai,Small,36,5,2,30.95,0,0.0,7,0,0,7,0
102443,Website,Finance,Pune,Medium,68,7,5,37.43,1,88113.85,5,0,0,3,1
102444,Email Campaign,Healthcare,Delhi,Large,76,5,3,15.72,1,120658.06,4,0,1,13,1
102445,Email Campaign,Manufacturing,Hyderabad,Large,24,10,4,9.95,1,144371.24,3,0,1,5,1
102446,Email Campaign,Technology,Delhi,Medium,6,3,1,5.63,0,,2,0,0,8,0
102447,Website,Healthcare,Bengaluru,Medium,41,5,3,30.19,1,136669.42,4,1,1,3,1
102448,Referral,Retail,Bengaluru,Small,5,6,5,50.84,0,0.0,5,0,0,4,1
102449,Social Media,Technology,Chennai,Medium,20,10,2,16.86,1,73789.44,1,0,1,11,0
102450,Social Media,Manufacturing,Delhi,Medium,35,5,1,66.62,1,84076.99,8,1,1,4,1
102451,Social Media,Education,Kolkata,Medium,41,4,1,29.86,1,162486.64,5,0,0,8,0
102452,Cold Call,Technology,Hyderabad,Small,34,3,0,15.84,1,75182.55,1,1,0,7,1
102453,Social Media,Technology,Pune,Enterprise,7,4,3,7.27,1,164871.04,4,0,0,10,1
102454,Cold Call,Education,Delhi,Small,22,8,2,13.41,0,0.0,2,0,0,4,0
102455,Social Media,Technology,Pune,Small,106,4,4,3.72,1,69577.07,2,0,1,8,1
102456,Email Campaign,Technology,Mumbai,Enterprise,87,8,0,30.92,0,0.0,4,0,1,1,1
102457,Social Media,Education,Kolkata,Large,54,7,4,21.57,0,0.0,3,1,1,8,1
102458,Website,Education,Bengaluru,Medium,3,6,0,41.08,0,0.0,12,0,0,2,0
102459,Referral,Retail,Kolkata,Large,43,6,4,13.76,0,0.0,4,0,0,11,0
102460,Email Campaign,Healthcare,Chennai,Small,111,3,3,9.63,0,0.0,3,0,0,13,1
102461,Cold Call,,Chennai,Large,98,6,2,19.4,1,83153.58,4,0,1,7,1
102462,Social Media,Retail,Mumbai,Small,91,4,0,11.01,1,77857.38,5,0,0,14,1
102463,Website,Retail,Chennai,Enterprise,30,2,3,33.03,1,172475.25,2,0,0,6,0
102464,Social Media,Manufacturing,Mumbai,Small,49,3,0,35.99,1,26139.97,8,1,1,14,0
102465,Website,Retail,Chennai,Medium,4,9,2,11.79,1,47260.29,4,0,0,8,0
102466,Cold Call,Healthcare,Delhi,Medium,104,6,1,47.76,1,71949.36,5,1,1,9,0
102467,Cold Call,Finance,Mumbai,Small,14,3,2,44.05,1,64928.51,2,0,0,7,1
102468,Social Media,Healthcare,Delhi,Medium,75,1,1,10.49,0,0.0,3,0,0,15,0
102469,Social Media,Healthcare,Hyderabad,Large,34,9,2,18.5,1,92087.04,4,0,0,11,0
102470,Referral,,Chennai,Small,69,2,1,13.52,0,0.0,4,0,0,8,0
102471,Email Campaign,Healthcare,Pune,Enterprise,100,10,4,12.51,1,96212.15,5,0,1,12,1
102472,Cold Call,Manufacturing,Bengaluru,Small,38,6,5,9.72,0,0.0,2,1,0,7,1
102473,Cold Call,Healthcare,Delhi,Medium,3,4,1,7.04,0,0.0,3,0,0,14,0
102474,Email Campaign,Technology,Kolkata,Medium,80,8,2,20.58,0,0.0,4,0,0,8,0
102475,Referral,Finance,Hyderabad,Medium,64,7,2,7.85,1,185965.48,3,0,0,13,1
102476,Website,Technology,Delhi,Large,17,5,1,10.94,0,0.0,5,0,0,4,0
102477,Website,Manufacturing,Bengaluru,Large,6,2,3,34.88,0,0.0,6,0,0,9,1
102478,Website,Healthcare,Bengaluru,Medium,63,6,3,32.42,1,85891.72,6,0,0,10,0
102479,Referral,Finance,Hyderabad,Medium,74,4,1,19.77,0,0.0,2,0,0,8,0
102480,Partner,Manufacturing,Kolkata,Medium,14,3,0,14.13,0,0.0,1,1,0,7,1
102481,Email Campaign,Technology,Delhi,Medium,72,4,2,62.37,1,23106.55,2,0,1,1,0
102482,Website,Technology,Kolkata,Small,54,7,5,6.04,0,0.0,2,0,0,15,1
102483,Website,Manufacturing,Hyderabad,Small,17,3,2,24.3,0,0.0,9,1,0,4,1
102484,Referral,Healthcare,Hyderabad,Medium,74,1,1,7.68,0,0.0,2,0,0,3,0
102485,Cold Call,Manufacturing,Pune,Enterprise,78,6,5,8.8,0,0.0,9,0,1,13,1
102486,Referral,Manufacturing,Pune,Small,19,1,0,14.39,0,0.0,4,0,0,2,0
102487,Cold Call,Education,Kolkata,,81,3,1,23.36,0,0.0,2,0,0,12,0
102488,Cold Call,Technology,Bengaluru,Small,27,6,2,12.3,0,0.0,2,0,0,6,0
102489,Website,Manufacturing,Chennai,Medium,72,6,2,12.73,0,0.0,6,0,0,11,0
102490,Social Media,Retail,Hyderabad,Large,98,7,4,15.08,1,219855.76,5,0,1,4,1
102491,Partner,Technology,Delhi,Large,113,7,4,14.19,0,0.0,6,0,0,11,1
102492,Referral,Education,Pune,Large,31,5,5,14.96,1,103536.92,3,0,1,15,1
102493,Website,Finance,Bengaluru,Large,41,6,1,15.11,1,80100.11,4,0,1,8,0
102494,Partner,Education,Pune,Small,12,6,4,,1,94033.89,1,0,1,9,0
102495,Partner,Retail,Kolkata,Medium,117,8,2,51.83,0,0.0,3,1,0,10,0
102496,Email Campaign,Healthcare,Bengaluru,Small,40,3,1,47.3,0,0.0,2,0,0,6,0
102497,Email Campaign,Technology,Mumbai,Enterprise,97,5,2,68.17,0,0.0,4,1,1,9,1
102498,Website,Education,Pune,Large,113,1,1,11.96,0,0.0,6,1,0,10,0
102499,Cold Call,Healthcare,Mumbai,Small,58,4,2,35.26,1,16609.51,4,0,1,1,0
102500,Email Campaign,Technology,Kolkata,Small,84,5,3,,0,0.0,3,0,0,7,0
102501,Website,Technology,Bengaluru,Medium,57,6,4,69.11,1,60632.56,7,0,1,8,1
102502,Social Media,Manufacturing,Chennai,Enterprise,70,8,2,32.8,0,0.0,2,0,1,4,0
102503,,Technology,Mumbai,Small,30,6,6,27.49,0,0.0,1,0,0,8,0
102504,Cold Call,Retail,Kolkata,Medium,101,6,2,24.34,0,0.0,4,0,1,6,1
102505,Referral,Retail,Mumbai,Medium,15,7,3,14.69,1,132654.16,2,0,1,9,1
102506,Website,Finance,Hyderabad,Medium,80,4,3,99.18,1,45979.61,10,1,0,5,0
102507,Partner,Retail,Kolkata,Medium,111,7,3,6.2,0,,6,0,0,14,1
102508,Partner,Finance,Bengaluru,Small,98,2,1,15.11,0,0.0,1,0,0,10,0
102509,Email Campaign,Education,Pune,Large,92,3,1,31.4,1,157145.45,2,0,0,10,0
102510,Social Media,Manufacturing,Delhi,Small,79,5,4,9.19,0,0.0,4,0,0,13,0
102511,Email Campaign,Finance,Kolkata,Large,114,5,3,19.97,0,0.0,4,0,0,1,0
102512,Referral,Healthcare,Kolkata,Small,104,4,1,42.34,1,38274.16,3,0,1,4,1
102513,Website,Healthcare,Hyderabad,Medium,33,6,1,19.15,0,0.0,8,0,0,3,0
102514,Website,Education,Mumbai,Medium,75,7,1,7.51,1,35991.25,7,0,1,10,1
102515,Website,Finance,Mumbai,Medium,52,7,2,68.7,1,86351.67,7,1,0,6,1
102516,Cold Call,Retail,Delhi,Small,32,4,1,16.1,0,0.0,2,0,0,11,0
102517,Website,Education,Bengaluru,Medium,99,9,1,10.63,1,29211.29,8,1,1,15,0
102518,Website,Technology,Kolkata,Small,5,4,2,46.65,0,0.0,5,0,0,6,0
102519,Email Campaign,Healthcare,Delhi,Medium,16,8,2,10.7,1,39292.33,3,1,0,5,1
102520,,Technology,Pune,Large,13,8,4,6.85,0,0.0,6,0,0,8,1
102521,Website,Retail,Bengaluru,Medium,25,6,6,15.82,1,93279.94,12,0,0,8,1
102522,Email Campaign,Finance,Hyderabad,Medium,62,4,3,22.54,0,0.0,2,0,0,6,0
102523,Referral,Education,Delhi,Medium,114,3,1,6.61,0,0.0,2,0,0,6,0
102524,,Healthcare,Bengaluru,Medium,117,7,2,13.83,1,65305.12,1,0,0,6,0
102525,Partner,Technology,Pune,Large,109,2,1,19.52,1,38027.15,2,0,0,8,0
102526,Website,Manufacturing,Bengaluru,Medium,92,4,3,13.75,1,79290.65,9,0,0,7,0
102527,Partner,Manufacturing,Mumbai,Enterprise,56,4,3,10.74,1,324374.9,3,0,1,7,1
102528,Partner,Retail,Hyderabad,Large,94,5,0,10.63,1,29363.2,2,0,1,5,0
102529,Cold Call,Manufacturing,Delhi,Medium,33,5,1,14.85,1,26281.44,5,0,0,10,1
102530,Social Media,Finance,Bengaluru,Medium,80,5,2,23.99,0,0.0,2,0,0,8,0
102531,Social Media,Retail,Kolkata,Large,1,3,0,18.34,0,,2,0,0,4,0
102532,Social Media,Technology,Mumbai,Large,109,6,2,6.09,1,108910.0,2,0,0,12,0
102533,Social Media,Technology,Pune,Small,117,1,4,9.34,0,0.0,3,0,0,14,1
102534,Website,Education,Delhi,Small,89,4,3,29.54,1,47566.41,5,0,0,6,0
102535,Partner,Manufacturing,Chennai,Small,21,6,3,18.27,0,0.0,3,0,0,8,1
102536,Social Media,Technology,Mumbai,Large,32,5,1,4.48,1,16836.77,3,0,1,15,1
102537,Cold Call,Technology,Kolkata,Large,89,4,3,83.02,0,0.0,1,1,0,5,1
102538,Referral,Education,Hyderabad,Small,60,6,1,35.35,0,0.0,2,0,0,4,1
102539,Website,Technology,Pune,Medium,66,2,0,33.46,0,0.0,5,0,0,6,0
102540,Email Campaign,Finance,Chennai,Large,49,8,2,13.32,1,118582.24,4,0,0,7,0
102541,Email Campaign,Technology,Delhi,Enterprise,101,13,7,20.77,1,171187.46,5,0,0,7,0
102542,Email Campaign,Technology,Hyderabad,Small,20,5,4,11.88,0,0.0,4,1,0,10,0
102543,Referral,Finance,Delhi,Medium,54,4,1,29.99,1,90966.25,2,0,1,5,1
102544,Website,Education,Delhi,Medium,27,4,2,24.75,0,0.0,4,0,0,9,0
102545,Email Campaign,Finance,Delhi,Medium,84,10,0,5.86,1,124883.13,3,0,0,2,1
102546,Referral,Healthcare,Pune,Small,35,3,0,33.4,0,0.0,4,0,0,15,1
102547,Partner,Manufacturing,Delhi,Small,36,3,2,34.15,0,0.0,6,0,0,5,1
102548,Website,Healthcare,Bengaluru,Large,21,6,7,32.76,1,176188.13,7,0,1,5,1
102549,Referral,Manufacturing,Bengaluru,Medium,104,3,0,13.48,1,44472.91,4,0,1,3,0
102550,Referral,Retail,Delhi,Small,27,2,2,24.47,0,0.0,2,1,0,6,1
102551,Email Campaign,Retail,Pune,Medium,105,0,2,3.88,0,0.0,5,0,0,15,0
102552,Email Campaign,Retail,Pune,Small,110,3,1,25.73,1,70080.85,2,0,0,9,0
102553,Social Media,Manufacturing,Delhi,Medium,116,6,3,14.8,0,0.0,5,1,0,11,0
102554,Partner,Retail,Mumbai,Medium,42,6,4,27.24,1,77689.55,4,0,1,9,1
102555,Referral,Manufacturing,Chennai,Small,79,4,2,7.81,0,0.0,3,0,0,6,0
102556,Social Media,Technology,Pune,,100,4,3,9.16,0,0.0,3,0,1,12,1
102557,Website,Retail,Kolkata,Large,10,3,1,15.49,0,0.0,4,0,0,6,0
102558,Referral,Manufacturing,Hyderabad,Large,8,9,3,16.56,0,0.0,3,0,0,12,1
102559,Email Campaign,Finance,Hyderabad,Small,25,5,3,17.45,0,0.0,1,1,1,15,0
102560,Website,Manufacturing,Mumbai,Medium,118,10,1,68.47,1,69239.5,6,0,1,1,1
102561,Social Media,Finance,Hyderabad,Small,11,7,4,17.39,1,51883.89,5,1,0,3,0
102562,Social Media,Finance,Hyderabad,Large,92,4,1,10.1,0,0.0,2,0,0,12,1
102563,Cold Call,Manufacturing,Kolkata,Large,101,2,1,58.41,0,0.0,5,0,0,2,0
102564,Email Campaign,Finance,Kolkata,Medium,109,7,5,10.56,0,0.0,2,0,0,11,1
102565,Social Media,Healthcare,Mumbai,Medium,64,5,3,33.89,0,0.0,2,0,0,4,0
102566,Referral,Finance,Pune,Medium,64,0,0,8.79,0,0.0,2,0,0,9,0
102567,Website,Education,Hyderabad,Small,90,5,3,9.83,1,40105.18,5,0,1,10,0
102568,Website,Healthcare,Bengaluru,Medium,77,8,3,62.58,0,0.0,5,1,0,5,1
102569,Social Media,Retail,Bengaluru,Small,95,4,3,27.0,0,0.0,6,0,0,13,1
102570,Partner,Manufacturing,Pune,Large,44,7,3,20.15,1,71134.29,4,0,0,14,0
102571,Website,Retail,Delhi,Medium,113,6,2,47.08,0,0.0,5,0,0,4,0
102572,Email Campaign,Education,Delhi,Small,52,4,1,18.4,0,0.0,4,0,0,12,0
102573,Cold Call,Manufacturing,Bengaluru,Medium,30,2,3,12.63,1,18805.31,3,0,0,11,0
102574,Cold Call,Finance,Pune,Large,91,12,6,15.55,1,122522.48,4,0,1,4,1
102575,Email Campaign,Education,Bengaluru,Medium,75,3,2,19.95,0,0.0,2,0,0,13,0
102576,Social Media,Healthcare,Pune,Medium,6,8,4,18.36,0,0.0,3,0,0,5,0
102577,Social Media,Technology,Pune,Large,20,5,1,16.78,1,68634.94,3,0,0,4,1
102578,Cold Call,Finance,Mumbai,Small,5,6,2,52.46,0,0.0,3,0,0,11,0
102579,Website,Retail,Pune,Medium,70,5,0,36.14,0,0.0,2,0,0,2,0
102580,Partner,Technology,Pune,Medium,105,3,0,7.61,1,78336.69,4,0,1,14,1
102581,Website,Retail,Delhi,Small,39,2,1,57.92,0,0.0,6,1,0,6,0
102582,Cold Call,Finance,Chennai,Enterprise,14,8,3,10.8,1,150889.13,3,0,0,8,1
102583,Website,Healthcare,Delhi,Medium,103,7,3,14.72,0,0.0,6,0,1,11,0
102584,Website,Technology,Mumbai,Medium,87,5,3,14.44,0,0.0,2,0,0,14,1
102585,Website,Manufacturing,Hyderabad,Small,66,4,1,27.88,0,0.0,2,0,0,12,0
102586,Email Campaign,Finance,Delhi,Enterprise,24,4,1,35.16,1,931498.39,6,1,1,6,1
102587,Referral,Technology,Bengaluru,Large,81,4,2,6.99,0,0.0,3,0,0,12,1
102588,Website,Healthcare,Bengaluru,Small,44,0,1,30.32,1,45206.27,7,0,0,6,0
102589,Email Campaign,Healthcare,Bengaluru,Medium,30,3,1,11.12,0,0.0,3,0,0,8,0
102590,Referral,Retail,Kolkata,Small,36,5,1,19.63,1,14949.84,0,1,1,11,1
102591,Cold Call,Healthcare,Pune,Large,8,7,4,7.37,0,0.0,5,0,0,9,0
102592,Partner,Technology,Bengaluru,Medium,59,10,3,40.5,0,0.0,2,0,0,1,0
102593,Social Media,Manufacturing,Chennai,Small,91,9,6,13.49,1,183031.43,7,1,0,1,1
102594,Website,Healthcare,Mumbai,Medium,100,7,2,33.38,0,0.0,3,0,0,3,0
102595,Referral,Technology,Hyderabad,Enterprise,87,6,3,21.57,1,117256.63,5,0,1,2,1
102596,Partner,Manufacturing,Bengaluru,Medium,106,5,2,29.39,0,0.0,1,0,0,11,0
102597,Website,Retail,Chennai,Small,116,3,2,23.85,0,0.0,2,0,0,3,0
102598,Referral,Retail,Mumbai,Enterprise,27,6,1,26.19,0,0.0,2,0,0,4,0
102599,Partner,Healthcare,Mumbai,Small,53,4,1,12.73,0,0.0,2,1,0,5,1
102600,Partner,Healthcare,Delhi,Medium,41,2,3,24.37,0,0.0,4,0,0,3,0
102601,Referral,Healthcare,Chennai,Medium,83,7,2,3.98,0,0.0,5,0,0,14,0
102602,Social Media,Technology,Delhi,Small,101,2,1,40.15,1,20154.0,3,0,1,2,0
102603,Email Campaign,Finance,Mumbai,Small,107,5,0,97.36,1,56460.35,3,1,0,3,1
102604,Cold Call,Education,Pune,Small,11,6,4,23.65,1,94065.98,3,0,1,4,0
102605,Website,Retail,Pune,Small,62,4,2,45.29,0,0.0,5,0,0,2,0
102606,Website,Healthcare,Pune,Medium,15,5,4,12.17,0,0.0,5,0,0,4,0
102607,Social Media,Technology,Kolkata,Large,40,4,1,35.86,0,0.0,3,0,0,3,0
102608,Website,Manufacturing,Pune,Small,58,7,2,25.9,0,0.0,3,0,0,6,0
102609,Social Media,Finance,Bengaluru,Large,75,5,0,33.6,1,53126.11,6,0,1,3,1
102610,Referral,Technology,Delhi,Medium,95,6,3,18.57,1,40767.88,3,0,1,15,1
102611,Partner,Technology,Delhi,Small,120,9,3,15.66,1,34455.36,7,0,1,12,1
102612,Cold Call,Retail,Bengaluru,Medium,41,1,1,14.24,0,0.0,2,0,1,10,0
102613,Email Campaign,Retail,Kolkata,Small,68,4,0,12.25,0,0.0,2,0,0,9,0
102614,Cold Call,Technology,Pune,Medium,9,7,8,47.9,1,165003.93,5,0,1,11,1
102615,Referral,Technology,Pune,Medium,14,3,0,15.49,1,167843.73,3,0,0,15,1
102616,Email Campaign,Retail,Bengaluru,Large,117,4,3,19.61,0,0.0,1,0,0,2,0
102617,Website,Retail,Delhi,Enterprise,113,4,0,45.01,1,169710.24,0,0,0,8,0
102618,Cold Call,Retail,Bengaluru,Small,113,3,2,34.72,0,0.0,7,1,0,3,0
102619,Cold Call,Technology,Mumbai,Enterprise,32,5,1,30.31,0,0.0,1,0,0,7,0
102620,Partner,Retail,Hyderabad,Small,79,3,1,17.41,0,0.0,2,0,0,14,0
102621,Cold Call,Education,Chennai,Small,28,2,1,50.65,0,0.0,6,0,1,10,0
102622,Partner,Retail,Delhi,Small,82,3,3,12.53,1,51163.59,5,1,1,10,1
102623,Website,Technology,Mumbai,Large,59,4,2,15.29,1,19634.07,2,1,0,2,1
102624,Partner,Retail,Delhi,Large,113,4,2,8.0,1,311224.74,4,1,0,13,1
102625,Email Campaign,Finance,Mumbai,Enterprise,45,8,2,18.54,1,210084.58,3,0,0,11,1
102626,Referral,Technology,Kolkata,Large,78,4,4,28.55,0,0.0,4,0,0,6,0
102627,Email Campaign,Finance,Delhi,Medium,80,3,1,10.81,0,0.0,2,0,0,6,0
102628,Referral,Education,Chennai,Large,95,6,1,28.69,0,0.0,1,0,1,9,0
102629,Referral,Healthcare,Mumbai,Enterprise,7,9,0,19.51,0,0.0,4,0,0,12,1
102630,Website,Manufacturing,Bengaluru,Large,56,8,2,46.43,1,57455.12,4,1,0,8,0
102631,Website,Healthcare,Kolkata,Medium,55,8,1,49.96,1,20947.62,7,0,0,13,1
102632,Email Campaign,Healthcare,Hyderabad,Large,28,4,2,13.77,0,0.0,4,0,0,4,0
102633,Partner,Technology,Chennai,Small,97,7,5,11.15,1,100784.47,5,1,1,11,1
102634,Social Media,Retail,Hyderabad,Enterprise,100,4,0,6.71,0,0.0,2,1,1,13,0
102635,Email Campaign,Technology,Pune,Enterprise,10,8,3,13.98,1,164037.5,4,0,0,11,0
102636,Referral,Healthcare,Hyderabad,Large,83,4,2,4.93,0,0.0,2,0,0,6,0
102637,Email Campaign,Finance,Hyderabad,Small,104,5,3,8.95,1,29999.21,0,0,1,7,1
102638,Website,Finance,Chennai,Small,35,3,2,32.15,0,0.0,6,1,0,8,0
102639,Cold Call,Healthcare,Delhi,Enterprise,76,6,1,33.73,1,186532.84,1,0,0,5,0
102640,Website,Technology,Kolkata,Large,75,5,1,41.74,0,0.0,4,0,0,2,0
102641,Social Media,Finance,Kolkata,Large,3,7,2,26.64,0,,2,0,1,3,0
102642,Cold Call,Education,Bengaluru,Enterprise,98,6,1,23.54,0,0.0,2,0,0,10,0
102643,Email Campaign,Technology,Pune,Medium,91,9,4,41.24,1,36957.37,2,0,0,4,1
102644,Cold Call,Finance,Kolkata,Large,33,6,3,11.56,1,43522.5,3,0,1,12,1
102645,Referral,Finance,Kolkata,Small,38,3,3,23.13,1,34262.19,3,1,1,12,0
102646,Partner,Finance,Chennai,Small,93,2,0,35.81,0,0.0,4,0,0,7,0
102647,Cold Call,Retail,Delhi,Medium,97,2,0,24.7,0,0.0,3,0,0,6,0
102648,Cold Call,Finance,Pune,Medium,9,2,1,13.19,1,41148.13,4,0,0,15,0
102649,Social Media,Healthcare,Bengaluru,Medium,44,7,5,51.21,1,452645.78,5,0,0,1,1
102650,Cold Call,Retail,Delhi,Large,75,5,1,4.35,0,0.0,3,0,0,4,1
102651,Partner,Finance,Kolkata,Small,16,6,1,2.39,1,96956.6,1,0,0,11,1
102652,Referral,Education,Delhi,Large,120,5,3,11.33,1,33058.2,6,0,0,14,1
102653,Cold Call,Education,Kolkata,Small,26,5,5,6.27,1,8461.37,7,1,1,7,0
102654,Cold Call,Technology,Pune,Large,104,5,1,54.56,1,265021.84,4,0,1,11,0
102655,Email Campaign,Finance,Hyderabad,Small,8,8,4,75.74,1,53059.04,3,1,1,4,0
102656,Partner,Technology,Bengaluru,Large,106,4,0,16.31,1,189424.95,1,0,0,14,0
102657,Referral,Technology,Pune,Medium,5,6,3,4.8,1,99458.31,6,1,1,9,1
102658,Email Campaign,Healthcare,Kolkata,Medium,82,5,4,6.89,1,27195.01,3,1,0,12,0
102659,Website,Retail,Chennai,Small,44,4,2,12.08,1,52629.66,2,1,1,3,0
102660,Website,Healthcare,Mumbai,Small,56,7,3,15.84,0,0.0,5,1,0,8,0
102661,Cold Call,Finance,Delhi,Medium,14,5,1,3.72,0,0.0,4,0,0,11,0
102662,Referral,Finance,Bengaluru,Small,82,3,0,54.84,0,0.0,1,0,0,7,0
102663,Referral,Education,Pune,Small,75,3,1,11.22,0,0.0,2,0,1,15,0
102664,Website,Education,Mumbai,Large,39,5,3,10.81,1,57667.17,4,0,1,13,0
102665,Email Campaign,Technology,Hyderabad,Small,57,6,0,30.14,1,82646.4,7,0,0,2,0
102666,Cold Call,Retail,Mumbai,Small,67,3,1,12.97,0,0.0,0,0,0,13,0
102667,Partner,Healthcare,Hyderabad,Medium,83,3,0,6.66,1,19339.54,0,0,1,6,0
102668,Website,Retail,Hyderabad,Medium,65,7,3,44.23,0,0.0,7,0,0,9,1
102669,Email Campaign,Retail,Kolkata,Medium,8,4,1,11.18,0,0.0,3,0,0,7,0
102670,Email Campaign,Education,Mumbai,Large,66,3,1,11.93,0,0.0,2,0,0,11,0
102671,Social Media,Technology,Mumbai,Medium,42,4,1,41.06,1,202918.92,2,0,0,7,0
102672,Email Campaign,Finance,Hyderabad,Medium,50,7,6,6.82,0,0.0,3,0,1,7,1
102673,Referral,Education,Pune,Medium,45,6,3,12.44,0,0.0,0,1,1,9,0
102674,Email Campaign,Technology,Kolkata,Small,43,5,2,49.07,0,0.0,3,0,0,4,0
102675,Social Media,Technology,Pune,Large,29,6,1,19.71,0,0.0,2,0,0,7,0
102676,Email Campaign,Retail,Pune,Medium,40,3,2,11.28,0,0.0,3,0,0,1,0
102677,Email Campaign,Manufacturing,Kolkata,Large,86,5,1,18.07,0,0.0,3,0,0,1,1
102678,Cold Call,Retail,Delhi,Medium,27,5,2,10.02,1,104461.39,1,0,1,10,1
102679,Cold Call,Manufacturing,Bengaluru,Medium,92,5,1,6.44,0,0.0,3,0,0,5,0
102680,Referral,Retail,Kolkata,Medium,53,8,2,5.35,0,0.0,4,1,0,11,0
102681,Cold Call,Technology,Pune,Enterprise,74,6,3,,1,158868.68,4,1,1,12,1
102682,Cold Call,Retail,Kolkata,Medium,15,5,1,3.99,0,0.0,3,0,1,10,0
102683,Website,Manufacturing,Hyderabad,Medium,25,5,1,9.54,0,0.0,6,0,0,7,1
102684,Social Media,Manufacturing,Kolkata,Large,109,3,1,6.41,0,0.0,2,0,0,9,0
102685,Referral,Finance,Kolkata,Medium,100,2,2,12.06,0,0.0,3,0,1,12,1
102686,Cold Call,Technology,Kolkata,Medium,9,9,2,26.79,1,46110.67,4,0,0,6,0
102687,Website,Manufacturing,Chennai,Small,109,4,1,12.34,1,39002.38,10,0,0,7,0
102688,Social Media,Finance,Kolkata,Small,101,3,2,18.73,1,72183.54,3,1,1,4,1
102689,,Technology,Chennai,Large,17,3,1,41.27,1,51369.27,2,0,0,4,0
102690,Email Campaign,Manufacturing,Bengaluru,Small,29,1,1,11.41,0,0.0,4,0,0,1,0
102691,Partner,Healthcare,Pune,Small,22,3,2,22.29,1,50415.9,2,0,0,2,0
102692,Referral,Finance,Chennai,Small,103,2,2,48.67,0,0.0,0,0,0,3,0
102693,Cold Call,Technology,Delhi,Enterprise,103,2,1,47.01,1,149233.1,3,0,1,12,0
102694,Partner,Technology,Chennai,Medium,87,3,0,37.4,0,0.0,4,0,0,10,0
102695,Cold Call,Manufacturing,Hyderabad,,31,5,1,12.71,1,41421.1,4,0,0,2,1
102696,Website,Healthcare,Chennai,Enterprise,111,4,2,8.83,1,232172.14,7,1,1,12,1
102697,Cold Call,Technology,Bengaluru,Medium,102,4,0,24.63,1,52746.55,4,0,0,12,0
102698,Website,Finance,Delhi,Large,105,2,3,26.42,0,0.0,4,0,0,14,0
102699,Referral,Technology,Pune,Large,44,5,0,24.29,1,167313.81,1,0,0,15,0
102700,Cold Call,Technology,Chennai,Medium,85,5,3,5.42,1,91582.95,4,0,0,2,1
102701,Social Media,Finance,Bengaluru,Large,82,5,2,5.59,0,0.0,4,0,0,8,0
102702,Email Campaign,Healthcare,Chennai,Enterprise,19,7,3,32.73,0,0.0,8,0,0,13,0
102703,Referral,Technology,Pune,Small,70,3,1,25.21,0,0.0,5,0,0,4,0
102704,Cold Call,Finance,Pune,Small,66,6,2,19.01,0,0.0,3,0,0,9,0
102705,Social Media,Healthcare,Chennai,Large,71,7,1,16.72,1,173223.88,3,0,1,2,1
102706,Email Campaign,Healthcare,Chennai,Medium,41,5,1,10.83,1,56559.74,2,1,0,5,0
102707,Partner,Technology,Chennai,Medium,81,4,2,12.18,0,0.0,5,0,0,15,1
102708,Website,Technology,Chennai,Small,107,7,1,9.15,1,55823.57,3,0,1,11,1
102709,Website,Technology,Kolkata,Large,73,5,2,17.48,1,124254.47,8,1,1,4,1
102710,Social Media,Finance,Chennai,Large,105,8,3,65.58,0,0.0,2,0,1,15,0
102711,Partner,Retail,Bengaluru,Enterprise,93,7,2,24.65,0,0.0,2,0,0,4,0
102712,Website,Technology,Mumbai,Medium,38,7,2,12.0,1,45508.52,5,0,1,6,0
102713,Website,Manufacturing,Hyderabad,Enterprise,89,9,0,12.14,0,0.0,4,0,0,7,1
102714,Website,Retail,Bengaluru,Medium,81,3,0,15.08,1,52846.79,4,0,0,10,0
102715,Cold Call,Technology,Bengaluru,Medium,114,5,1,5.76,0,0.0,0,0,0,4,0
102716,Website,Technology,Kolkata,Large,41,3,2,30.87,0,0.0,5,0,0,4,0
102717,Email Campaign,Technology,Mumbai,Medium,20,10,3,53.12,0,0.0,4,0,1,11,1
102718,Partner,Technology,Hyderabad,Medium,82,3,1,-5.0,0,0.0,3,0,0,4,0
102719,Website,Healthcare,Hyderabad,Small,76,8,2,14.03,1,179908.88,7,1,1,3,1
102720,Email Campaign,Technology,Kolkata,Medium,74,4,1,14.34,0,0.0,4,0,0,3,1
102721,Email Campaign,Manufacturing,Delhi,Large,89,8,5,17.72,0,0.0,5,1,1,5,1
102722,Cold Call,Healthcare,Bengaluru,Small,62,5,2,25.42,1,76875.61,4,0,0,1,0
102723,Referral,Retail,Chennai,Large,4,6,3,22.54,1,178752.77,2,0,1,1,1
102724,Referral,Manufacturing,Kolkata,Medium,106,3,1,19.77,1,56124.8,3,0,0,11,1
102725,Website,Healthcare,Kolkata,Small,34,3,1,14.48,0,0.0,8,0,0,9,1
102726,Cold Call,Education,Hyderabad,Large,30,6,3,44.7,1,142623.3,4,0,1,3,0
102727,Cold Call,Education,Hyderabad,Small,98,5,2,5.11,1,47773.11,4,0,0,4,1
102728,Website,Finance,Pune,Enterprise,96,3,4,6.66,1,175111.27,7,0,0,11,0
102729,,Technology,Mumbai,Enterprise,61,1,1,30.19,0,0.0,4,1,1,13,1
102730,Partner,Finance,Hyderabad,Medium,83,6,4,10.66,0,0.0,2,0,0,14,1
102731,Website,Technology,Chennai,Medium,10,2,0,21.31,0,0.0,10,0,0,4,0
102732,Referral,Healthcare,Bengaluru,Small,34,2,1,10.65,0,0.0,1,0,0,13,0
102733,Email Campaign,Finance,Pune,Large,30,7,2,6.8,1,511496.33,3,0,1,7,1
102734,Referral,Healthcare,Hyderabad,Small,51,4,1,24.86,0,0.0,3,0,0,5,1
102735,Referral,Manufacturing,Hyderabad,Enterprise,43,3,1,18.55,0,0.0,2,0,0,9,0
102736,Email Campaign,Finance,Hyderabad,Enterprise,9,8,2,164.12,0,0.0,4,0,0,2,0
102737,Website,Healthcare,Kolkata,Small,83,7,4,20.08,1,19575.47,7,0,1,7,1
102738,Email Campaign,Finance,Delhi,Large,72,3,4,46.98,0,0.0,0,0,1,7,0
102739,Social Media,Manufacturing,Delhi,Medium,46,6,0,16.36,0,0.0,7,1,1,9,1
102740,Email Campaign,Retail,Delhi,Medium,107,7,1,55.7,0,0.0,4,0,1,3,0
102741,Website,,Delhi,Small,44,8,2,14.5,1,30427.16,5,0,1,1,1
102742,Cold Call,Retail,Kolkata,Large,15,6,3,8.64,1,186568.84,7,0,1,6,0
102743,Website,Technology,Pune,Small,102,2,0,5.67,0,0.0,7,0,0,15,1
102744,Cold Call,Retail,Mumbai,Large,16,3,1,10.86,0,0.0,3,0,1,9,0
102745,Referral,Retail,Delhi,Medium,9,3,2,12.5,0,0.0,5,0,0,9,0
102746,Cold Call,Finance,Kolkata,Medium,57,6,4,7.65,0,0.0,4,0,0,10,0
102747,Website,Retail,Chennai,Enterprise,70,10,0,32.32,0,0.0,7,0,0,8,1
102748,Website,Manufacturing,Delhi,Large,34,7,1,2.43,0,0.0,2,0,0,4,0
102749,Email Campaign,Manufacturing,Hyderabad,Medium,101,7,2,20.09,0,0.0,3,0,0,15,1
102750,Website,Healthcare,Pune,Medium,34,1,3,16.91,0,0.0,3,0,0,4,0
102751,Website,Retail,Delhi,Medium,116,7,4,50.38,1,35165.51,7,0,0,10,0
102752,Cold Call,Healthcare,Pune,Medium,77,4,1,13.16,1,33134.42,5,0,0,13,1
102753,Cold Call,Manufacturing,Chennai,Enterprise,23,5,0,14.78,0,0.0,2,0,0,10,0
102754,Website,Manufacturing,Bengaluru,Small,50,4,3,28.7,1,39894.26,10,0,0,15,1
102755,Partner,Technology,Pune,Medium,10,7,2,10.46,0,0.0,6,0,0,3,1
102756,Cold Call,Technology,Chennai,Large,102,5,1,15.85,0,0.0,2,0,0,10,0
102757,Cold Call,Finance,Bengaluru,Medium,78,4,3,41.85,0,0.0,0,0,1,2,0
102758,Social Media,Technology,Chennai,Large,52,4,3,19.16,0,0.0,5,1,0,9,0
102759,Social Media,Finance,Mumbai,Small,82,9,2,47.92,0,0.0,3,0,1,3,0
102760,Email Campaign,Technology,Pune,Small,74,5,4,10.68,0,0.0,3,0,0,10,0
102761,Social Media,Retail,Bengaluru,Medium,72,9,4,13.04,1,52102.34,3,0,0,5,0
102762,Partner,Technology,Bengaluru,Medium,48,3,2,38.2,0,0.0,3,1,0,2,0
102763,Website,Finance,Hyderabad,Enterprise,43,8,5,8.29,1,238001.3,9,1,1,13,0
102764,,Retail,Mumbai,Medium,31,6,2,8.5,0,0.0,6,0,1,14,1
102765,Website,Finance,Delhi,Small,95,7,1,21.61,0,0.0,7,0,0,3,0
102766,Partner,Healthcare,Bengaluru,Medium,57,3,2,29.19,1,87711.92,1,0,0,4,0
102767,Email Campaign,Manufacturing,Delhi,Medium,57,5,1,45.67,0,0.0,2,0,0,1,0
102768,Social Media,Education,Kolkata,Medium,87,1,3,15.43,0,0.0,3,0,0,11,0
102769,Cold Call,Retail,Hyderabad,Small,64,9,3,20.84,1,33801.08,4,0,1,14,1
102770,Partner,Technology,Delhi,Medium,115,8,3,61.0,0,0.0,5,1,1,4,1
102771,Website,Technology,Bengaluru,Enterprise,29,8,1,36.45,0,0.0,5,0,0,7,0
102772,Cold Call,Education,Mumbai,Medium,6,1,4,13.7,0,0.0,5,0,1,11,0
102773,Partner,Retail,Delhi,Large,51,2,2,25.79,0,0.0,0,0,0,7,0
102774,Website,Manufacturing,Bengaluru,Small,64,6,2,55.42,1,101710.59,5,0,0,12,0
102775,Cold Call,Retail,Pune,Large,99,8,3,24.94,0,0.0,5,0,1,12,0
102776,Referral,Technology,Chennai,Small,77,4,2,13.55,1,58264.44,0,0,1,12,1
102777,Social Media,Healthcare,Pune,Medium,113,3,0,67.43,0,0.0,2,0,0,11,0
102778,Email Campaign,Manufacturing,Mumbai,Medium,11,5,2,48.78,1,47979.28,4,0,1,7,0
102779,Referral,Manufacturing,Hyderabad,Small,65,2,1,45.98,0,0.0,2,0,0,6,0
102780,Website,Technology,Pune,Medium,100,2,1,12.91,0,0.0,5,0,0,10,1
102781,Website,Retail,Chennai,Small,61,5,1,13.07,1,27183.83,6,0,0,2,0
102782,Website,Technology,Chennai,Large,34,9,3,41.12,0,0.0,7,0,1,9,1
102783,Social Media,Education,Bengaluru,Small,93,8,2,13.77,1,33854.64,6,0,1,1,1
102784,Referral,Finance,Pune,Enterprise,105,4,4,5.4,0,0.0,4,0,0,11,1
102785,Website,Retail,Mumbai,Medium,32,4,6,25.98,0,0.0,2,0,0,10,0
102786,Social Media,Technology,Chennai,Small,67,4,2,56.17,1,32994.22,2,0,0,8,0
102787,Social Media,Retail,Chennai,Medium,97,8,5,7.63,1,26267.23,7,0,0,5,1
102788,Email Campaign,Retail,Kolkata,Small,19,1,2,56.33,0,0.0,5,0,0,8,0
102789,Partner,Finance,Kolkata,Large,2,9,3,9.86,0,0.0,5,0,0,10,0
102790,Referral,Manufacturing,Kolkata,Small,89,3,3,21.86,0,0.0,2,0,0,11,0
102791,Cold Call,Education,Delhi,Large,91,5,3,32.33,0,0.0,5,0,0,14,0
102792,Website,Manufacturing,Pune,Small,19,3,1,21.37,1,67877.9,3,0,0,3,1
102793,Cold Call,Finance,Kolkata,Small,72,2,1,38.84,0,0.0,4,0,0,1,0
102794,Partner,Manufacturing,Kolkata,Small,87,2,1,13.4,0,0.0,1,0,0,10,0
102795,Cold Call,Healthcare,Mumbai,Large,116,9,2,44.75,1,69939.64,3,0,1,3,1
102796,Email Campaign,Retail,Hyderabad,Medium,97,4,2,62.3,0,0.0,2,1,1,3,0
102797,Social Media,Healthcare,Kolkata,Enterprise,27,6,1,17.38,1,343356.37,5,0,1,5,1
102798,Referral,Retail,Delhi,Medium,70,8,4,10.54,0,0.0,8,0,0,11,1
102799,Social Media,Technology,Pune,Small,88,0,3,17.2,1,36518.96,2,0,0,1,0
102800,Cold Call,Finance,Bengaluru,Large,33,7,1,27.4,1,168567.25,4,1,1,6,1
102801,Partner,Technology,Kolkata,Medium,20,8,4,10.44,1,75811.5,4,1,1,2,1
102802,Email Campaign,Finance,Bengaluru,Large,53,7,2,22.18,0,0.0,2,0,1,13,1
102803,Website,Technology,Bengaluru,Medium,87,3,2,17.2,0,0.0,3,0,1,12,1
102804,Social Media,Technology,Mumbai,Large,64,5,1,30.44,0,0.0,5,0,1,2,1
102805,Website,Manufacturing,Kolkata,Small,73,5,3,20.57,0,0.0,4,0,0,5,0
102806,Website,Healthcare,Hyderabad,Enterprise,80,7,5,30.87,0,0.0,5,0,0,7,1
102807,Referral,Technology,Kolkata,Small,115,4,2,10.16,1,39132.96,10,0,1,7,1
102808,Cold Call,Manufacturing,Delhi,Large,77,3,3,3.53,0,0.0,6,0,0,3,0
102809,Website,Education,Mumbai,Small,17,0,1,30.2,1,69067.47,2,0,0,7,0
102810,Website,Education,Kolkata,Large,49,6,4,5.71,1,105943.29,4,0,1,14,1
102811,Website,Manufacturing,Kolkata,Large,21,6,0,24.63,1,436699.56,1,0,0,4,0
102812,,Education,Mumbai,Large,91,9,6,10.63,0,0.0,5,0,1,2,1
102813,Social Media,Retail,Delhi,Medium,120,3,0,36.84,0,0.0,3,0,0,6,0
102814,Website,Education,Bengaluru,Medium,93,7,2,10.93,1,110206.67,6,0,0,8,1
102815,Website,Education,Hyderabad,Large,30,4,1,12.22,0,0.0,6,1,0,5,0
102816,Email Campaign,Finance,Delhi,Medium,84,6,2,40.39,1,60511.89,4,0,1,2,1
102817,Referral,Manufacturing,Mumbai,Medium,3,3,4,34.59,0,0.0,2,0,0,2,0
102818,Social Media,Manufacturing,Kolkata,Small,33,6,2,25.18,0,0.0,3,0,0,12,0
102819,Email Campaign,Manufacturing,Hyderabad,Medium,37,2,1,11.25,0,0.0,6,0,0,2,1
102820,Partner,Education,Bengaluru,Medium,57,4,0,9.65,0,0.0,6,0,0,5,0
102821,Referral,Finance,Pune,Large,39,7,1,24.16,1,573674.13,5,0,0,12,1
102822,Social Media,Finance,Chennai,Small,52,6,3,14.06,0,0.0,2,0,0,9,0
102823,Website,Retail,Hyderabad,Medium,2,8,5,10.22,1,41208.47,8,0,1,1,1
102824,Partner,Manufacturing,Bengaluru,Large,99,8,3,24.28,1,437074.11,4,0,1,3,1
102825,Partner,Manufacturing,Kolkata,Medium,48,3,1,100.52,0,0.0,0,0,0,8,0
102826,Cold Call,Manufacturing,Chennai,Large,97,5,3,14.65,0,0.0,3,0,0,6,0
102827,Email Campaign,Retail,Pune,Small,7,6,0,7.57,0,0.0,4,0,0,15,0
102828,Website,Education,Bengaluru,Medium,104,7,2,15.8,1,58929.99,2,1,0,2,1
102829,Cold Call,Technology,Delhi,Medium,76,5,3,13.82,0,0.0,0,0,1,1,0
102830,Cold Call,Education,Bengaluru,Medium,28,2,0,35.88,0,0.0,1,0,0,9,0
102831,Website,Technology,Pune,Large,91,7,5,45.52,0,0.0,6,0,0,15,1
102832,Email Campaign,Healthcare,Hyderabad,Small,90,5,3,33.81,1,73675.83,2,0,1,1,0
102833,Email Campaign,Technology,Kolkata,Medium,88,0,2,18.65,0,0.0,3,0,0,13,0
102834,Cold Call,Retail,Pune,Small,105,5,5,13.48,0,0.0,3,0,0,15,0
102835,Social Media,Finance,Pune,Medium,115,4,2,68.56,0,,2,0,0,7,0
102836,Social Media,Technology,Hyderabad,Large,20,4,0,37.83,0,0.0,2,0,0,7,0
102837,Social Media,Retail,Pune,Small,34,4,1,43.56,0,0.0,5,0,0,15,0
102838,Referral,Manufacturing,Bengaluru,Medium,5,2,1,5.94,0,0.0,4,1,0,10,1
102839,Referral,Technology,Bengaluru,Medium,8,5,2,47.86,0,0.0,3,0,0,9,0
102840,Website,Retail,Mumbai,Large,13,8,3,32.97,0,0.0,5,0,1,5,1
102841,Cold Call,Technology,Delhi,Small,84,2,3,34.52,0,0.0,2,0,0,14,0
102842,Email Campaign,Technology,Hyderabad,Medium,73,6,1,70.21,0,0.0,6,0,0,4,0
102843,Email Campaign,Technology,Chennai,Large,5,7,2,10.97,0,0.0,5,0,1,6,1
102844,Website,Retail,Chennai,Medium,51,5,1,18.8,0,0.0,5,1,0,13,1
102845,Website,Manufacturing,Kolkata,Large,14,8,4,8.61,0,0.0,4,0,0,8,1
102846,Social Media,Retail,Pune,Medium,24,5,3,45.22,1,94346.26,5,0,0,12,1
102847,Website,Manufacturing,Bengaluru,Enterprise,7,8,2,7.27,1,320403.87,2,0,1,15,1
102848,Website,Retail,Mumbai,Small,64,9,1,4.99,1,8940.55,3,1,1,10,1
102849,Cold Call,Manufacturing,Hyderabad,Small,10,7,1,10.71,0,0.0,6,0,0,3,0
102850,Referral,Education,Mumbai,Medium,95,6,4,9.8,1,83077.34,3,0,1,12,1
102851,Referral,Finance,Kolkata,Medium,112,1,1,9.45,0,0.0,4,0,0,9,1
102852,Email Campaign,Technology,Hyderabad,Medium,103,5,0,24.44,0,0.0,2,0,0,3,1
102853,Cold Call,Technology,Kolkata,Small,99,8,3,41.77,1,24727.84,5,0,0,2,1
102854,Referral,Retail,Pune,Small,91,6,2,5.41,0,0.0,6,1,0,15,0
102855,Cold Call,Healthcare,Bengaluru,Large,110,2,0,54.78,1,207556.73,4,0,0,2,0
102856,Partner,Technology,Mumbai,Small,107,3,1,23.63,0,0.0,4,0,0,7,0
102857,Social Media,Education,Bengaluru,,26,5,2,31.45,1,70247.69,3,0,1,15,0
102858,Email Campaign,Education,Bengaluru,Medium,73,1,1,16.6,1,173878.87,4,0,0,14,0
102859,Cold Call,Finance,Hyderabad,Small,37,5,1,32.39,1,27326.7,6,1,0,13,1
102860,Email Campaign,Technology,Pune,Large,101,6,3,6.95,0,0.0,1,0,1,12,1
102861,Referral,Technology,Mumbai,Large,2,5,5,19.04,1,107085.93,4,1,1,8,1
102862,Email Campaign,Finance,Pune,Large,51,3,2,12.27,0,0.0,3,1,0,5,1
102863,Referral,Manufacturing,Chennai,Small,46,4,3,22.21,1,35095.8,2,0,1,14,0
102864,Website,Retail,Mumbai,Medium,103,11,4,25.65,0,0.0,5,0,1,9,0
102865,Referral,Technology,Pune,Enterprise,36,3,1,35.27,0,0.0,2,0,0,6,1
102866,Website,Healthcare,Hyderabad,Medium,108,8,4,22.04,1,78078.15,3,0,1,15,1
102867,Referral,Technology,Mumbai,Small,60,1,1,35.06,0,0.0,2,0,0,6,0
102868,Email Campaign,Finance,Delhi,Small,83,3,3,28.46,0,0.0,1,0,0,1,0
102869,Partner,Finance,Delhi,Large,64,8,5,12.37,0,0.0,4,0,0,10,1
102870,Website,Retail,Chennai,Large,52,2,0,40.48,0,0.0,4,0,0,7,0
102871,Social Media,Healthcare,Bengaluru,Enterprise,37,4,0,9.72,0,0.0,4,0,0,10,0
102872,Email Campaign,Manufacturing,Mumbai,Enterprise,34,5,4,12.33,1,120377.34,4,0,0,10,0
102873,Website,Technology,Delhi,Medium,77,6,4,27.55,1,83981.18,6,0,0,10,1
102874,Website,Manufacturing,Hyderabad,Medium,40,4,2,17.92,0,0.0,3,0,0,6,0
102875,Website,Technology,Pune,Small,104,6,0,16.55,0,0.0,10,0,0,4,0
102876,Website,Finance,Hyderabad,Small,16,3,1,52.45,0,0.0,3,0,0,5,0
102877,Referral,Manufacturing,Hyderabad,Small,26,7,2,2.13,1,83384.87,3,0,1,15,1
102878,Referral,Retail,Hyderabad,,6,5,1,28.59,1,119806.4,0,0,1,12,0
102879,Email Campaign,Technology,Delhi,Small,104,4,0,4.46,0,0.0,1,0,0,6,1
102880,Website,Healthcare,Kolkata,Medium,50,7,2,14.0,1,19098.25,4,0,0,14,0
102881,Website,Retail,Bengaluru,Medium,5,5,2,29.82,1,122690.79,4,0,0,12,1
102882,Website,Education,Chennai,Medium,6,3,1,25.53,0,0.0,2,0,0,9,0
102883,Email Campaign,Retail,Bengaluru,Medium,111,3,5,9.36,1,56318.6,4,0,0,13,1
102884,Referral,Technology,Kolkata,Small,106,8,3,18.9,0,0.0,8,0,0,15,0
102885,Email Campaign,Healthcare,Bengaluru,Medium,34,5,0,10.03,1,86189.54,5,0,0,9,1
102886,Website,Technology,Hyderabad,Medium,78,3,2,9.2,0,0.0,7,1,0,2,0
102887,Website,Technology,Kolkata,Large,31,5,2,9.72,0,0.0,7,0,0,7,0
102888,Partner,Retail,Chennai,Large,102,4,0,10.94,0,0.0,1,0,0,4,0
102889,Website,Manufacturing,Kolkata,Large,86,7,2,25.24,1,86789.76,5,0,0,11,1
102890,Website,Technology,Hyderabad,Medium,54,7,3,150.85,0,0.0,5,0,0,2,0
102891,Website,Manufacturing,Bengaluru,Small,112,3,0,23.16,1,44124.76,1,0,1,8,0
102892,Partner,Retail,Hyderabad,Medium,27,4,0,13.08,1,37020.6,3,0,1,7,1
102893,Social Media,Manufacturing,Kolkata,Enterprise,120,8,1,7.87,0,0.0,4,0,0,6,0
102894,Social Media,Finance,Pune,Small,35,6,2,10.37,1,60448.94,2,0,0,10,1
102895,Partner,Finance,Pune,,107,2,1,7.76,0,0.0,2,1,0,9,0
102896,Website,Technology,Kolkata,Enterprise,103,8,4,10.02,1,169331.2,12,0,0,4,0
102897,Partner,Technology,Bengaluru,Enterprise,68,9,4,9.27,1,,2,0,1,13,1
102898,Website,Finance,Pune,Small,15,3,1,16.94,0,0.0,2,0,0,7,1
102899,Social Media,Finance,Hyderabad,Large,91,2,1,11.39,1,90116.44,6,0,1,3,1
102900,Referral,Technology,Kolkata,Medium,84,5,2,36.17,0,0.0,5,1,0,11,1
102901,Referral,Technology,Kolkata,Medium,104,4,4,47.18,1,38471.57,3,0,1,6,1
102902,Partner,Education,Hyderabad,Medium,28,5,2,15.48,1,74565.22,1,0,0,10,1
102903,Website,Manufacturing,Mumbai,Enterprise,29,6,2,3.83,1,94907.43,6,0,1,12,1
102904,Partner,Finance,Delhi,Small,43,0,1,20.69,0,0.0,1,0,1,10,0
102905,,Education,Bengaluru,Large,45,6,3,22.95,0,0.0,5,0,0,15,0
102906,Social Media,Technology,Hyderabad,Small,1,7,1,8.24,1,99560.95,2,0,1,10,1
102907,Partner,Finance,Bengaluru,Medium,19,4,2,7.44,0,0.0,2,0,0,6,1
102908,Website,Manufacturing,Mumbai,Large,58,5,0,41.67,1,116710.98,4,0,0,15,1
102909,Partner,Healthcare,Hyderabad,Large,117,6,6,10.56,1,50879.68,5,1,1,8,1
102910,Email Campaign,Technology,Bengaluru,Enterprise,16,4,3,10.4,0,0.0,2,1,0,11,1
102911,Social Media,,Chennai,Large,29,4,2,10.96,0,0.0,4,0,0,5,0
102912,Website,Healthcare,Mumbai,Large,104,10,3,8.43,1,357105.71,4,1,1,14,1
102913,Email Campaign,Retail,Mumbai,Small,5,5,3,9.4,1,58750.17,0,1,0,15,1
102914,Social Media,Finance,Kolkata,Enterprise,12,4,2,12.3,0,0.0,1,0,0,15,0
102915,Email Campaign,Healthcare,Kolkata,Medium,107,2,0,8.46,1,181834.37,3,1,0,6,0
102916,Website,Finance,Chennai,Medium,31,5,3,2.59,1,103192.36,5,0,0,13,1
102917,Website,Healthcare,Pune,Medium,37,8,3,19.49,0,0.0,11,0,0,11,1
102918,Cold Call,Technology,Delhi,Medium,2,6,3,14.31,1,129487.83,4,0,1,2,1
102919,Website,Manufacturing,Kolkata,Medium,49,2,1,5.44,0,0.0,3,0,0,14,0
102920,Social Media,Manufacturing,Mumbai,Medium,120,3,1,18.05,1,35166.88,2,1,1,8,0
102921,Partner,,Bengaluru,Small,119,4,3,16.99,1,51207.26,2,0,1,8,1
102922,Website,Manufacturing,Kolkata,Enterprise,77,11,6,39.56,1,369831.87,12,0,1,6,1
102923,Website,Technology,Kolkata,Enterprise,82,5,2,2.44,0,0.0,10,0,0,13,0
102924,Social Media,,Mumbai,Medium,78,8,4,21.11,1,77214.82,3,1,1,2,0
102925,Website,Healthcare,Hyderabad,Enterprise,84,4,2,13.65,0,0.0,2,0,0,6,1
102926,Social Media,Healthcare,Mumbai,Medium,63,4,3,8.27,1,143633.43,1,0,1,9,1
102927,Social Media,Manufacturing,Delhi,Medium,25,3,4,38.68,0,0.0,7,0,0,3,0
102928,Social Media,Education,Bengaluru,Enterprise,105,6,1,25.08,0,0.0,6,0,0,4,0
102929,Referral,Finance,Hyderabad,Medium,106,6,4,15.58,1,22822.95,5,1,1,10,1
102930,Social Media,Finance,Delhi,Large,18,5,2,9.33,0,0.0,5,1,0,9,0
102931,Social Media,Retail,Bengaluru,Medium,12,5,1,27.14,0,0.0,0,0,0,13,0
102932,Website,Finance,Kolkata,Medium,96,5,1,3.97,0,0.0,5,0,0,13,1
102933,Email Campaign,Technology,Chennai,Small,6,3,1,47.1,0,0.0,2,1,0,1,0
102934,Partner,Education,Bengaluru,Enterprise,97,7,4,10.49,0,0.0,6,0,1,6,1
102935,Social Media,Manufacturing,Kolkata,Small,118,7,0,11.44,1,31798.28,6,0,0,13,0
102936,Email Campaign,Education,Chennai,Medium,5,3,2,33.92,1,28603.95,2,0,1,15,1
102937,Referral,Technology,Mumbai,Small,96,6,2,55.08,0,0.0,4,0,0,2,1
102938,Website,Technology,Bengaluru,Medium,16,2,1,19.03,0,0.0,4,0,0,12,0
102939,Website,Healthcare,Chennai,Medium,35,7,4,26.42,1,58651.1,3,0,1,4,1
102940,Website,Education,Bengaluru,Large,66,7,1,12.05,1,376335.15,6,0,1,13,0
102941,Partner,Technology,Delhi,Medium,82,3,1,36.03,0,0.0,4,0,0,7,0
102942,Website,Technology,Delhi,Small,11,4,1,33.03,1,85731.7,7,0,0,2,0
102943,Cold Call,Technology,Chennai,Small,14,1,1,33.72,1,27604.07,2,0,0,4,0
102944,Website,Manufacturing,Chennai,Small,34,2,2,6.66,1,31959.92,7,0,0,15,1
102945,Referral,Manufacturing,Delhi,,82,1,1,17.23,0,0.0,3,0,0,12,0
102946,Referral,Retail,Kolkata,Large,49,5,4,21.62,1,212908.56,3,1,1,1,1
102947,Referral,Technology,Pune,Medium,34,4,2,7.77,0,0.0,2,0,0,15,0
102948,Cold Call,Retail,Kolkata,Medium,19,6,2,14.57,0,0.0,4,0,0,13,1
102949,Partner,Healthcare,Bengaluru,Small,117,3,3,48.0,0,0.0,1,0,0,9,0
102950,Cold Call,Technology,Mumbai,Large,85,9,4,34.06,1,91954.45,3,0,0,1,1
102951,Website,Finance,Hyderabad,Enterprise,119,3,2,17.16,0,0.0,4,1,0,7,1
102952,Cold Call,Healthcare,Delhi,Large,60,9,3,16.7,1,125338.08,6,0,1,3,0
102953,Website,Finance,Kolkata,Small,99,5,3,14.56,0,0.0,2,0,0,6,1
102954,Partner,Education,Mumbai,Medium,77,7,1,22.7,1,62801.15,11,0,1,5,0
102955,Email Campaign,Healthcare,Hyderabad,Enterprise,64,2,2,15.47,0,0.0,3,0,0,11,0
102956,Referral,Finance,Delhi,Small,57,3,3,33.16,0,0.0,0,0,0,12,0
102957,Website,Retail,Mumbai,Large,61,5,2,,0,0.0,5,0,0,3,0
102958,Website,Retail,Chennai,Enterprise,50,5,2,29.19,1,71895.34,3,0,1,14,0
102959,Website,Technology,Bengaluru,Large,77,7,3,11.45,1,67890.91,7,1,1,11,1
102960,Partner,,Pune,Medium,60,5,2,35.23,1,27251.41,4,1,1,10,0
102961,Cold Call,Finance,Hyderabad,Medium,117,5,3,72.41,1,58203.19,3,0,0,12,0
102962,Partner,Finance,Hyderabad,Enterprise,108,4,3,78.26,0,0.0,3,0,0,11,1
102963,Website,Retail,Mumbai,Medium,56,6,3,36.24,1,88420.05,6,0,1,12,1
102964,Social Media,Healthcare,Bengaluru,Enterprise,48,7,2,92.12,1,155905.07,4,0,0,5,0
102965,Referral,Finance,Chennai,Medium,92,3,2,8.16,0,0.0,6,0,0,11,1
102966,Email Campaign,Technology,Bengaluru,Large,78,6,4,7.21,1,95540.78,2,0,0,15,0
102967,Referral,Healthcare,Pune,Enterprise,28,11,4,17.11,0,0.0,2,0,1,12,1
102968,Referral,Finance,Bengaluru,Medium,101,7,2,29.06,0,0.0,2,0,1,7,1
102969,Email Campaign,Education,Pune,Medium,82,3,1,16.01,0,0.0,5,0,0,10,0
102970,Website,Healthcare,Hyderabad,Small,75,0,0,15.62,1,44706.74,4,0,1,14,1
102971,Email Campaign,Manufacturing,Delhi,Large,94,8,2,32.6,1,53751.61,4,1,1,10,1
102972,Social Media,Finance,Pune,Medium,28,2,1,13.6,0,0.0,0,0,0,12,0
102973,Website,Manufacturing,Kolkata,Small,96,2,1,9.59,0,0.0,6,1,0,14,0
102974,Partner,Technology,Hyderabad,Large,15,9,3,28.07,0,0.0,6,0,0,6,1
102975,Email Campaign,Finance,Pune,Enterprise,96,1,0,24.77,0,0.0,0,0,0,6,0
102976,Cold Call,Technology,Bengaluru,Large,71,4,1,14.45,1,75348.79,3,0,0,6,0
102977,Social Media,Technology,Kolkata,Medium,70,6,4,14.4,1,45685.7,4,1,1,6,1
102978,Social Media,Education,Mumbai,Enterprise,88,4,0,24.61,0,0.0,2,0,0,11,0
102979,Social Media,Retail,Kolkata,Large,38,5,2,11.24,0,0.0,3,0,1,8,1
102980,Cold Call,Retail,Pune,Small,93,9,3,5.03,1,51187.7,2,0,1,15,0
102981,Social Media,Healthcare,Pune,Enterprise,4,5,0,6.25,0,0.0,4,0,0,11,0
102982,Referral,Retail,Bengaluru,Medium,84,6,3,6.82,0,0.0,3,0,0,11,1
102983,Website,Retail,Bengaluru,Enterprise,96,9,1,5.89,0,0.0,4,0,0,15,1
102984,Social Media,Manufacturing,Chennai,Large,1,4,2,19.72,0,0.0,3,0,0,13,1
102985,Website,Retail,Mumbai,Medium,84,8,2,18.95,0,0.0,4,1,0,1,0
102986,Website,,Chennai,Medium,93,5,3,20.93,1,76770.87,5,0,1,15,1
102987,Website,Finance,Pune,,63,2,2,15.72,1,24957.64,6,0,0,14,0
102988,Email Campaign,Education,Hyderabad,Small,73,4,2,19.73,0,0.0,3,0,0,5,0
102989,Website,Technology,Bengaluru,Large,8,8,4,24.12,1,259962.97,8,1,1,4,1
102990,Social Media,Finance,Delhi,Large,119,8,0,29.2,1,128312.63,2,0,1,9,0
102991,Cold Call,Education,Delhi,Small,117,5,3,8.28,1,80804.13,4,0,1,15,1
102992,Cold Call,Technology,Mumbai,Small,92,5,1,23.91,1,44002.93,4,0,0,10,0
102993,Referral,Technology,Hyderabad,Large,2,7,1,22.28,0,0.0,2,0,0,9,0
102994,Email Campaign,Finance,Bengaluru,Small,52,3,1,43.13,0,0.0,3,1,0,4,1
102995,Email Campaign,Healthcare,Mumbai,Small,99,11,2,3.43,0,0.0,3,0,0,14,1
102996,Email Campaign,Education,Hyderabad,Small,82,0,1,23.48,0,0.0,2,1,0,12,1
102997,Social Media,Manufacturing,Mumbai,Medium,109,3,0,33.76,0,0.0,1,0,1,1,0
102998,Website,Healthcare,Kolkata,Medium,74,8,2,12.84,0,0.0,5,0,0,4,0
102999,Partner,Education,Pune,Large,86,8,1,9.83,0,0.0,3,0,0,14,1
103000,Website,Retail,Delhi,Medium,41,3,2,9.53,0,0.0,11,1,1,11,0
103001,Cold Call,Manufacturing,Pune,Small,98,6,2,14.54,1,73500.31,5,0,1,7,1
103002,Social Media,Finance,Chennai,Large,65,6,1,29.87,1,343221.28,2,0,0,8,1
103003,,Healthcare,Delhi,Enterprise,97,2,2,15.89,0,0.0,4,0,0,2,0
103004,Cold Call,Technology,Hyderabad,Medium,25,10,1,44.5,1,244778.3,5,0,1,13,1
103005,Website,Technology,Delhi,Large,33,6,3,8.09,0,0.0,0,0,1,10,0
103006,Cold Call,Retail,Mumbai,Large,11,8,0,4.69,0,0.0,2,0,0,8,0
103007,Social Media,Technology,Pune,Enterprise,82,5,0,7.92,1,322257.55,2,0,1,10,0
103008,Website,Healthcare,Bengaluru,Medium,88,9,3,15.12,0,0.0,5,0,0,9,1
103009,Website,Retail,Kolkata,Small,35,0,1,22.12,1,40366.71,5,0,0,7,0
103010,Cold Call,Technology,Kolkata,Small,47,6,4,28.12,0,0.0,4,0,0,3,0
103011,Referral,Healthcare,Bengaluru,Large,69,3,1,7.98,0,0.0,2,0,0,8,0
103012,Partner,Retail,Delhi,Large,91,0,0,13.73,1,63509.8,2,0,0,13,0
103013,Cold Call,,Bengaluru,Medium,37,5,1,18.22,1,102362.32,1,0,0,1,0
103014,Social Media,Finance,Kolkata,Small,59,4,2,46.51,1,43049.05,4,0,1,7,0
103015,Referral,Education,Hyderabad,Small,23,6,1,10.34,1,131590.44,3,0,1,13,1
103016,Social Media,Manufacturing,Chennai,Medium,98,3,1,23.33,0,0.0,7,0,0,9,0
103017,Partner,Retail,Hyderabad,Enterprise,105,8,2,27.13,0,0.0,4,1,0,1,1
103018,Website,Finance,Bengaluru,Medium,89,4,0,38.57,0,0.0,4,0,0,13,0
103019,Referral,Retail,Bengaluru,Large,98,10,2,33.74,1,89825.69,5,1,0,1,1
103020,Website,Manufacturing,Chennai,Medium,92,10,2,8.55,0,0.0,5,0,0,8,1
103021,Referral,Finance,Mumbai,Large,101,6,1,96.16,0,0.0,3,0,0,2,0
103022,Cold Call,Education,Hyderabad,Large,52,7,4,23.51,1,47956.21,4,1,1,5,0
103023,Email Campaign,,Chennai,Small,25,4,1,52.75,0,0.0,3,1,0,6,0
103024,Email Campaign,Healthcare,Hyderabad,Large,116,8,4,27.32,1,99956.14,2,1,1,4,1
103025,Referral,Retail,Hyderabad,Large,1,6,1,14.76,0,0.0,7,1,0,14,0
103026,Website,Healthcare,Chennai,Enterprise,49,11,5,19.97,1,178315.38,8,1,1,9,1
103027,Referral,Manufacturing,Hyderabad,,88,6,3,5.43,1,48700.61,3,0,1,6,1
103028,Cold Call,Manufacturing,Mumbai,Small,96,3,3,9.63,0,0.0,2,0,0,5,0
103029,Social Media,Technology,Delhi,Medium,83,5,4,23.23,1,105948.37,3,0,1,8,1
103030,Referral,Technology,Bengaluru,Large,59,8,3,65.46,1,,3,0,0,6,0
103031,Cold Call,Finance,Kolkata,Small,111,6,2,7.45,0,0.0,4,0,0,13,1
103032,Website,Education,Chennai,Enterprise,29,10,6,33.27,1,117475.56,7,0,0,4,1
103033,Referral,Finance,Hyderabad,Small,18,2,1,32.52,0,0.0,2,0,0,11,0
103034,Website,Education,Hyderabad,Enterprise,76,11,2,28.44,1,116760.41,9,1,1,7,1
103035,Partner,Healthcare,Delhi,Medium,39,3,1,14.71,0,0.0,3,0,0,4,1
103036,Social Media,Finance,Kolkata,Small,57,5,1,22.77,1,65679.96,1,0,0,7,0
103037,Social Media,Education,Kolkata,Medium,55,3,1,6.21,0,0.0,3,0,0,2,0
103038,Website,Retail,Hyderabad,Medium,32,10,5,74.87,0,0.0,2,0,1,8,1
103039,Website,Finance,Pune,Large,120,4,2,80.76,0,0.0,4,0,0,11,0
103040,Social Media,Technology,Delhi,Medium,46,4,1,19.94,0,0.0,4,0,0,9,0
103041,Referral,Technology,Delhi,Small,81,3,1,21.7,1,34421.53,1,1,0,1,0
103042,Partner,Technology,Delhi,Enterprise,20,3,1,21.76,0,0.0,4,0,0,9,1
103043,Cold Call,Finance,Pune,Medium,119,5,6,72.97,0,0.0,3,0,0,1,0
103044,Email Campaign,Retail,Chennai,Small,119,2,3,21.92,0,0.0,4,0,0,6,0
103045,Cold Call,Finance,Kolkata,Large,9,5,4,10.06,1,116223.29,2,0,1,10,1
103046,Partner,Technology,Mumbai,Small,78,3,0,21.3,0,0.0,7,0,1,14,0
103047,Email Campaign,Finance,Mumbai,Small,72,7,2,16.16,0,0.0,4,0,0,15,0
103048,Social Media,Finance,Bengaluru,Medium,21,9,3,20.34,1,38294.74,1,0,0,8,1
103049,Partner,Education,Pune,Medium,93,3,3,28.17,0,0.0,4,1,1,4,1
103050,Website,Finance,Bengaluru,Medium,92,5,3,9.04,0,0.0,3,0,0,13,0
103051,Partner,Technology,Chennai,Enterprise,102,12,1,11.56,1,314331.49,4,0,0,6,1
103052,Website,Retail,Kolkata,Small,73,5,1,4.53,1,41378.5,5,0,1,9,0
103053,Social Media,Education,Delhi,Enterprise,85,10,3,17.46,1,162400.1,3,0,1,3,1
103054,Cold Call,Manufacturing,Chennai,Small,87,7,1,14.32,0,0.0,3,0,0,6,0
103055,Social Media,Manufacturing,Mumbai,Small,93,4,1,12.31,0,0.0,1,0,0,8,0
103056,Email Campaign,Education,Kolkata,Small,71,5,0,28.95,1,22722.82,1,0,1,12,1
103057,Social Media,Retail,Kolkata,Small,90,1,1,46.74,0,0.0,2,0,0,14,0
103058,Website,Education,Delhi,Medium,8,10,2,9.13,1,102129.62,6,0,1,3,1
103059,Website,Technology,Pune,Large,75,1,1,38.78,0,0.0,5,0,0,9,0
103060,Referral,Manufacturing,Delhi,Large,25,3,1,8.85,0,0.0,1,0,0,15,0
103061,Social Media,Manufacturing,Kolkata,Large,49,4,3,20.31,0,0.0,3,0,0,1,1
103062,Email Campaign,Education,Chennai,Small,93,2,0,11.26,0,0.0,0,0,0,9,0
103063,Website,Healthcare,Mumbai,Large,14,8,3,8.74,0,0.0,7,0,1,12,0
103064,Partner,Manufacturing,Kolkata,Medium,91,5,2,55.24,1,97913.34,5,1,1,2,0
103065,Referral,Technology,Hyderabad,Large,32,9,3,9.12,1,62080.29,2,1,1,11,1
103066,Email Campaign,Retail,Bengaluru,Large,91,7,0,49.23,0,0.0,5,0,0,7,0
103067,Referral,Finance,Pune,Small,92,1,0,24.89,1,17029.0,1,0,0,10,0
103068,Website,Retail,Pune,Medium,2,5,2,23.04,0,0.0,7,0,0,11,0
103069,Cold Call,Retail,Kolkata,Enterprise,29,4,2,12.64,0,0.0,2,0,0,3,0
103070,Email Campaign,Finance,Delhi,Small,97,3,2,107.3,0,0.0,3,0,0,2,0
103071,Website,Technology,Kolkata,Large,42,2,0,,1,61695.43,5,0,1,5,1
103072,Partner,Finance,Mumbai,Enterprise,53,6,5,11.41,0,0.0,3,1,0,4,1
103073,Cold Call,Retail,Bengaluru,Medium,2,9,4,16.74,1,42443.09,3,0,1,5,0
103074,Cold Call,Retail,Chennai,Medium,84,6,0,11.56,0,0.0,3,0,0,14,0
103075,Cold Call,Manufacturing,Kolkata,Medium,12,6,3,14.72,0,0.0,7,1,1,11,1
103076,Partner,Technology,Pune,Large,33,4,0,22.84,0,0.0,3,0,0,6,1
103077,Referral,Manufacturing,Bengaluru,Medium,58,8,3,13.79,0,0.0,6,1,1,10,1
103078,Social Media,Retail,Bengaluru,Medium,93,3,3,10.51,0,0.0,0,0,1,3,1
103079,Social Media,Technology,Pune,Small,60,4,4,9.3,0,0.0,3,0,0,3,0
103080,Referral,Finance,Pune,Enterprise,118,13,1,24.13,1,180929.74,3,0,1,2,1
103081,Website,Healthcare,Kolkata,Large,63,4,2,3.75,1,325099.08,2,0,0,7,1
103082,Website,Finance,Kolkata,Medium,31,1,1,60.69,0,0.0,4,0,0,10,0
103083,Social Media,Technology,Chennai,Enterprise,23,8,2,14.89,0,0.0,1,0,0,8,0
103084,Cold Call,Technology,Pune,Large,95,10,2,30.46,0,0.0,8,0,1,9,0
103085,Cold Call,Technology,Mumbai,Enterprise,56,7,4,18.59,1,242905.01,2,0,1,3,1
103086,Referral,Technology,Bengaluru,Small,73,6,4,42.58,1,28416.25,1,0,1,10,1
103087,Website,Finance,Bengaluru,Small,45,1,1,9.88,1,30047.71,5,1,0,9,1
103088,Email Campaign,Manufacturing,Bengaluru,Large,33,8,3,53.95,1,63774.88,0,0,1,15,1
103089,Email Campaign,Healthcare,Delhi,Medium,72,7,0,21.48,0,0.0,4,0,0,4,1
103090,Partner,Healthcare,Kolkata,Medium,36,3,5,8.46,0,0.0,2,0,0,1,0
103091,Cold Call,Retail,Delhi,Large,120,8,1,11.23,1,66384.44,9,0,1,7,0
103092,Partner,Healthcare,Chennai,Medium,88,6,1,25.3,0,,3,0,0,3,1
103093,Cold Call,Technology,Bengaluru,Medium,99,8,3,15.21,1,167566.86,5,1,1,3,1
103094,Partner,Technology,Pune,Medium,35,2,3,46.49,0,0.0,1,0,0,4,1
103095,Email Campaign,Technology,Pune,Medium,4,6,0,7.19,1,109822.35,3,0,1,11,0
103096,Website,Retail,Hyderabad,Small,6,10,5,9.11,1,51391.72,4,1,1,7,1
103097,Website,Healthcare,Kolkata,Small,104,2,1,7.43,1,42973.26,7,0,1,14,0
103098,Referral,Finance,Hyderabad,Medium,105,3,1,25.8,0,0.0,3,0,0,2,1
103099,Referral,Healthcare,Bengaluru,Large,82,9,0,20.22,1,90576.36,6,1,1,14,1
103100,Website,Education,Bengaluru,Medium,71,3,2,8.05,0,0.0,2,0,0,7,0
103101,Partner,Finance,Pune,Medium,26,7,3,29.2,0,0.0,3,0,0,9,0
103102,Website,Healthcare,Bengaluru,Large,92,4,4,24.27,1,52786.22,4,0,0,13,0
103103,Partner,Healthcare,Hyderabad,Small,62,5,1,18.02,0,0.0,4,1,0,8,1
103104,Cold Call,Retail,Chennai,Medium,73,5,0,11.26,1,31945.71,2,1,0,3,1
103105,Social Media,Manufacturing,Kolkata,Small,3,6,2,25.94,0,0.0,3,0,0,4,1
103106,Social Media,Retail,Kolkata,Large,62,5,2,8.78,0,0.0,4,0,0,14,0
103107,Referral,Technology,Hyderabad,Small,84,1,0,28.84,0,0.0,4,0,0,2,1
103108,Social Media,Healthcare,Pune,Medium,93,4,4,8.78,1,114206.15,2,0,0,14,0
103109,Website,Manufacturing,Chennai,Medium,18,7,2,10.32,1,168247.88,5,1,1,11,1
103110,Partner,Finance,Pune,Large,4,6,4,6.86,1,97720.47,3,0,0,8,1
103111,Referral,Education,Pune,Large,103,2,1,26.59,0,0.0,2,1,0,5,1
103112,Referral,Finance,Kolkata,Enterprise,38,9,3,12.41,0,0.0,1,0,1,13,1
103113,Social Media,Healthcare,Hyderabad,Large,57,5,2,41.25,1,36361.54,4,0,1,1,0
103114,Social Media,Healthcare,Mumbai,Medium,76,3,3,48.2,0,0.0,1,0,0,11,0
103115,Email Campaign,Healthcare,Bengaluru,Small,59,4,0,14.1,0,0.0,3,0,0,4,0
103116,Social Media,Manufacturing,Pune,Small,114,5,1,8.08,1,62679.73,0,0,1,6,0
103117,Website,Technology,Delhi,Small,102,2,1,32.54,1,56330.76,3,0,1,1,0
103118,Social Media,Retail,Chennai,Small,48,7,2,44.35,0,0.0,4,1,0,9,0
103119,Referral,Retail,Bengaluru,Medium,23,6,1,11.32,1,40890.31,2,0,1,3,0
103120,Referral,Manufacturing,Chennai,Large,118,8,2,12.48,1,146833.56,6,0,1,2,0
103121,Website,Retail,Kolkata,Large,85,6,5,15.92,0,0.0,5,0,0,5,1
103122,Referral,Education,Kolkata,Medium,91,6,0,54.52,0,0.0,4,0,0,8,0
103123,Referral,Manufacturing,Delhi,Medium,56,0,1,8.26,0,0.0,2,0,0,15,0
103124,Email Campaign,Finance,Kolkata,Small,59,0,0,21.87,0,0.0,2,0,0,13,0
103125,Website,Manufacturing,Bengaluru,Medium,22,9,4,16.77,0,0.0,4,0,0,7,1
103126,Website,Education,Chennai,Medium,52,3,0,41.94,0,0.0,5,0,0,9,0
103127,Email Campaign,Finance,Mumbai,Medium,66,7,3,20.19,1,167902.77,3,0,1,12,0
103128,Website,Retail,Hyderabad,Small,16,4,0,32.32,0,0.0,2,0,0,6,0
103129,Social Media,Finance,Hyderabad,Enterprise,77,5,3,13.5,1,205047.01,10,1,1,12,1
103130,Partner,Retail,Delhi,Medium,74,5,4,8.81,0,0.0,4,0,1,10,0
103131,Referral,Technology,Pune,Medium,101,3,0,23.77,0,0.0,3,1,0,11,1
103132,Partner,Manufacturing,Chennai,Small,7,5,4,21.48,0,0.0,2,0,0,15,0
103133,Website,Healthcare,Hyderabad,Small,28,5,1,12.65,1,76769.27,4,0,1,6,1
103134,Website,Retail,Hyderabad,Medium,52,5,2,19.64,1,43918.41,3,0,0,2,0
103135,Cold Call,Technology,Kolkata,Enterprise,106,3,1,24.83,1,243981.43,1,0,1,9,0
103136,Cold Call,Retail,Bengaluru,Small,29,2,1,5.74,1,58451.44,3,1,1,5,1
103137,Cold Call,Healthcare,Bengaluru,Medium,117,4,2,17.89,0,0.0,2,0,0,1,0
103138,Website,Retail,Hyderabad,Enterprise,115,4,1,23.09,1,190824.19,3,0,0,3,1
103139,Cold Call,Finance,Pune,Medium,12,5,2,15.8,0,0.0,7,0,0,9,0
103140,Referral,Technology,Pune,Medium,44,10,4,18.85,0,0.0,5,0,0,15,0
103141,Referral,Healthcare,Kolkata,Medium,32,4,1,4.92,0,0.0,1,0,0,6,0
103142,Website,Education,Hyderabad,Medium,59,4,1,17.62,0,0.0,1,0,0,9,0
103143,Partner,Technology,Kolkata,Enterprise,111,3,0,7.85,0,0.0,1,0,0,3,0
103144,Website,Retail,Kolkata,Small,46,7,5,38.77,1,25818.59,5,0,1,2,1
103145,Cold Call,Technology,Hyderabad,Large,80,4,1,12.38,1,127236.47,5,1,1,12,1
103146,Social Media,Retail,Pune,Small,17,1,1,8.43,0,0.0,3,0,0,10,0
103147,Cold Call,Technology,Bengaluru,Large,69,2,3,8.98,0,0.0,3,1,0,3,0
103148,Social Media,Healthcare,Delhi,Large,43,2,1,27.36,1,,2,0,0,8,0
103149,Cold Call,Finance,Hyderabad,Large,-10,12,2,,0,0.0,4,1,1,9,1
103150,Website,Technology,Mumbai,Large,94,8,2,35.2,1,50620.04,3,0,1,1,1
103151,Website,Finance,Pune,Large,26,11,5,16.57,1,125868.79,4,0,0,5,1
103152,Social Media,Finance,Chennai,Small,75,2,1,3.83,0,0.0,0,0,0,13,0
103153,Referral,Healthcare,Chennai,Small,42,4,3,51.1,0,0.0,1,0,1,6,0
103154,Website,Education,Hyderabad,Medium,53,6,1,22.79,0,0.0,3,0,0,11,0
103155,Website,Healthcare,Kolkata,Medium,56,3,2,31.24,1,96914.77,7,0,0,10,0
103156,Referral,Education,Pune,Medium,99,5,0,7.87,1,81661.48,3,1,1,1,0
103157,Website,Healthcare,Pune,Large,35,6,2,90.16,0,0.0,0,0,0,15,0
103158,Website,Technology,Pune,Large,1,3,1,23.73,1,113152.59,5,0,1,15,1
103159,Partner,Technology,Mumbai,Enterprise,24,8,2,88.31,1,504469.8,4,1,0,11,1
103160,Referral,Finance,Bengaluru,Medium,100,2,1,22.8,0,0.0,3,0,0,3,0
103161,Partner,Finance,Bengaluru,Large,36,3,3,18.86,0,0.0,2,0,0,13,1
103162,Partner,Manufacturing,Hyderabad,Large,8,2,3,32.02,0,0.0,3,0,0,1,1
103163,Website,Retail,Hyderabad,Enterprise,49,4,2,7.16,0,0.0,4,0,1,8,1
103164,Social Media,Retail,Bengaluru,Large,105,7,3,25.12,1,129142.07,4,0,1,7,0
103165,Social Media,Healthcare,Pune,Small,105,5,2,18.8,0,0.0,2,0,0,11,0
103166,Social Media,Finance,Delhi,Small,114,10,4,23.5,0,0.0,8,0,0,3,1
103167,Website,Retail,Bengaluru,Enterprise,83,9,4,12.51,1,128491.55,4,0,1,14,1
103168,Website,Technology,Delhi,Large,99,9,3,16.57,1,204034.51,9,1,1,9,1
103169,Website,Technology,Delhi,Large,93,2,1,63.36,0,0.0,4,0,0,4,0
103170,Social Media,Finance,Mumbai,Large,3,10,3,14.95,0,0.0,3,0,0,5,1
103171,Partner,Technology,Pune,Large,51,5,3,13.55,0,0.0,3,0,0,11,1
103172,Social Media,Retail,Pune,Large,64,2,1,34.94,1,38943.57,3,0,1,3,1
103173,Social Media,Technology,Mumbai,Enterprise,56,10,1,26.94,1,197244.26,4,1,1,5,1
103174,Partner,Technology,Mumbai,Enterprise,100,5,5,17.57,0,0.0,2,0,0,15,1
103175,Social Media,Education,Bengaluru,Medium,118,3,3,13.3,0,0.0,4,0,0,14,0
103176,Website,Education,Chennai,Small,66,9,3,9.28,0,,4,0,1,5,1
103177,Cold Call,Healthcare,Pune,Small,12,4,6,7.36,1,49168.88,2,0,1,9,1
103178,Referral,Healthcare,Delhi,Medium,44,5,2,22.89,0,0.0,4,0,0,7,0
103179,Website,Manufacturing,Bengaluru,Large,24,6,2,14.13,1,130164.23,5,0,1,4,1
103180,Email Campaign,Technology,Mumbai,Large,57,7,2,24.6,1,41632.77,5,0,1,5,1
103181,Partner,Healthcare,Chennai,Medium,29,2,1,23.79,0,,0,0,0,2,1
103182,Referral,Technology,Kolkata,Medium,10,7,4,41.45,1,135049.27,4,0,1,13,1
103183,Email Campaign,Finance,Delhi,Medium,21,10,4,16.3,1,45726.78,7,0,0,4,1
103184,Website,Education,Delhi,Large,60,5,6,35.21,1,110538.81,3,1,0,3,1
103185,Website,Manufacturing,Mumbai,Medium,17,10,2,7.22,1,85628.21,7,0,1,10,1
103186,Website,Education,Delhi,Small,4,7,3,33.88,0,0.0,5,1,1,2,0
103187,Cold Call,Manufacturing,Pune,Medium,34,2,4,23.49,1,53625.61,5,0,0,15,1
103188,Cold Call,Retail,Kolkata,Medium,78,5,2,29.89,1,91936.65,2,0,1,14,0
103189,Website,Manufacturing,Mumbai,Medium,76,1,0,13.9,1,66823.08,1,0,0,7,0
103190,Referral,Retail,Chennai,Large,47,5,3,40.4,0,0.0,3,0,1,3,0
103191,Website,Healthcare,Chennai,Enterprise,80,5,2,62.63,1,103317.08,6,0,1,3,1
103192,Website,Finance,Mumbai,Small,23,3,1,10.66,0,0.0,5,0,0,13,0
103193,Email Campaign,Healthcare,Pune,Small,87,2,2,22.27,0,0.0,5,0,1,7,0
103194,Social Media,Finance,Hyderabad,Medium,3,1,0,24.13,0,0.0,0,0,0,9,0
103195,Social Media,Healthcare,Mumbai,Small,17,4,1,16.08,1,42462.23,4,0,0,2,0
103196,Referral,Technology,Chennai,Medium,111,4,1,12.37,0,0.0,4,1,0,13,1
103197,Email Campaign,Retail,Mumbai,Small,57,2,4,12.42,0,0.0,1,0,0,8,1
103198,Website,Finance,Hyderabad,Small,67,4,1,27.21,0,0.0,4,0,0,2,0
103199,Website,Finance,Mumbai,Large,48,13,1,14.41,0,0.0,9,1,1,2,1
103200,Partner,Healthcare,Delhi,Small,78,5,2,6.86,0,0.0,6,0,0,15,0
103201,,Technology,Pune,Large,90,8,7,90.49,1,153205.86,5,0,0,1,1
103202,Partner,Education,Delhi,Medium,94,5,5,29.39,0,0.0,5,0,0,5,0
103203,Partner,Healthcare,Bengaluru,Medium,30,5,5,11.49,0,0.0,3,0,0,1,1
103204,Social Media,Finance,Kolkata,Small,76,3,2,10.36,1,24431.68,6,0,1,1,1
103205,Partner,Technology,Pune,Small,95,3,2,2.9,0,0.0,3,1,0,13,1
103206,Referral,Manufacturing,Hyderabad,Medium,50,1,1,7.79,0,0.0,3,0,0,12,1
103207,Website,Retail,Bengaluru,,46,1,2,8.44,0,0.0,8,0,0,5,0
103208,Website,Healthcare,Bengaluru,Enterprise,76,5,2,21.5,0,0.0,6,0,0,3,1
103209,Website,Finance,Kolkata,Small,69,7,2,17.97,1,22132.3,7,0,1,4,0
103210,Website,Manufacturing,Bengaluru,Small,31,5,4,7.53,0,0.0,4,0,0,6,0
103211,Referral,Education,Chennai,Small,115,5,1,27.06,0,0.0,4,0,0,12,0
103212,Social Media,Finance,Delhi,Large,68,2,2,6.75,0,0.0,2,0,1,9,1
103213,Cold Call,Technology,Delhi,Small,68,3,2,32.03,1,66751.34,4,0,1,7,1
103214,Social Media,Technology,Kolkata,Small,25,5,2,11.75,1,82312.32,2,0,0,2,0
103215,Website,Technology,Delhi,Large,82,5,5,43.7,0,0.0,5,1,0,2,1
103216,Cold Call,Manufacturing,Pune,Large,111,7,4,12.66,1,39973.62,2,0,1,4,0
103217,Referral,,Pune,Large,88,4,2,12.62,0,0.0,1,0,0,4,0
103218,Website,Education,Hyderabad,Small,62,6,3,43.57,0,0.0,5,0,0,8,0
103219,Referral,Manufacturing,Delhi,Medium,77,5,3,,0,0.0,4,0,0,13,0
103220,Referral,Technology,Hyderabad,Small,29,9,2,42.24,1,21341.6,3,0,1,7,0
103221,Referral,Education,Pune,Large,8,5,3,16.18,0,0.0,0,0,0,5,0
103222,Cold Call,Finance,Pune,Large,77,5,0,9.65,1,35454.49,3,0,0,9,0
103223,Cold Call,Finance,Bengaluru,Small,22,2,1,24.73,0,0.0,5,0,1,2,0
103224,Social Media,Retail,Mumbai,Large,11,9,1,21.62,1,306752.06,3,0,1,11,1
103225,Website,Technology,Bengaluru,Medium,93,5,1,10.96,1,67021.58,4,0,1,1,1
103226,Cold Call,Manufacturing,Delhi,Large,53,2,3,18.98,1,22082.44,2,0,0,6,0
103227,Social Media,Education,Hyderabad,Small,103,6,2,16.61,1,171428.52,4,0,1,15,0
103228,Website,Manufacturing,Delhi,Medium,104,5,3,8.66,0,0.0,12,0,0,7,1
103229,Social Media,Manufacturing,Pune,Small,15,2,1,26.31,0,0.0,6,0,0,12,0
103230,Email Campaign,Finance,Pune,Large,93,6,2,34.14,1,212501.19,3,0,1,5,1
103231,Email Campaign,Technology,Bengaluru,Small,41,6,0,17.99,0,0.0,3,0,0,13,0
103232,Website,Manufacturing,Kolkata,Medium,85,1,0,23.81,0,0.0,3,0,0,6,0
103233,Email Campaign,Retail,Chennai,Large,6,3,2,22.89,0,0.0,5,1,0,4,1
103234,Website,Education,Kolkata,Large,57,6,2,15.5,1,80808.43,5,0,1,1,1
103235,Website,Technology,Hyderabad,Medium,76,6,4,22.24,0,0.0,4,0,0,5,0
103236,Website,Finance,Pune,Large,54,2,2,55.58,0,0.0,6,0,0,9,0
103237,Partner,Finance,Mumbai,Large,67,6,3,3.06,1,151174.61,3,0,1,1,1
103238,Referral,Retail,Kolkata,Medium,2,5,1,,1,98954.88,3,0,0,3,0
103239,Referral,Manufacturing,Pune,Medium,1,3,3,11.23,1,34896.07,2,0,0,6,0
103240,Referral,Education,Delhi,Small,73,1,3,8.07,0,0.0,3,0,0,11,1
103241,Partner,Finance,Hyderabad,Medium,50,6,2,7.71,0,0.0,4,0,0,9,0
103242,Email Campaign,Healthcare,Delhi,Small,70,6,6,26.08,1,76531.75,4,0,0,1,1
103243,Partner,Technology,Delhi,Medium,44,6,2,55.51,1,33691.68,5,0,1,1,0
103244,Referral,Finance,Mumbai,Medium,1,9,4,18.43,0,0.0,8,0,0,1,1
103245,Website,Finance,Pune,Small,85,4,1,62.5,0,0.0,4,0,0,5,0
103246,Email Campaign,Retail,Chennai,Large,17,3,1,74.61,0,0.0,3,0,0,5,0
103247,Referral,Healthcare,Bengaluru,Large,95,5,3,40.77,0,0.0,2,0,0,2,1
103248,Cold Call,Finance,Pune,Medium,2,4,2,13.99,0,0.0,3,0,1,7,1
103249,Cold Call,Retail,Pune,Enterprise,112,5,2,6.67,1,184634.71,4,0,1,9,0
103250,Email Campaign,Manufacturing,Kolkata,Small,31,4,2,18.32,0,0.0,6,0,0,11,1
103251,Partner,,Hyderabad,Small,108,5,3,22.03,0,0.0,4,0,0,15,0
103252,Email Campaign,Finance,Delhi,Small,1,4,3,22.0,0,0.0,1,0,0,11,0
103253,Referral,Retail,Pune,Medium,55,8,0,42.63,1,168038.21,2,0,1,15,0
103254,Email Campaign,Manufacturing,Chennai,Small,51,5,2,69.42,0,0.0,2,1,1,15,0
103255,Website,Manufacturing,Delhi,Large,20,2,0,31.62,0,0.0,6,0,0,13,0
103256,Cold Call,Technology,Hyderabad,Medium,58,6,2,20.33,1,97468.28,1,0,0,6,0
103257,Website,Healthcare,Kolkata,Medium,26,7,1,15.41,0,0.0,7,0,0,1,0
103258,Referral,Education,Pune,Medium,53,5,0,13.16,1,118149.61,1,0,1,1,1
103259,Email Campaign,Finance,Mumbai,Medium,45,2,0,30.75,1,172268.14,4,0,1,14,1
103260,Website,Healthcare,Mumbai,Large,24,5,0,10.3,0,0.0,8,1,0,13,1
103261,Website,Education,Pune,Large,95,3,1,14.65,0,0.0,5,0,0,5,0
103262,Social Media,Technology,Bengaluru,Large,63,5,1,11.31,1,297162.12,4,0,1,11,1
103263,Website,Retail,Bengaluru,Medium,101,6,1,23.63,0,0.0,6,0,1,7,0
103264,Email Campaign,Manufacturing,Chennai,Medium,98,6,2,14.29,0,0.0,5,0,0,2,0
103265,Referral,Technology,Bengaluru,Medium,32,6,3,46.39,0,0.0,6,0,1,10,1
103266,Website,Retail,Pune,Large,35,4,1,9.14,0,0.0,1,0,1,2,1
103267,Website,Healthcare,Pune,Medium,115,5,0,61.82,0,0.0,4,0,0,2,1
103268,Cold Call,Manufacturing,Kolkata,Medium,38,2,2,9.78,0,0.0,3,0,0,8,0
103269,Partner,Education,Mumbai,Small,12,5,2,9.2,1,66904.37,4,1,1,2,0
103270,Website,Manufacturing,Chennai,Large,66,3,3,25.3,0,0.0,1,0,0,6,0
103271,Partner,Technology,Mumbai,Small,117,3,2,23.76,0,0.0,3,0,0,12,0
103272,Social Media,Manufacturing,Bengaluru,Enterprise,29,7,2,20.35,1,313537.96,3,0,0,9,1
103273,Social Media,Education,Kolkata,Small,77,5,1,27.95,1,46968.06,7,0,0,1,0
103274,,Retail,Kolkata,Medium,41,2,2,28.66,0,0.0,3,0,0,4,0
103275,Social Media,Retail,Bengaluru,Small,47,2,0,13.11,0,0.0,1,0,0,15,0
103276,Cold Call,Technology,Bengaluru,Small,55,5,0,7.7,0,0.0,8,0,1,15,1
103277,Email Campaign,Manufacturing,Hyderabad,Medium,18,7,1,6.69,1,65037.96,4,0,0,14,0
103278,Email Campaign,Technology,Chennai,Large,47,4,2,23.54,0,0.0,2,0,0,8,0
103279,Referral,Finance,Mumbai,Small,33,3,2,26.84,1,29854.18,5,0,1,7,0
103280,Website,Education,Kolkata,Small,99,4,1,28.03,0,0.0,5,0,0,12,0
103281,Social Media,Education,Kolkata,Small,28,7,2,8.54,0,0.0,4,0,1,15,0
103282,Website,Education,Kolkata,,102,5,3,49.17,1,80780.21,3,0,1,2,1
103283,Referral,Healthcare,Hyderabad,Enterprise,3,9,5,52.55,1,131119.02,3,0,0,14,0
103284,Website,Technology,Chennai,Medium,49,4,0,16.03,0,0.0,5,0,0,10,0
103285,Website,Healthcare,Kolkata,Large,33,6,3,7.69,0,0.0,11,0,0,3,0
103286,Social Media,Technology,Hyderabad,Medium,54,2,0,6.56,0,0.0,3,0,0,13,0
103287,Social Media,Manufacturing,Mumbai,Medium,93,5,3,15.97,0,0.0,4,0,1,1,0
103288,Referral,Retail,Bengaluru,Large,115,6,2,5.82,0,0.0,3,0,0,1,1
103289,Website,Finance,Kolkata,Small,88,3,1,20.99,0,0.0,3,0,0,6,0
103290,Email Campaign,Technology,Bengaluru,Large,61,6,2,22.86,0,0.0,4,0,0,9,0
103291,Referral,Finance,Bengaluru,Medium,62,5,2,23.63,0,0.0,1,0,1,7,1
103292,Cold Call,Manufacturing,Chennai,Medium,120,3,4,7.79,1,42180.62,3,0,1,4,0
103293,Email Campaign,Retail,Pune,Enterprise,119,3,3,4.2,0,0.0,4,0,0,10,1
103294,Email Campaign,Technology,Delhi,Medium,92,3,0,29.11,0,0.0,2,0,0,8,0
103295,Email Campaign,Technology,Chennai,Enterprise,20,3,2,104.9,1,129276.02,1,0,0,2,0
103296,Partner,Finance,Chennai,Enterprise,32,12,0,39.8,1,347351.6,6,0,1,13,1
103297,Cold Call,Technology,Pune,Small,33,6,1,19.9,0,0.0,0,0,0,5,0
103298,Email Campaign,Education,Kolkata,Medium,28,2,4,8.65,0,0.0,3,0,0,11,0
103299,Email Campaign,Retail,Pune,Large,117,5,1,13.08,1,183653.88,4,0,0,6,1
103300,Website,Technology,Mumbai,Small,20,1,0,21.81,1,55169.81,1,0,1,12,1
103301,Partner,Manufacturing,Mumbai,Large,103,8,6,13.59,0,0.0,4,0,0,5,1
103302,Referral,Finance,Chennai,Small,97,4,1,16.5,0,0.0,2,0,0,4,1
103303,Referral,Finance,Mumbai,Small,64,7,4,21.91,0,0.0,7,0,0,2,1
103304,Partner,Retail,Bengaluru,Medium,37,8,5,33.51,1,140018.25,4,0,1,13,1
103305,Social Media,Technology,Kolkata,Large,32,3,1,40.17,0,0.0,1,0,0,11,0
103306,Website,Healthcare,Bengaluru,Large,82,7,2,45.96,1,119201.7,3,0,0,10,0
103307,Website,Manufacturing,Kolkata,Medium,81,2,2,6.76,0,0.0,1,0,0,10,0
103308,Website,Education,Hyderabad,Small,65,6,3,18.86,0,0.0,9,0,0,2,0
103309,Social Media,Finance,Chennai,Medium,69,5,3,24.82,0,0.0,5,0,1,7,1
103310,Website,Retail,Hyderabad,Small,100,4,2,10.01,1,32500.66,6,0,0,13,0
103311,Partner,Technology,Delhi,Small,91,2,2,13.42,1,36289.26,5,0,0,5,0
103312,Partner,Retail,Bengaluru,Medium,91,4,2,70.47,0,0.0,4,0,0,1,0
103313,Email Campaign,Finance,Delhi,Medium,34,4,1,77.6,1,222742.65,5,1,0,13,0
103314,Social Media,Retail,Pune,Small,8,7,2,12.66,0,0.0,5,1,0,1,1
103315,Referral,Technology,Hyderabad,Small,56,4,2,8.87,0,0.0,6,1,1,11,1
103316,Website,Education,Mumbai,Large,41,7,2,6.77,0,0.0,9,0,0,13,1
103317,Cold Call,Education,Pune,Small,41,2,0,12.37,0,0.0,4,0,0,12,0
103318,Website,Finance,Delhi,Enterprise,63,6,4,79.33,0,0.0,2,1,0,1,0
103319,Website,Manufacturing,Hyderabad,Medium,112,2,0,8.78,0,0.0,6,0,0,14,1
103320,Referral,Technology,Kolkata,Small,97,6,1,26.29,0,0.0,3,0,0,2,1
103321,Website,Manufacturing,Pune,Large,82,4,1,81.25,1,196249.97,6,1,0,13,0
103322,Email Campaign,Finance,Delhi,Medium,86,4,4,31.67,1,89136.64,2,0,0,1,1
103323,Social Media,Technology,Kolkata,Large,50,3,1,35.26,0,0.0,2,0,0,8,0
103324,Cold Call,Retail,Mumbai,Medium,66,7,2,9.71,1,35935.66,2,1,0,14,1
103325,Social Media,Healthcare,Pune,Medium,53,4,1,17.69,1,58785.94,2,1,0,4,0
103326,Cold Call,Healthcare,Pune,Large,98,6,5,37.22,1,44188.53,1,0,1,1,1
103327,Referral,Healthcare,Bengaluru,Medium,119,4,1,48.08,1,92065.66,5,0,0,2,0
103328,Cold Call,Technology,Hyderabad,Medium,53,4,4,6.93,0,0.0,3,0,0,6,1
103329,Email Campaign,Technology,Pune,Small,87,6,2,23.74,1,52407.75,3,0,1,6,0
103330,Website,Retail,Chennai,Medium,7,6,3,16.19,1,60501.21,8,0,0,4,0
103331,Partner,Retail,Mumbai,Small,49,2,2,5.98,1,40280.64,3,0,0,7,1
103332,Referral,Technology,Hyderabad,Large,105,5,1,13.86,0,,4,0,0,6,0
103333,Website,Finance,Chennai,Medium,83,7,4,22.98,1,66212.7,2,0,1,9,0
103334,Website,Retail,Delhi,Enterprise,64,5,5,,1,103519.32,6,1,1,5,1
103335,Referral,Retail,Mumbai,Small,26,9,2,40.24,0,0.0,5,1,0,5,0
103336,Referral,Manufacturing,Pune,Medium,98,7,2,20.74,1,44959.66,3,0,1,14,1
103337,Email Campaign,Healthcare,Hyderabad,Medium,117,2,0,8.08,1,45286.68,2,0,0,12,0
103338,Partner,Healthcare,Delhi,Large,48,4,2,9.24,0,0.0,3,0,0,12,1
103339,Referral,Retail,Kolkata,Large,98,6,0,39.76,1,92608.76,3,0,1,6,1
103340,Email Campaign,Finance,Delhi,Medium,71,5,2,22.93,0,0.0,1,0,0,14,0
103341,Referral,Technology,Mumbai,Medium,48,6,0,36.22,1,65760.19,4,0,0,6,1
103342,Cold Call,Technology,Pune,Large,40,4,2,12.95,0,0.0,3,0,0,11,0
103343,Website,Manufacturing,Hyderabad,Small,61,6,5,47.91,0,0.0,3,0,0,12,0
103344,Website,Technology,Pune,Medium,50,10,4,20.41,0,0.0,10,1,1,5,1
103345,Email Campaign,Retail,Delhi,Large,75,9,5,112.3,1,125654.6,2,1,1,10,1
103346,Social Media,Retail,Bengaluru,Small,18,4,1,24.72,0,0.0,4,0,0,3,0
103347,Cold Call,Finance,Bengaluru,Large,58,6,0,25.65,1,97666.68,2,1,1,6,0
103348,Social Media,Manufacturing,Bengaluru,Large,89,2,0,48.92,0,0.0,7,0,0,8,0
103349,Cold Call,Retail,Hyderabad,Small,102,2,1,9.05,1,66737.95,6,1,1,10,1
103350,Referral,Technology,Mumbai,Medium,34,6,1,20.19,1,167736.09,6,1,1,6,1
103351,Website,Manufacturing,Pune,Medium,73,4,1,8.69,0,0.0,4,0,0,11,1
103352,Website,Healthcare,Pune,Large,37,8,3,18.25,1,68521.96,6,0,1,10,1
103353,Website,Finance,Delhi,Medium,95,5,1,5.31,0,0.0,7,0,0,13,0
103354,Referral,Retail,Mumbai,Medium,43,3,2,63.12,1,46947.77,4,0,0,1,1
103355,Email Campaign,Retail,Delhi,Medium,81,7,1,32.31,0,0.0,6,0,0,8,1
103356,Referral,Finance,Hyderabad,Small,52,3,1,13.38,0,0.0,2,0,0,11,0
103357,Email Campaign,Education,Bengaluru,Small,33,6,2,27.27,0,0.0,3,0,0,7,0
103358,Email Campaign,Retail,Mumbai,Small,70,5,2,28.63,0,0.0,3,0,0,5,0
103359,Social Media,Retail,Chennai,Small,75,5,1,28.99,0,0.0,5,0,0,9,0
103360,Social Media,Technology,Kolkata,Small,82,5,2,9.9,0,,2,0,1,7,0
103361,Referral,Finance,Kolkata,Medium,95,5,2,28.13,1,71489.55,4,0,1,7,1
103362,Referral,Healthcare,Bengaluru,Medium,82,6,2,7.09,0,0.0,2,0,1,15,1
103363,Social Media,Retail,Bengaluru,Small,103,5,2,38.83,0,0.0,6,1,1,7,1
103364,Social Media,Healthcare,Bengaluru,Medium,-10,7,3,29.6,1,119465.0,1,1,0,4,0
103365,Referral,Manufacturing,Kolkata,Small,62,2,4,17.17,0,0.0,3,0,0,1,0
103366,Referral,Finance,Kolkata,Medium,58,3,6,63.45,0,0.0,2,0,0,2,1
103367,Social Media,Retail,Hyderabad,Enterprise,70,13,2,46.78,1,352573.37,8,1,1,9,1
103368,Social Media,Manufacturing,Chennai,Medium,17,4,4,13.52,1,83261.75,2,1,1,4,0
103369,Website,Manufacturing,Bengaluru,Small,103,2,2,11.24,1,54683.73,9,0,1,2,1
103370,Email Campaign,Manufacturing,Hyderabad,Medium,63,2,1,10.42,0,0.0,1,1,0,6,0
103371,Partner,Education,Pune,Large,67,6,3,23.88,0,0.0,4,0,0,4,0
103372,Website,Technology,Bengaluru,Small,106,1,1,11.64,0,0.0,2,0,0,9,0
103373,Cold Call,Retail,Pune,Enterprise,56,3,3,27.45,0,0.0,3,0,0,1,1
103374,Website,,Mumbai,Medium,56,11,5,29.22,0,0.0,5,0,0,15,1
103375,Email Campaign,Retail,Chennai,Small,68,3,1,48.29,0,0.0,2,1,0,14,0
103376,Referral,Technology,Hyderabad,Medium,113,3,0,4.98,0,0.0,2,0,0,14,0
103377,Website,Education,Hyderabad,Large,31,9,4,4.17,1,47211.13,4,0,0,3,1
103378,Partner,Technology,Hyderabad,Medium,19,5,5,13.18,1,177586.2,6,0,0,11,1
103379,Email Campaign,Finance,Kolkata,Enterprise,13,5,1,10.28,0,0.0,4,1,1,1,1
103380,Partner,Technology,Hyderabad,Enterprise,89,9,2,10.12,1,217110.38,0,0,0,11,1
103381,Referral,Healthcare,Pune,Small,2,6,2,13.59,1,27931.11,3,0,1,12,1
103382,Cold Call,Healthcare,Kolkata,Small,85,6,6,35.87,0,0.0,7,1,0,5,0
103383,Partner,Healthcare,Delhi,Medium,107,3,1,19.83,0,0.0,1,0,1,7,0
103384,Email Campaign,Education,Delhi,Medium,82,3,2,9.36,0,0.0,1,1,0,14,1
103385,Website,Healthcare,Kolkata,Medium,21,3,0,25.87,0,0.0,4,1,0,3,0
103386,Social Media,Healthcare,Kolkata,Small,80,4,1,16.67,0,0.0,1,0,1,9,1
103387,Email Campaign,Education,Mumbai,Enterprise,54,5,5,16.19,1,162553.23,1,1,1,5,0
103388,Partner,Manufacturing,Bengaluru,Medium,3,6,2,10.97,0,0.0,7,0,0,3,0
103389,Email Campaign,Technology,Pune,Large,24,4,2,12.11,1,299618.62,1,1,1,11,1
103390,Referral,Technology,Bengaluru,Large,90,5,3,20.27,1,67624.22,3,0,1,15,1
103391,Website,Retail,Kolkata,Small,68,2,1,26.08,0,0.0,8,0,0,9,1
103392,Social Media,Manufacturing,Hyderabad,Small,60,2,0,8.59,1,62670.89,3,0,0,8,0
103393,Partner,Healthcare,Hyderabad,Small,94,4,2,13.61,0,0.0,0,0,0,9,0
103394,Website,Technology,Bengaluru,Enterprise,63,9,7,11.38,1,174848.07,9,1,0,3,1
103395,Cold Call,Manufacturing,Delhi,Medium,117,2,2,38.11,0,0.0,0,0,0,4,0
103396,Partner,Retail,Hyderabad,Large,7,7,8,16.06,1,135147.68,1,0,1,12,1
103397,Website,Retail,Mumbai,Medium,35,7,5,9.41,0,0.0,6,1,0,9,0
103398,Website,Manufacturing,Bengaluru,Medium,23,0,0,15.53,0,0.0,3,0,0,4,0
103399,Social Media,Manufacturing,Kolkata,Enterprise,50,9,6,4.76,1,176025.4,4,0,0,1,1
103400,Social Media,Retail,Kolkata,Medium,110,8,4,16.38,0,0.0,6,1,1,3,0
103401,Website,Retail,Kolkata,,50,8,3,23.77,0,0.0,3,0,0,8,0
103402,Cold Call,Retail,Pune,Medium,38,3,1,27.7,0,0.0,1,0,0,5,1
103403,Email Campaign,Healthcare,Bengaluru,Small,11,0,0,10.61,1,41871.35,2,0,0,11,0
103404,Partner,Healthcare,Hyderabad,Small,48,6,0,16.4,1,77773.89,2,0,0,9,1
103405,Cold Call,Retail,Delhi,Small,28,2,3,30.81,0,0.0,1,0,0,3,0
103406,Cold Call,Retail,Kolkata,Large,23,7,2,39.45,1,51505.06,3,0,0,5,0
103407,Email Campaign,Healthcare,Delhi,Medium,17,5,1,20.08,0,0.0,5,0,1,1,0
103408,Referral,Technology,Mumbai,Medium,76,4,0,39.94,0,0.0,6,0,0,1,0
103409,Email Campaign,Retail,Chennai,Small,86,4,0,7.63,0,0.0,0,0,0,12,0
103410,Website,Retail,Kolkata,Medium,89,1,0,27.13,0,0.0,3,1,0,6,0
103411,Social Media,Finance,Kolkata,Large,7,6,4,16.97,0,0.0,4,0,1,14,0
103412,Website,Finance,Chennai,Medium,111,4,4,6.06,1,56417.91,4,0,1,4,1
103413,Email Campaign,Finance,Hyderabad,Enterprise,61,7,3,18.77,1,207032.77,5,1,0,5,1
103414,Website,Education,Kolkata,Small,68,8,3,44.31,1,33206.87,6,0,1,8,1
103415,Referral,Manufacturing,Mumbai,Small,106,3,2,9.16,0,0.0,1,1,0,5,1
103416,Website,Retail,Mumbai,Medium,34,6,2,22.33,1,18529.59,7,1,1,7,1
103417,Social Media,Finance,Pune,Small,61,3,0,38.05,0,0.0,4,0,0,2,1
103418,Cold Call,Manufacturing,Pune,Large,9,3,1,44.65,1,89013.63,5,0,0,2,0
103419,Website,Healthcare,Mumbai,Large,60,8,5,17.92,1,78408.02,8,0,0,13,0
103420,Cold Call,Education,Bengaluru,Small,32,5,2,15.49,1,43972.96,3,0,0,4,0
103421,Cold Call,Technology,Chennai,Enterprise,22,5,4,41.85,0,0.0,5,0,0,2,0
103422,Referral,Technology,Bengaluru,Small,75,3,1,19.78,0,0.0,2,0,0,5,0
103423,Social Media,Retail,Chennai,Large,16,4,1,7.83,0,0.0,0,0,0,7,0
103424,Referral,Technology,Delhi,Medium,117,1,1,16.12,0,0.0,0,0,0,8,0
103425,Website,Retail,Hyderabad,Large,28,11,1,4.46,0,0.0,14,0,1,12,1
103426,Email Campaign,Manufacturing,Pune,Small,10,2,0,16.13,0,0.0,4,0,0,13,0
103427,Website,Technology,Mumbai,Enterprise,54,9,2,18.88,1,947272.14,5,0,1,5,0
103428,Cold Call,Healthcare,Hyderabad,Enterprise,47,8,1,9.34,1,326590.26,4,0,0,4,0
103429,Partner,Retail,Bengaluru,Medium,79,4,0,118.7,1,61981.17,6,0,1,2,0
103430,Cold Call,Manufacturing,Delhi,Medium,81,6,2,10.01,0,0.0,2,0,0,3,0
103431,Email Campaign,Healthcare,Bengaluru,Medium,72,4,3,30.15,1,322215.02,1,0,1,1,1
103432,,Technology,Bengaluru,Medium,69,8,3,22.4,1,101475.32,0,0,1,1,1
103433,Partner,Retail,Kolkata,Medium,94,6,1,12.56,0,0.0,3,0,0,7,1
103434,Website,Healthcare,Delhi,Medium,79,9,3,12.83,1,110976.77,9,1,1,10,1
103435,Website,Manufacturing,Pune,Large,17,6,2,8.84,1,130929.27,4,0,0,13,0
103436,Email Campaign,Healthcare,Bengaluru,Medium,56,5,3,26.33,0,0.0,2,0,0,5,0
103437,Referral,Finance,Bengaluru,,83,2,2,59.78,0,0.0,2,0,1,5,0
103438,Referral,Manufacturing,Delhi,Enterprise,33,8,3,58.28,0,0.0,1,0,0,11,1
103439,Website,Healthcare,Bengaluru,Small,104,4,2,25.78,0,0.0,2,0,1,10,1
103440,Social Media,Technology,Kolkata,Small,58,5,2,9.65,1,20472.82,6,0,1,11,1
103441,Referral,Retail,Delhi,Enterprise,39,1,4,30.22,1,287832.2,2,0,0,3,0
103442,Website,Education,Mumbai,Small,46,2,0,26.19,0,0.0,1,0,0,1,0
103443,Website,Retail,Kolkata,Small,75,5,1,23.02,0,0.0,4,0,0,9,0
103444,Referral,Finance,Bengaluru,Medium,86,4,1,7.19,0,0.0,2,1,0,7,0
103445,Cold Call,Retail,Bengaluru,Large,31,4,2,6.64,1,23774.36,2,0,1,4,1
103446,Referral,Finance,Delhi,Small,21,5,0,32.26,0,0.0,3,1,1,15,0
103447,Social Media,Healthcare,Delhi,Medium,11,6,5,20.52,0,0.0,2,0,0,3,0
103448,Cold Call,Healthcare,Chennai,Small,60,3,2,15.52,0,0.0,2,0,0,5,0
103449,Referral,Finance,Kolkata,Medium,112,4,0,17.55,1,70584.7,3,0,0,12,1
103450,Cold Call,Finance,Chennai,Medium,116,3,1,6.47,0,0.0,2,0,0,8,0
103451,Social Media,Education,Bengaluru,Small,68,5,4,62.21,0,0.0,4,0,0,4,0
103452,Email Campaign,Finance,Pune,Enterprise,64,7,1,7.13,1,66415.0,1,0,1,9,1
103453,Website,Manufacturing,Pune,Medium,61,8,2,5.87,0,0.0,4,0,0,7,0
103454,Website,Retail,Mumbai,Large,29,4,3,52.07,1,54556.45,3,0,0,4,0
103455,Partner,Healthcare,Chennai,Enterprise,50,5,2,115.14,0,0.0,1,0,0,11,1
103456,Cold Call,Technology,Delhi,Enterprise,113,2,0,7.08,1,127258.87,6,1,1,12,1
103457,Partner,Technology,Chennai,Large,74,6,2,31.16,0,0.0,1,0,0,2,0
103458,Partner,Technology,Kolkata,Medium,30,6,2,168.0,0,0.0,6,1,0,1,0
103459,Website,Retail,Kolkata,Large,11,9,3,4.32,1,102867.72,8,0,0,14,0
103460,Cold Call,Education,Pune,Medium,91,10,2,22.8,0,0.0,2,0,0,4,0
103461,Email Campaign,Manufacturing,Chennai,Small,109,5,2,47.9,0,0.0,3,0,0,2,0
103462,Cold Call,Technology,Delhi,Medium,14,5,3,11.95,0,0.0,3,0,0,9,0
103463,Website,Finance,Hyderabad,Medium,46,2,1,51.2,1,72103.07,4,0,1,5,0
103464,Referral,Technology,Hyderabad,Medium,103,6,4,21.92,0,0.0,4,0,1,14,1
103465,Cold Call,Education,Hyderabad,Large,31,4,1,,1,519569.42,3,1,0,15,1
103466,Cold Call,Technology,Mumbai,Medium,22,2,3,9.72,0,0.0,1,0,0,1,1
103467,Social Media,Technology,Delhi,Small,48,3,3,13.93,1,77915.16,2,0,0,3,1
103468,Referral,Retail,Chennai,Small,48,7,0,11.99,1,37689.76,1,0,1,10,0
103469,Referral,Healthcare,Hyderabad,Large,58,5,2,20.2,0,0.0,3,0,0,6,0
103470,Partner,Technology,Chennai,Medium,116,6,2,92.66,1,101707.96,2,0,1,1,0
103471,Email Campaign,Retail,Kolkata,Medium,117,9,4,12.85,1,59748.07,3,0,1,7,1
103472,Email Campaign,Technology,Chennai,Large,70,5,1,18.08,0,0.0,5,0,0,10,0
103473,Email Campaign,Technology,Delhi,Large,10,2,0,48.06,0,0.0,4,0,0,15,0
103474,Referral,Technology,Mumbai,Medium,32,3,3,37.28,0,0.0,4,0,0,7,0
103475,Email Campaign,Finance,Hyderabad,Medium,22,8,0,15.83,1,125775.11,6,0,0,12,1
103476,Email Campaign,Education,Hyderabad,Small,1,1,0,15.77,0,0.0,4,0,0,7,1
103477,Cold Call,Healthcare,Hyderabad,Enterprise,46,7,3,5.21,0,0.0,10,0,0,11,1
103478,Partner,Manufacturing,Pune,Medium,1,5,1,11.48,1,68209.76,3,0,0,15,0
103479,Partner,Finance,Kolkata,Large,69,2,2,74.51,0,0.0,3,0,0,13,0
103480,Email Campaign,Retail,Delhi,Small,33,4,0,9.78,0,0.0,3,0,1,11,1
103481,,Education,Pune,Medium,87,5,2,30.94,1,146035.79,2,1,0,13,0
103482,Social Media,Finance,Mumbai,Medium,64,6,3,13.58,1,36457.57,2,0,1,3,1
103483,Cold Call,Education,Delhi,Medium,115,7,3,27.37,1,15290.29,4,0,0,12,0
103484,Email Campaign,Retail,Delhi,Large,59,5,1,27.98,0,0.0,1,0,0,15,1
103485,Social Media,Manufacturing,Mumbai,Large,19,4,2,9.36,0,0.0,1,0,0,15,0
103486,Cold Call,Finance,Delhi,Medium,111,11,4,13.47,0,0.0,4,1,1,4,1
103487,Social Media,Retail,Pune,Large,38,14,3,29.16,1,123681.62,2,0,1,7,0
103488,Cold Call,Healthcare,Delhi,Small,92,0,0,26.5,1,19809.11,4,0,0,11,0
103489,Website,Education,Chennai,Medium,94,7,1,42.1,0,0.0,9,0,0,2,1
103490,Email Campaign,Education,Mumbai,Small,111,5,4,16.28,0,0.0,7,1,0,11,1
103491,Social Media,Finance,Chennai,Small,77,4,3,9.57,0,0.0,3,0,0,5,0
103492,Website,Education,Pune,Large,62,3,7,13.77,0,0.0,9,0,0,13,1
103493,Cold Call,Education,Bengaluru,Small,47,4,3,7.73,0,0.0,2,0,0,10,0
103494,,Retail,Pune,Enterprise,54,3,1,28.94,0,0.0,4,0,0,6,0
103495,Website,Technology,Delhi,Medium,94,2,2,11.2,0,0.0,2,0,0,1,0
103496,Cold Call,Technology,Mumbai,Large,68,3,1,9.11,0,0.0,0,0,0,11,0
103497,Social Media,Technology,Chennai,Small,6,1,1,15.3,1,34407.33,7,0,0,9,1
103498,Cold Call,Technology,Bengaluru,Medium,45,8,3,43.06,0,0.0,2,0,0,10,0
103499,Referral,Education,Delhi,Enterprise,110,7,3,10.17,1,182175.55,0,0,1,1,1
103500,Cold Call,Technology,Delhi,Medium,26,5,2,11.65,1,42529.99,3,0,1,7,0
103501,Referral,Retail,Pune,Medium,57,6,1,10.77,0,0.0,3,0,0,12,0
103502,Email Campaign,Retail,Delhi,Large,101,6,6,19.18,0,0.0,2,0,0,14,0
103503,Website,Retail,Mumbai,Large,35,5,0,10.25,0,0.0,6,0,0,6,0
103504,Social Media,Technology,Mumbai,Small,82,1,1,8.86,1,9839.84,3,0,0,4,0
103505,Social Media,Retail,Mumbai,Large,95,9,1,9.15,0,0.0,5,0,0,11,0
103506,Email Campaign,Retail,Pune,Large,40,4,0,26.98,0,0.0,3,1,1,4,1
103507,Email Campaign,Retail,Chennai,Large,108,12,4,4.54,0,0.0,3,0,1,14,1
103508,Cold Call,Technology,Kolkata,Medium,54,2,2,34.51,0,0.0,5,0,0,10,0
103509,Social Media,Retail,Mumbai,Medium,36,4,0,23.48,1,71437.83,4,0,1,14,0
103510,Referral,Technology,Hyderabad,Enterprise,28,5,3,,0,0.0,2,0,1,3,1
103511,Partner,Retail,Bengaluru,Medium,32,5,3,30.66,1,79378.68,4,1,0,2,0
103512,Social Media,Healthcare,Pune,Medium,68,1,1,15.64,0,0.0,0,0,0,13,0
103513,Partner,Finance,Pune,Enterprise,28,10,3,11.45,1,129357.8,9,1,1,5,0
103514,Partner,Manufacturing,Pune,Small,44,1,0,14.16,0,0.0,3,0,0,6,0
103515,Partner,Technology,Hyderabad,Medium,86,4,1,14.39,0,0.0,4,0,0,5,0
103516,Cold Call,Education,Hyderabad,Large,106,4,0,6.71,0,0.0,6,0,1,7,0
103517,Social Media,Education,Chennai,Large,82,4,2,38.72,1,248645.26,1,0,1,14,0
103518,Website,Finance,Bengaluru,Enterprise,64,6,5,6.69,1,225685.38,7,0,0,11,1
103519,Email Campaign,Finance,Kolkata,Large,84,3,1,16.25,1,74166.31,2,1,1,2,1
103520,Cold Call,Technology,Hyderabad,Medium,50,5,4,11.23,1,106110.04,7,1,1,14,1
103521,Email Campaign,Education,Delhi,Medium,33,8,3,23.35,0,0.0,2,0,1,7,1
103522,Cold Call,Retail,Mumbai,Small,90,5,3,11.67,0,,5,0,0,11,0
103523,Website,Technology,Bengaluru,Enterprise,17,6,7,11.75,0,0.0,3,0,0,6,1
103524,Referral,Healthcare,Mumbai,Small,109,5,3,44.88,0,0.0,4,0,0,2,0
103525,Email Campaign,Technology,Pune,Medium,52,11,6,168.0,1,65728.44,7,1,1,7,0
103526,Email Campaign,Retail,Bengaluru,Medium,99,7,3,86.02,0,0.0,4,0,0,6,0
103527,Website,Healthcare,Hyderabad,Small,12,5,2,25.15,1,35273.17,6,0,0,1,0
103528,Website,Technology,Hyderabad,Small,60,3,1,4.71,0,0.0,9,1,0,12,0
103529,Cold Call,Manufacturing,Hyderabad,Medium,51,6,1,4.36,0,0.0,6,0,0,13,0
103530,Email Campaign,Finance,Delhi,Small,43,5,0,27.76,0,0.0,5,1,0,14,0
103531,Website,Healthcare,Hyderabad,Enterprise,62,8,3,21.82,0,0.0,3,0,0,4,1
103532,Website,Retail,Delhi,Enterprise,80,5,1,18.55,0,0.0,3,0,0,10,0
103533,Email Campaign,Education,Kolkata,Small,114,2,0,22.13,0,0.0,3,0,0,8,0
103534,Website,Healthcare,Delhi,Large,99,5,3,10.62,0,0.0,7,0,0,9,1
103535,Social Media,Education,Kolkata,Medium,28,4,1,15.19,0,0.0,3,0,0,12,1
103536,Cold Call,Finance,Hyderabad,Small,118,5,2,28.35,0,0.0,5,0,0,6,0
103537,Website,Manufacturing,Pune,Medium,60,3,3,62.96,0,0.0,2,0,0,5,0
103538,Social Media,Technology,Hyderabad,Large,55,7,3,57.51,1,53650.08,7,0,1,8,0
103539,Website,Retail,Delhi,Large,2,7,2,27.55,1,173820.35,0,0,0,10,1
103540,Referral,Technology,Hyderabad,Small,81,7,3,13.5,1,117307.59,3,0,1,7,1
103541,Partner,Education,Pune,Large,107,3,1,23.37,0,0.0,1,1,1,5,0
103542,Email Campaign,Education,Pune,Large,36,1,0,56.29,0,0.0,5,0,0,1,0
103543,Partner,Healthcare,Pune,Large,105,7,2,64.33,0,0.0,8,0,1,9,0
103544,Website,Healthcare,Hyderabad,Medium,11,9,3,59.5,1,132792.25,8,0,1,1,1
103545,Referral,Retail,Hyderabad,Large,117,9,2,12.5,0,0.0,4,0,1,8,1
103546,Email Campaign,Finance,Delhi,Medium,31,4,1,37.85,0,0.0,2,1,1,10,0
103547,Email Campaign,Retail,Chennai,Small,58,5,3,12.43,0,0.0,6,0,0,7,0
103548,Partner,Retail,Mumbai,Large,2,8,2,38.46,1,112253.85,3,0,1,8,1
103549,Website,Healthcare,Chennai,Medium,108,4,1,50.25,0,0.0,3,0,0,5,0
103550,Cold Call,Technology,Pune,Large,62,5,2,37.72,1,87136.76,2,0,0,4,0
103551,,Education,Chennai,Large,117,6,6,9.94,0,0.0,4,0,0,13,1
103552,Email Campaign,Technology,Hyderabad,Medium,45,6,2,6.75,0,0.0,1,0,0,14,0
103553,Referral,Retail,Bengaluru,Small,8,1,0,17.7,0,0.0,2,0,0,3,0
103554,Email Campaign,Technology,Mumbai,Large,82,7,3,32.29,0,,4,0,0,4,1
103555,Referral,Technology,Delhi,Large,20,5,4,11.05,1,40415.05,2,0,0,6,0
103556,Cold Call,Technology,Chennai,Large,74,7,3,4.59,1,104940.28,2,0,0,11,0
103557,Email Campaign,Finance,Hyderabad,Medium,5,5,0,65.68,0,0.0,2,0,0,1,0
103558,Partner,Retail,Bengaluru,Small,21,2,1,6.3,0,0.0,1,0,0,12,1
103559,Social Media,Healthcare,Hyderabad,Medium,77,7,2,27.6,0,0.0,8,0,0,1,0
103560,Email Campaign,Retail,Delhi,Large,81,2,1,19.17,0,,1,0,0,13,0
103561,Social Media,Retail,Bengaluru,Medium,19,4,0,13.72,0,0.0,5,0,0,1,0
103562,Email Campaign,Technology,Hyderabad,Large,23,4,1,13.02,1,105893.77,2,0,0,13,1
103563,Partner,Technology,Bengaluru,Medium,104,3,3,40.73,1,69751.21,3,0,1,15,1
103564,Website,Retail,Pune,Small,1,3,1,4.59,1,36528.19,5,0,0,12,0
103565,Partner,Retail,Mumbai,Medium,28,6,1,29.28,1,62626.63,1,0,0,15,0
103566,Cold Call,Healthcare,Chennai,Medium,117,7,1,19.24,0,0.0,4,0,1,7,0
103567,Cold Call,Finance,Mumbai,Medium,66,6,3,9.43,0,0.0,3,0,1,10,1
103568,Email Campaign,Manufacturing,Kolkata,Small,4,5,5,21.69,0,0.0,3,0,0,10,0
103569,Cold Call,Technology,Bengaluru,Large,108,5,3,17.61,0,0.0,2,0,0,1,0
103570,Referral,Retail,Chennai,Medium,42,5,1,16.27,0,0.0,2,0,0,13,1
103571,Cold Call,Technology,Mumbai,Large,86,10,3,27.64,1,118450.06,7,1,1,11,1
103572,Website,Retail,Delhi,Medium,77,9,4,34.37,0,0.0,3,0,0,7,0
103573,Referral,Healthcare,Chennai,Medium,45,3,4,15.7,1,38951.81,3,0,0,4,0
103574,Email Campaign,Retail,Mumbai,Large,45,5,3,27.77,0,0.0,4,0,0,11,1
103575,Referral,Technology,Delhi,Medium,67,6,1,55.58,0,0.0,0,0,1,15,0
103576,Referral,Healthcare,Bengaluru,Medium,46,4,0,9.5,1,263160.15,5,0,0,3,0
103577,Cold Call,Technology,Bengaluru,Medium,21,2,3,7.98,0,0.0,5,0,0,14,0
103578,Referral,Retail,Bengaluru,Small,87,4,1,6.14,0,0.0,3,0,0,9,0
103579,Cold Call,Technology,Hyderabad,Enterprise,81,10,1,52.73,1,404224.57,1,0,1,12,0
103580,Website,Technology,Delhi,Medium,73,6,3,22.27,1,114891.07,5,0,1,3,1
103581,Cold Call,Retail,Pune,Small,89,4,2,20.03,1,19056.18,4,1,0,2,0
103582,Cold Call,Technology,Mumbai,Large,63,9,5,24.94,1,178110.52,3,0,1,10,1
103583,Referral,Technology,Delhi,Small,112,2,1,38.45,1,16625.85,4,0,0,5,1
103584,Cold Call,Manufacturing,Pune,Enterprise,107,6,4,22.49,1,507022.54,3,0,1,6,1
103585,Partner,Manufacturing,Delhi,Medium,118,5,1,43.82,1,95286.56,9,1,1,10,1
103586,Cold Call,Manufacturing,Bengaluru,Small,13,3,0,19.43,0,0.0,2,0,0,4,0
103587,Referral,Finance,Bengaluru,Small,13,2,2,8.43,0,0.0,2,0,0,6,1
103588,Email Campaign,Healthcare,Delhi,Small,57,4,1,55.41,0,0.0,3,0,0,6,0
103589,Cold Call,Manufacturing,Hyderabad,Small,84,2,2,17.01,0,0.0,0,0,0,6,0
103590,Referral,Technology,Bengaluru,Small,29,9,3,4.95,1,43066.95,2,0,1,11,1
103591,Cold Call,Retail,Delhi,Medium,14,4,2,2.72,1,57401.16,3,0,1,3,0
103592,Referral,Technology,Delhi,Medium,5,3,1,4.93,0,0.0,1,0,0,14,0
103593,Cold Call,Education,Bengaluru,Medium,67,3,0,10.05,1,101883.68,4,0,0,11,1
103594,Website,Retail,Kolkata,Small,118,7,4,,1,63806.99,5,1,1,1,1
103595,Website,Healthcare,Chennai,Small,56,4,1,21.17,1,,3,1,0,9,1
103596,Partner,Healthcare,Hyderabad,Small,89,3,1,7.51,1,38674.31,3,0,0,3,0
103597,Cold Call,Technology,Delhi,Small,7,1,1,17.26,0,0.0,2,0,0,3,0
103598,Partner,Finance,Bengaluru,Medium,26,3,1,9.98,0,0.0,3,1,0,11,0
103599,Partner,Retail,Hyderabad,Small,82,5,4,27.72,0,0.0,0,0,0,4,0
103600,Email Campaign,Healthcare,Delhi,Medium,49,3,3,30.66,0,0.0,5,1,0,9,0
103601,Referral,Healthcare,Kolkata,Enterprise,4,8,2,61.03,1,236102.41,2,0,1,5,1
103602,Website,Technology,Hyderabad,Small,28,3,1,52.54,0,0.0,3,0,0,5,0
103603,Email Campaign,Retail,Chennai,Small,96,2,0,,0,0.0,1,0,0,11,0
103604,Website,Finance,Chennai,Large,83,4,4,18.58,0,0.0,6,0,0,10,1
103605,Partner,Technology,Hyderabad,Medium,98,2,0,19.65,0,0.0,1,0,0,1,0
103606,Website,Education,Kolkata,Small,43,3,1,12.53,1,29862.8,5,0,0,14,1
103607,Website,Healthcare,Kolkata,Large,112,7,1,16.19,0,0.0,8,0,0,9,0
103608,Website,Healthcare,Mumbai,Large,111,10,3,64.33,1,24604.46,5,0,1,4,1
103609,Website,Education,Delhi,,45,7,2,37.26,0,0.0,9,0,0,2,1
103610,Website,Finance,Delhi,Enterprise,25,3,1,18.56,0,0.0,5,0,0,8,0
103611,Social Media,,Hyderabad,Medium,116,7,2,17.61,0,0.0,5,0,0,11,0
103612,Referral,Retail,Kolkata,Large,42,9,2,10.09,1,173638.89,3,0,1,1,1
103613,Social Media,Retail,Bengaluru,Medium,60,6,3,31.59,0,0.0,1,0,0,5,1
103614,Partner,Technology,Kolkata,Large,112,4,3,11.31,0,0.0,4,0,0,15,0
103615,Social Media,Technology,Mumbai,Medium,33,2,2,13.07,0,0.0,3,1,0,2,1
103616,Social Media,Healthcare,Hyderabad,Medium,107,5,2,5.9,0,0.0,4,0,0,13,1
103617,Referral,Technology,Kolkata,Small,20,0,2,80.38,1,33523.12,4,0,0,4,0
103618,Website,Technology,Delhi,Medium,36,8,3,12.74,0,0.0,4,0,1,8,1
103619,Referral,Retail,Hyderabad,Medium,47,3,0,28.34,1,72715.9,0,0,0,12,1
103620,Partner,Retail,Pune,Large,58,5,3,17.07,0,0.0,0,0,0,15,0
103621,Social Media,Technology,Hyderabad,Small,30,3,2,39.63,0,0.0,3,0,0,10,0
103622,Referral,Manufacturing,Kolkata,Large,107,6,5,6.81,1,82061.3,1,0,0,4,0
103623,Email Campaign,Education,Delhi,Small,80,1,0,57.13,1,80055.91,0,0,0,2,0
103624,Cold Call,Manufacturing,Delhi,Medium,81,2,0,44.18,0,0.0,3,0,0,12,0
103625,Social Media,Manufacturing,Pune,Medium,88,6,1,8.74,0,0.0,4,0,0,9,0
103626,Email Campaign,Retail,Delhi,Medium,77,1,2,26.54,0,0.0,4,1,0,12,0
103627,Partner,Technology,Hyderabad,Medium,78,6,2,6.96,0,0.0,4,0,0,15,1
103628,Social Media,Finance,Delhi,Small,80,3,0,11.62,1,121878.43,5,0,0,13,0
103629,Social Media,Education,Chennai,Small,87,3,1,8.84,1,6309.79,4,0,1,8,1
103630,Website,Retail,Mumbai,Large,111,7,1,23.21,1,156430.01,5,0,0,11,1
103631,Website,Manufacturing,Chennai,Small,24,4,0,13.24,1,59949.33,4,0,0,10,1
103632,Partner,Education,Pune,Large,63,2,3,21.6,0,0.0,4,0,0,3,0
103633,Social Media,Technology,Chennai,Large,23,2,0,9.84,1,107802.68,4,0,1,5,1
103634,Referral,Finance,Mumbai,Small,22,4,0,42.84,0,0.0,8,1,1,2,0
103635,Social Media,Retail,Mumbai,Large,114,3,4,16.32,0,0.0,4,0,0,6,1
103636,Website,Technology,Chennai,Large,57,10,2,23.61,1,237302.95,12,1,1,3,1
103637,Cold Call,Retail,Pune,Large,85,4,4,9.56,0,0.0,2,0,0,14,1
103638,Website,Manufacturing,Bengaluru,Large,88,4,1,4.38,1,188150.68,7,0,0,13,0
103639,Cold Call,Retail,Kolkata,Medium,4,7,2,8.26,1,66490.27,3,0,1,11,1
103640,Email Campaign,Finance,Chennai,Enterprise,60,3,0,15.77,1,162560.39,1,1,0,7,1
103641,Referral,Retail,Bengaluru,Small,22,1,1,20.94,1,27475.53,1,0,0,1,1
103642,Website,Technology,Pune,Small,38,6,1,49.19,0,0.0,6,0,0,9,0
103643,Cold Call,Education,Kolkata,Large,23,4,1,69.87,1,111779.83,4,0,0,1,0
103644,Website,Technology,Pune,Small,80,1,1,38.2,1,32260.04,2,1,0,1,0
103645,Website,Manufacturing,Delhi,Medium,16,8,2,87.37,1,118866.79,2,0,1,3,1
103646,Cold Call,Healthcare,Hyderabad,Medium,55,8,3,12.76,1,19765.3,2,0,1,8,0
103647,Referral,Healthcare,Kolkata,Medium,37,4,1,24.66,0,0.0,3,0,1,12,0
103648,Referral,Healthcare,Chennai,Large,116,3,1,23.87,0,0.0,2,0,1,7,1
103649,Website,Technology,Kolkata,Small,95,1,2,20.64,0,0.0,7,1,0,12,1
103650,Cold Call,Healthcare,Kolkata,Small,43,5,0,8.98,1,77219.39,4,0,1,9,1
103651,Referral,Manufacturing,Chennai,Large,36,8,5,14.96,0,0.0,3,0,0,14,1
103652,Website,Manufacturing,Delhi,Large,87,5,1,14.52,0,0.0,10,1,0,6,1
103653,Referral,Technology,Kolkata,Large,76,2,3,9.45,0,0.0,1,0,0,5,0
103654,Website,Retail,Hyderabad,Small,67,4,0,32.73,1,53481.42,5,0,1,2,1
103655,Referral,Manufacturing,Delhi,Large,9,1,1,6.33,0,0.0,3,0,0,4,0
103656,Website,Manufacturing,Delhi,Medium,10,9,2,56.84,0,0.0,7,0,0,1,0
103657,Website,Healthcare,Hyderabad,,77,6,1,22.95,1,102735.01,8,0,0,3,1
103658,Referral,Technology,Hyderabad,Small,57,4,1,6.12,0,0.0,4,0,0,15,0
103659,Cold Call,Education,Kolkata,Medium,100,5,1,13.77,0,0.0,4,1,0,9,0
103660,Website,Finance,Kolkata,Medium,4,7,5,16.27,1,42378.51,8,0,1,10,1
103661,Website,Finance,Pune,Medium,23,8,1,41.34,1,27653.17,6,1,1,6,0
103662,Partner,Manufacturing,Bengaluru,Small,95,3,0,42.87,0,0.0,2,0,0,10,0
103663,Partner,Finance,Pune,Medium,118,4,2,15.19,0,0.0,3,1,0,9,1
103664,Social Media,Manufacturing,Kolkata,Large,89,4,1,13.38,0,0.0,1,0,0,14,0
103665,Website,Technology,Pune,Medium,2,4,0,57.56,0,0.0,5,0,0,12,0
103666,Referral,Manufacturing,Hyderabad,Medium,7,6,3,5.66,1,122904.82,4,1,1,9,1
103667,Website,Education,Chennai,Small,106,8,3,5.53,0,0.0,3,0,1,12,1
103668,Website,Education,Chennai,Large,60,6,4,45.59,0,0.0,5,1,0,10,1
103669,Referral,Education,Hyderabad,Medium,60,11,2,11.69,1,55663.64,3,0,1,15,0
103670,Email Campaign,Manufacturing,Chennai,Medium,116,12,6,28.91,1,58198.55,2,0,1,8,1
103671,Referral,Finance,Hyderabad,Enterprise,30,4,3,39.94,0,0.0,5,0,0,13,0
103672,Social Media,Education,Chennai,Large,35,5,1,5.77,0,0.0,2,1,0,3,0
103673,Referral,Education,Pune,Small,83,6,3,54.55,0,0.0,4,0,0,3,0
103674,Referral,Healthcare,Chennai,Medium,109,6,1,34.33,0,0.0,2,0,0,5,1
103675,Cold Call,Finance,Chennai,Enterprise,44,4,2,5.24,1,217795.91,1,0,1,13,1
103676,Cold Call,Technology,Hyderabad,Small,19,2,1,9.82,0,0.0,4,0,0,14,0
103677,Referral,Retail,Kolkata,Medium,7,6,2,19.25,0,0.0,6,1,1,7,1
103678,Email Campaign,Retail,Mumbai,Small,1,3,3,29.59,0,0.0,2,1,0,7,0
103679,Referral,Finance,Kolkata,Large,45,6,1,8.72,1,101642.8,3,0,1,8,1
103680,Website,Finance,Mumbai,Medium,64,4,3,36.4,0,0.0,6,0,0,4,1
103681,Cold Call,Retail,Pune,Enterprise,59,4,1,18.41,0,0.0,2,0,0,9,0
103682,Website,Technology,Kolkata,Large,29,6,1,8.17,1,229698.53,7,0,1,13,1
103683,Referral,Education,Pune,Small,82,5,1,10.54,0,0.0,4,1,0,12,0
103684,Email Campaign,Finance,Delhi,Medium,106,4,3,32.22,1,70690.17,4,0,0,2,0
103685,Website,Technology,Kolkata,Enterprise,28,4,1,12.67,0,0.0,8,0,0,6,1
103686,Website,Technology,Chennai,Small,81,5,1,13.1,1,61297.59,5,0,1,10,1
103687,Referral,Manufacturing,Kolkata,Small,66,7,2,13.43,0,0.0,4,0,1,9,1
103688,Partner,Manufacturing,Delhi,Large,83,6,2,5.07,0,0.0,4,0,0,11,1
103689,Social Media,Technology,Mumbai,Medium,2,5,2,10.56,0,0.0,5,1,1,12,1
103690,Referral,Technology,Chennai,Small,81,3,0,17.18,0,0.0,4,0,1,5,1
103691,Website,Healthcare,Hyderabad,Small,90,2,5,18.13,0,0.0,2,0,0,8,1
103692,Social Media,Technology,Kolkata,Medium,82,6,2,35.86,0,0.0,5,1,0,3,0
103693,Website,Manufacturing,Hyderabad,Large,101,7,2,8.37,0,0.0,1,0,0,11,1
103694,Email Campaign,Technology,Chennai,Medium,90,4,2,35.87,0,0.0,4,1,0,7,1
103695,Cold Call,Healthcare,Pune,Medium,119,2,1,14.87,1,81956.97,6,0,0,6,0
103696,Referral,Finance,Bengaluru,Large,81,3,2,14.49,1,48955.16,3,1,1,12,1
103697,Referral,Healthcare,Hyderabad,Small,54,6,3,4.38,1,71738.81,2,0,0,15,1
103698,Website,Healthcare,Pune,Large,101,8,2,6.75,1,181529.94,6,0,1,14,1
103699,Website,Technology,Hyderabad,Medium,84,4,0,41.89,1,51752.38,6,1,1,3,1
103700,Email Campaign,Technology,Bengaluru,Medium,67,4,2,7.54,0,0.0,5,1,0,13,1
103701,Partner,Technology,Chennai,Medium,70,4,2,8.4,0,0.0,3,1,0,9,0
103702,Website,Technology,Mumbai,Large,43,3,3,23.84,0,0.0,5,0,0,2,0
103703,Email Campaign,Education,Delhi,Enterprise,74,8,6,31.24,1,186589.38,5,0,0,6,1
103704,Social Media,Finance,Mumbai,Small,57,5,1,19.03,0,0.0,1,0,0,4,0
103705,Website,Finance,Delhi,Small,16,5,4,5.38,0,0.0,8,0,0,4,0
103706,Website,Technology,Bengaluru,Medium,53,4,3,6.27,0,0.0,5,0,0,10,1
103707,Referral,Manufacturing,Chennai,Medium,114,4,0,47.72,0,0.0,4,0,1,7,0
103708,Social Media,Education,Hyderabad,Small,40,3,1,24.88,1,40988.96,7,0,0,11,0
103709,Email Campaign,Manufacturing,Mumbai,Large,82,7,0,4.74,0,0.0,2,0,0,13,0
103710,Cold Call,Retail,Bengaluru,Large,50,5,1,19.53,1,64585.39,2,0,0,1,0
103711,Cold Call,Manufacturing,Kolkata,Medium,35,5,3,51.85,0,,3,1,0,13,1
103712,Cold Call,Finance,Mumbai,Medium,47,4,4,21.88,1,94187.6,1,0,1,3,1
103713,Partner,Manufacturing,Kolkata,Small,116,7,4,14.33,1,164870.49,3,1,0,1,0
103714,Cold Call,Manufacturing,Pune,Medium,14,7,3,8.34,1,63596.55,3,1,1,2,1
103715,Cold Call,Technology,Pune,Medium,81,4,1,17.53,1,136592.21,0,0,0,1,0
103716,Cold Call,Healthcare,Hyderabad,Large,100,5,1,33.94,0,0.0,5,0,0,6,1
103717,Cold Call,Finance,Hyderabad,Medium,23,5,2,62.98,0,0.0,5,1,0,13,0
103718,Cold Call,Technology,Mumbai,Small,91,5,1,39.68,1,66344.38,3,0,0,11,0
103719,Partner,Manufacturing,Bengaluru,Small,77,6,3,25.72,1,74539.13,2,0,1,7,0
103720,Email Campaign,Technology,Pune,Small,41,3,1,12.64,0,0.0,3,0,0,15,0
103721,Social Media,Manufacturing,Kolkata,Enterprise,22,6,3,8.28,0,0.0,4,0,0,8,1
103722,Email Campaign,Education,Mumbai,Large,114,6,1,19.23,1,56663.55,3,0,1,2,0
103723,Cold Call,Healthcare,Bengaluru,Large,24,3,3,6.87,0,0.0,0,0,0,1,0
103724,Email Campaign,Finance,Chennai,Large,114,3,1,32.86,0,0.0,1,0,0,8,0
103725,Cold Call,Retail,Bengaluru,Small,78,8,1,24.04,0,0.0,1,0,0,4,0
103726,Cold Call,Manufacturing,Mumbai,Large,103,10,3,17.99,1,491568.63,3,0,1,6,0
103727,Partner,Finance,Chennai,Large,36,8,2,7.51,1,112120.36,5,1,1,5,1
103728,Website,Finance,Mumbai,Small,4,9,2,24.46,1,75016.26,5,0,0,6,1
103729,Social Media,Retail,Bengaluru,Medium,79,1,0,11.37,0,0.0,3,1,1,15,1
103730,Cold Call,Education,Bengaluru,Large,45,4,2,31.15,1,120497.33,0,0,0,2,1
103731,Partner,Finance,Delhi,Large,67,3,1,22.24,0,0.0,3,1,0,2,0
103732,Partner,Finance,Kolkata,Small,55,5,2,41.21,1,47420.56,4,1,0,5,1
103733,Email Campaign,,Hyderabad,Large,39,5,0,3.13,1,98848.67,3,0,1,12,1
103734,Email Campaign,Technology,Delhi,Enterprise,87,7,4,24.99,1,218295.31,1,0,1,4,0
103735,Website,Technology,Hyderabad,Enterprise,61,8,5,38.73,1,81853.99,6,1,1,4,1
103736,Partner,Retail,Chennai,Small,77,2,1,18.42,1,26994.63,2,0,1,11,1
103737,Referral,Technology,Delhi,Small,81,4,0,16.3,1,24143.85,1,0,1,10,1
103738,Cold Call,Technology,Kolkata,Large,82,4,1,43.26,1,110973.83,3,0,0,10,1
103739,Cold Call,Retail,Chennai,Medium,40,2,1,7.26,0,0.0,3,1,0,10,0
103740,Email Campaign,Retail,Pune,Small,93,2,1,6.97,0,0.0,3,0,0,10,0
103741,Website,Healthcare,Bengaluru,Large,27,6,3,17.28,1,495274.32,3,0,0,9,0
103742,Website,Finance,Hyderabad,Small,114,2,1,30.98,0,0.0,2,0,1,8,0
103743,Cold Call,Retail,Hyderabad,Medium,98,4,1,18.87,0,0.0,1,0,0,12,0
103744,Email Campaign,Retail,Hyderabad,Enterprise,67,4,0,46.56,1,311501.66,4,0,0,6,0
103745,Website,Manufacturing,Mumbai,Medium,22,7,2,64.87,0,0.0,7,1,0,5,0
103746,Social Media,Manufacturing,Pune,Enterprise,109,6,3,15.29,1,59737.18,3,0,1,4,0
103747,Referral,Retail,Delhi,Medium,67,8,5,23.08,0,0.0,2,0,0,13,1
103748,Cold Call,Education,Pune,Medium,98,4,1,38.75,1,86304.75,6,0,1,1,0
103749,Referral,Manufacturing,Hyderabad,Small,4,4,2,32.7,0,0.0,5,0,0,4,1
103750,Website,Technology,Mumbai,Medium,41,5,1,15.45,1,68296.64,4,1,1,3,1
103751,Website,Education,Kolkata,Medium,36,5,0,14.02,0,0.0,6,0,0,6,0
103752,Email Campaign,Education,Bengaluru,Large,98,9,2,19.68,1,300870.94,5,0,0,4,0
103753,Email Campaign,Finance,Delhi,Enterprise,56,6,3,36.72,1,373317.67,6,0,0,8,1
103754,Cold Call,Technology,Bengaluru,Small,15,4,1,4.4,0,0.0,3,0,1,15,1
103755,Email Campaign,Retail,Pune,Small,74,4,3,27.48,0,0.0,3,0,1,7,1
103756,Referral,Healthcare,Bengaluru,Medium,20,7,3,7.12,0,0.0,6,0,0,15,1
103757,Referral,Manufacturing,Bengaluru,Medium,54,2,1,31.14,0,0.0,6,0,0,5,1
103758,Referral,Healthcare,Chennai,Small,120,11,5,11.76,1,6721.65,4,1,1,12,0
103759,Partner,Technology,Kolkata,Small,53,4,2,35.07,1,207216.75,1,0,1,3,1
103760,Website,Finance,Hyderabad,Small,52,2,3,35.69,0,0.0,9,0,1,10,1
103761,Partner,Education,Bengaluru,Medium,5,6,1,2.33,0,0.0,6,0,0,12,1
103762,Referral,Technology,Delhi,Small,56,1,2,9.11,0,0.0,4,0,0,11,1
103763,Website,Manufacturing,Chennai,Large,115,7,3,13.59,0,0.0,2,1,0,15,1
103764,Website,Finance,Bengaluru,Medium,115,5,2,11.53,1,58318.09,4,0,0,10,0
103765,Website,Healthcare,Hyderabad,Medium,116,3,0,5.33,0,0.0,6,0,0,9,0
103766,Cold Call,Healthcare,Mumbai,Medium,44,5,1,17.81,0,0.0,5,0,0,10,0
103767,Email Campaign,Finance,Delhi,Small,8,4,4,7.41,1,22733.46,5,0,0,6,0
103768,Referral,Retail,Hyderabad,Large,29,3,0,51.07,0,0.0,3,0,0,4,0
103769,Social Media,Retail,Mumbai,Large,26,3,0,10.01,1,118413.8,5,0,0,14,0
103770,Social Media,Technology,Mumbai,Large,10,6,2,9.73,0,0.0,4,0,0,15,1
103771,Partner,Finance,Kolkata,Medium,86,5,3,30.87,1,36062.43,4,0,1,14,0
103772,Partner,Manufacturing,Mumbai,Medium,63,4,2,6.33,1,39713.47,1,0,1,12,1
103773,Social Media,Retail,Mumbai,Small,87,6,1,8.91,1,66816.71,3,0,1,4,0
103774,Cold Call,Healthcare,Pune,Medium,24,2,0,19.79,0,0.0,2,0,0,4,0
103775,Cold Call,Manufacturing,Mumbai,Medium,84,5,5,27.32,1,95705.6,3,0,1,5,0
103776,Email Campaign,Technology,Pune,Medium,8,3,4,10.59,0,0.0,4,1,0,8,1
103777,Social Media,Technology,Hyderabad,Small,87,1,0,5.69,0,0.0,1,1,0,4,1
103778,Website,Retail,Delhi,Small,98,7,3,14.21,1,26026.25,9,0,0,12,0
103779,Cold Call,Retail,Pune,Small,31,2,2,20.74,1,31464.59,2,0,1,2,0
103780,Partner,Manufacturing,Bengaluru,Medium,40,1,0,10.58,1,67030.59,3,1,1,14,0
103781,Website,Technology,Mumbai,Medium,53,7,0,18.76,0,0.0,2,0,0,7,0
103782,Cold Call,Healthcare,Pune,Enterprise,70,8,4,36.86,1,231039.15,5,0,0,6,0
103783,Partner,Retail,Mumbai,Small,64,5,3,18.12,1,43057.77,3,0,0,7,0
103784,Website,Technology,Pune,Small,13,2,3,22.71,1,17954.41,3,0,1,8,1
103785,Email Campaign,Healthcare,Hyderabad,Small,46,5,1,21.87,1,42336.29,1,0,1,9,0
103786,Partner,Retail,Pune,Small,61,2,0,23.42,0,0.0,2,0,0,5,1
103787,Partner,Technology,Delhi,Large,74,5,2,15.2,1,83489.37,5,0,0,5,0
103788,Website,Finance,Mumbai,Small,76,7,2,22.36,0,0.0,2,0,0,6,0
103789,Referral,Technology,Bengaluru,Enterprise,80,6,1,45.96,1,346867.12,2,0,1,3,1
103790,Social Media,Education,Bengaluru,Large,54,8,1,,1,538384.97,8,0,0,4,1
103791,Website,Technology,Hyderabad,Medium,61,8,3,6.87,0,0.0,7,1,0,7,0
103792,Referral,Technology,Chennai,Enterprise,41,5,2,37.2,0,0.0,5,0,0,1,0
103793,Website,Technology,Mumbai,Medium,33,9,6,11.41,0,0.0,7,0,0,7,1
103794,Website,Technology,Hyderabad,Enterprise,38,5,2,27.31,0,0.0,6,0,1,7,1
103795,Email Campaign,Technology,Mumbai,Small,53,5,1,8.1,1,34135.86,2,0,1,1,1
103796,Social Media,Retail,Hyderabad,Enterprise,14,6,1,10.98,1,72167.18,1,1,1,8,0
103797,Social Media,Technology,Chennai,Small,27,3,2,19.93,1,127541.64,4,1,0,10,0
103798,Cold Call,Finance,Hyderabad,Medium,14,5,1,11.71,1,91462.94,4,0,1,12,1
103799,Referral,Technology,Mumbai,Enterprise,50,7,1,25.82,1,277686.35,4,0,0,6,1
103800,Referral,Finance,Mumbai,Medium,60,9,1,30.4,1,191352.09,1,0,0,8,0
103801,Website,Technology,Delhi,Small,20,5,1,19.65,0,0.0,5,0,0,2,0
103802,Website,Retail,Hyderabad,Small,17,7,2,17.37,1,20956.6,7,0,1,5,1
103803,Referral,Retail,Kolkata,Small,64,3,2,13.06,0,0.0,2,0,0,10,1
103804,Website,Manufacturing,Delhi,Medium,27,13,4,14.67,1,38898.8,4,0,1,7,0
103805,Website,Technology,Mumbai,Medium,105,8,4,24.23,1,105989.02,3,0,1,15,1
103806,Website,Manufacturing,Delhi,Medium,20,6,3,20.49,0,0.0,4,0,1,12,1
103807,Social Media,Retail,Mumbai,Large,58,5,1,9.64,0,0.0,5,0,0,14,0
103808,Social Media,Technology,Mumbai,Small,97,5,4,47.16,0,0.0,3,0,1,8,0
103809,Partner,Healthcare,Pune,Large,13,6,1,68.07,0,0.0,1,0,1,2,0
103810,,Manufacturing,Kolkata,Medium,54,6,1,16.97,1,25728.0,2,0,0,9,0
103811,Email Campaign,Finance,Kolkata,Large,57,3,4,6.19,1,165969.64,5,0,1,15,1
103812,Website,Finance,Pune,Large,67,4,3,14.95,0,0.0,1,0,0,3,0
103813,Email Campaign,Retail,Pune,Enterprise,107,5,2,11.5,0,0.0,2,0,0,15,0
103814,Website,Technology,Hyderabad,Small,70,3,1,28.34,0,0.0,5,0,0,1,0
103815,Email Campaign,Education,Mumbai,Medium,46,5,2,49.5,0,0.0,2,0,0,10,0
103816,Referral,Technology,Mumbai,Enterprise,48,2,0,40.16,0,0.0,4,0,0,14,0
103817,Referral,Technology,Pune,Large,75,5,3,25.66,0,0.0,5,0,0,4,1
103818,Referral,Technology,Mumbai,Small,36,3,1,2.88,0,0.0,3,0,0,5,0
103819,Social Media,Finance,Chennai,Medium,83,4,2,6.1,0,0.0,3,0,1,13,0
103820,Cold Call,Education,Hyderabad,Large,46,3,1,7.51,0,0.0,2,0,0,6,0
103821,Cold Call,Manufacturing,Hyderabad,Small,8,4,2,39.38,1,21754.03,3,0,0,10,0
103822,Social Media,Education,Delhi,Medium,65,0,1,10.49,1,71162.87,2,1,0,2,0
103823,Email Campaign,Healthcare,Hyderabad,Large,31,6,1,4.39,0,0.0,3,1,0,11,1
103824,Website,Healthcare,Kolkata,Medium,44,3,3,62.39,0,0.0,8,1,0,8,0
103825,Cold Call,Finance,Bengaluru,Small,39,3,3,12.9,0,0.0,2,1,0,8,0
103826,Email Campaign,Technology,Pune,Medium,17,5,2,16.82,0,0.0,4,0,0,12,0
103827,Referral,Education,Hyderabad,,35,4,0,23.1,0,0.0,4,0,0,7,0
103828,Referral,Healthcare,Kolkata,Medium,110,5,1,25.49,0,0.0,4,0,1,11,0
103829,Partner,Healthcare,Pune,Large,39,6,4,5.92,1,124213.15,2,0,0,7,1
103830,Social Media,Healthcare,Pune,Medium,88,4,1,5.76,1,31940.39,4,1,1,13,0
103831,Email Campaign,Manufacturing,Mumbai,Large,50,7,3,47.18,0,0.0,2,1,0,9,1
103832,Social Media,Technology,Delhi,Large,8,7,5,9.52,1,56657.16,1,0,0,5,1
103833,Referral,Retail,Chennai,Large,101,2,1,12.55,1,132807.92,4,1,1,14,1
103834,Email Campaign,Retail,Kolkata,Medium,109,4,1,68.82,1,76423.07,3,0,1,5,1
103835,Referral,Manufacturing,Hyderabad,Small,29,7,4,42.24,0,0.0,5,0,0,15,1
103836,Email Campaign,Technology,Mumbai,Large,21,2,2,19.47,1,112585.44,0,0,1,15,1
103837,Social Media,Technology,Mumbai,Small,112,2,1,11.36,0,0.0,2,1,0,9,0
103838,Website,Healthcare,Hyderabad,Medium,12,5,1,23.68,0,0.0,1,0,0,7,0
103839,Cold Call,Manufacturing,Kolkata,Small,107,5,5,10.06,1,41426.84,5,0,1,4,1
103840,Referral,Education,Pune,Medium,21,4,2,23.67,0,0.0,4,0,0,13,0
103841,Social Media,Retail,Delhi,Large,105,5,4,32.27,0,0.0,3,0,1,5,1
103842,Social Media,Technology,Chennai,Medium,112,2,1,6.88,0,0.0,2,0,0,10,0
103843,Social Media,,Mumbai,Medium,29,2,0,116.48,0,0.0,3,0,0,13,1
103844,Social Media,Retail,Mumbai,Small,27,4,2,35.23,0,0.0,3,1,0,3,0
103845,Partner,Technology,Mumbai,Medium,13,9,3,13.77,1,167575.74,3,0,1,3,1
103846,Email Campaign,Healthcare,Mumbai,Medium,95,7,4,39.7,1,65856.2,4,1,1,15,0
103847,Cold Call,Manufacturing,Delhi,Large,42,3,0,14.06,0,0.0,6,0,0,15,1
103848,Social Media,Finance,Pune,Large,78,6,6,18.95,1,68015.83,4,0,0,5,1
103849,Website,Finance,Chennai,Enterprise,74,6,8,13.67,0,0.0,8,1,0,4,1
103850,Referral,Technology,Delhi,Small,63,5,0,31.61,0,0.0,6,1,1,10,1
103851,Referral,Finance,Kolkata,Small,30,3,2,49.57,0,0.0,4,0,0,9,0
103852,Referral,Retail,Mumbai,Medium,44,3,0,18.8,0,0.0,2,1,1,4,0
103853,Referral,Finance,Pune,Medium,61,5,1,23.54,1,179676.74,8,0,1,4,1
103854,Referral,Technology,Hyderabad,Large,12,6,4,10.18,0,0.0,4,0,0,9,0
103855,Social Media,Technology,Mumbai,Large,49,4,2,16.34,0,0.0,0,0,0,5,0
103856,Website,Technology,Hyderabad,Medium,86,4,1,27.76,0,0.0,3,0,0,9,0
103857,Cold Call,Retail,Bengaluru,Medium,51,5,2,31.94,0,0.0,8,0,0,11,0
103858,Email Campaign,Retail,Delhi,Enterprise,48,3,0,19.06,1,172851.52,2,0,1,4,0
103859,Social Media,Healthcare,Hyderabad,Small,101,5,1,15.13,0,0.0,3,0,0,9,0
103860,Website,Healthcare,Delhi,Large,65,5,3,13.28,1,127359.63,2,0,0,15,1
103861,Email Campaign,Technology,Delhi,Large,89,8,1,11.37,0,0.0,2,0,0,9,1
103862,Website,Healthcare,Chennai,Small,7,0,1,38.76,0,0.0,5,0,0,3,0
103863,Social Media,Technology,Pune,Enterprise,112,3,4,18.91,1,421423.24,3,0,0,12,1
103864,Referral,Education,Mumbai,Large,94,8,2,26.48,0,0.0,4,0,0,7,0
103865,Partner,Technology,Kolkata,Large,100,5,2,7.69,0,0.0,4,0,1,11,1
103866,Referral,Healthcare,Delhi,Small,84,1,1,47.58,0,0.0,0,0,0,1,0
103867,Email Campaign,Technology,Pune,Small,65,2,2,9.9,0,0.0,3,0,0,11,1
103868,Referral,Manufacturing,Mumbai,Large,64,3,2,12.19,1,201798.53,3,1,1,11,1
103869,Social Media,Technology,Mumbai,Small,75,2,2,12.91,0,0.0,4,1,0,1,0
103870,Email Campaign,Education,Chennai,Small,60,3,2,12.36,0,0.0,6,0,0,7,1
103871,Referral,Technology,Mumbai,Medium,88,6,2,16.24,1,55079.88,3,0,1,8,1
103872,Website,Manufacturing,Hyderabad,Small,41,7,3,14.41,0,0.0,8,0,0,9,0
103873,Website,Retail,Mumbai,Large,93,6,6,11.14,1,164405.26,7,0,1,10,1
103874,Website,Finance,Chennai,Medium,42,8,3,42.97,1,73619.74,9,0,0,11,1
103875,Partner,Technology,Mumbai,Small,58,5,0,25.29,0,0.0,3,0,0,14,0
103876,,Finance,Hyderabad,Medium,9,7,4,23.45,0,0.0,5,0,0,12,0
103877,Website,Manufacturing,Delhi,Small,109,9,7,46.19,1,37900.98,5,0,1,5,0
103878,Partner,Manufacturing,Delhi,Small,83,1,1,10.31,1,21114.03,3,1,0,15,1
103879,Website,Technology,Pune,Medium,30,8,1,21.49,0,0.0,8,0,0,8,0
103880,Referral,Finance,Pune,Medium,6,8,3,14.83,0,0.0,6,0,1,13,1
103881,Social Media,Technology,Chennai,Medium,103,4,4,4.76,0,0.0,3,1,1,8,0
103882,Partner,Technology,Chennai,Medium,1,2,0,34.06,0,0.0,1,0,0,5,0
103883,Social Media,Retail,Mumbai,Medium,58,4,2,12.46,1,85307.25,3,0,1,11,0
103884,Email Campaign,Finance,Hyderabad,Medium,4,1,1,17.24,0,0.0,1,0,0,11,1
103885,Partner,Technology,Mumbai,Medium,84,7,4,14.48,0,0.0,4,0,0,2,1
103886,Website,Manufacturing,Delhi,Large,25,8,3,21.98,1,194797.73,9,0,0,2,1
103887,Partner,Manufacturing,Mumbai,Medium,52,7,3,88.92,1,,2,0,1,12,1
103888,Cold Call,Manufacturing,Bengaluru,Small,69,5,4,3.86,0,0.0,2,0,0,3,0
103889,Partner,Technology,Kolkata,,45,14,3,35.68,0,0.0,4,0,1,7,0
103890,Referral,Education,Kolkata,Large,82,2,0,78.03,0,0.0,2,0,0,7,0
103891,Website,Retail,Hyderabad,Small,61,3,0,4.95,1,34632.63,6,0,0,7,0
103892,Social Media,Healthcare,Chennai,Medium,51,1,1,11.78,0,0.0,4,0,0,7,0
103893,Email Campaign,Technology,Chennai,Large,39,8,6,20.26,1,106337.06,4,0,1,15,1
103894,Email Campaign,Education,Chennai,Small,50,4,4,13.51,1,28393.94,2,0,0,8,0
103895,Partner,Healthcare,Delhi,Enterprise,39,11,6,9.18,1,194111.69,4,0,1,14,1
103896,Social Media,Manufacturing,Kolkata,Medium,70,1,0,29.26,1,30706.53,2,0,0,8,0
103897,Referral,Retail,Pune,Large,92,1,0,3.27,0,0.0,3,0,0,8,1
103898,Referral,Manufacturing,Pune,Large,72,9,4,28.28,1,288242.56,2,0,1,10,1
103899,Website,Retail,Chennai,Enterprise,4,7,2,37.06,0,0.0,3,0,0,4,0
103900,Website,Education,Mumbai,Medium,102,6,1,29.61,1,107747.04,4,0,0,15,1
103901,Website,Technology,Bengaluru,Large,95,9,5,20.32,0,0.0,6,0,0,14,0
103902,Cold Call,Technology,Pune,Small,99,4,3,40.5,1,114339.7,5,0,1,3,0
103903,Social Media,Retail,Bengaluru,Small,6,4,2,22.15,0,0.0,5,0,1,3,1
103904,Email Campaign,Healthcare,Chennai,Large,99,4,3,5.68,1,42413.72,4,1,0,6,1
103905,Referral,Retail,Pune,Medium,57,3,1,15.74,0,0.0,1,0,1,3,0
103906,Social Media,Retail,Pune,Large,102,3,0,19.63,1,64629.05,0,0,0,2,0
103907,Cold Call,Healthcare,Mumbai,Small,94,1,0,12.36,0,0.0,6,1,1,13,1
103908,Partner,Manufacturing,Chennai,Small,106,7,1,13.23,1,37441.17,4,0,1,3,0
103909,Email Campaign,Finance,Chennai,Small,15,4,3,13.79,0,0.0,1,0,0,6,0
103910,Cold Call,Manufacturing,Pune,Medium,67,8,2,21.6,1,81328.43,9,0,1,15,0
103911,Email Campaign,Technology,Hyderabad,Small,88,6,6,23.26,0,0.0,1,0,1,6,0
103912,Email Campaign,Retail,Delhi,Medium,72,6,1,12.91,0,0.0,3,0,1,1,1
103913,Cold Call,Education,Chennai,Enterprise,98,8,2,32.86,0,0.0,6,1,1,4,1
103914,Referral,Finance,Bengaluru,Large,88,3,3,23.86,0,0.0,1,0,0,4,1
103915,Referral,Finance,Bengaluru,Large,5,12,4,6.01,1,160553.26,6,0,1,9,1
103916,Referral,Finance,Hyderabad,Small,24,5,1,20.47,1,25772.09,4,0,0,7,1
103917,Email Campaign,Retail,Hyderabad,Medium,77,3,1,33.64,1,84995.03,4,1,1,2,1
103918,Email Campaign,Healthcare,Chennai,Large,44,2,2,11.04,0,0.0,2,0,0,5,0
103919,Social Media,Technology,Pune,Small,43,7,1,19.74,1,47661.6,0,0,0,8,0
103920,Email Campaign,Education,Bengaluru,Medium,110,4,4,8.46,0,,1,0,0,9,0
103921,Website,Technology,Hyderabad,Enterprise,11,5,3,11.56,0,0.0,4,0,1,7,1
103922,Cold Call,Healthcare,Pune,Small,63,5,0,16.97,1,60677.67,1,0,1,15,0
103923,Referral,Retail,Delhi,Enterprise,38,5,2,48.64,0,0.0,2,0,0,8,1
103924,Partner,Technology,Bengaluru,Small,7,1,0,22.51,0,0.0,2,1,1,11,0
103925,Website,Technology,Delhi,Small,45,14,4,9.88,1,43735.76,6,0,1,9,1
103926,Email Campaign,Education,Pune,Small,49,4,1,27.61,0,0.0,5,0,1,7,0
103927,Email Campaign,Retail,Hyderabad,Enterprise,55,9,0,21.53,1,404166.94,2,0,1,1,1
103928,Cold Call,Technology,Mumbai,Medium,20,5,1,33.13,1,208035.42,4,0,0,11,0
103929,Website,Manufacturing,Delhi,Large,88,3,1,17.54,1,222972.66,1,0,0,13,1
103930,Partner,Healthcare,Chennai,Medium,43,4,2,6.38,0,0.0,5,0,0,14,0
103931,Email Campaign,Technology,Mumbai,Large,69,4,2,15.35,1,65821.69,1,0,0,12,1
103932,Social Media,Retail,Pune,Medium,66,7,2,20.56,1,122339.14,5,0,1,4,0
103933,Email Campaign,Healthcare,Chennai,Medium,68,4,3,5.01,1,80670.13,4,0,1,7,1
103934,Website,Technology,Hyderabad,Large,61,2,1,20.01,1,67551.82,1,0,0,11,1
103935,Email Campaign,Manufacturing,Mumbai,Large,37,4,2,83.82,1,75288.9,2,0,0,11,0
103936,Referral,,Delhi,Large,59,4,1,11.35,0,0.0,3,0,0,10,1
103937,Referral,Finance,Kolkata,Small,64,4,2,3.22,0,0.0,4,0,0,1,1
103938,Social Media,Finance,Bengaluru,Large,3,3,2,11.0,0,0.0,3,0,0,12,0
103939,Email Campaign,Manufacturing,Bengaluru,Small,87,7,3,89.55,1,41821.39,2,0,0,9,0
103940,Website,Retail,Chennai,Enterprise,54,5,1,10.85,1,91759.84,8,0,1,2,0
103941,Website,Education,Chennai,Medium,36,0,0,40.24,0,0.0,3,1,0,9,1
103942,Website,Technology,Chennai,Small,4,3,2,9.5,0,0.0,3,0,0,11,0
103943,Website,Manufacturing,Kolkata,Medium,37,4,3,16.83,0,0.0,3,0,0,15,1
103944,Social Media,Retail,Hyderabad,Medium,49,6,0,14.64,0,0.0,1,0,0,12,0
103945,Website,Finance,Hyderabad,Medium,101,2,3,10.92,1,43450.11,3,0,0,4,0
103946,Partner,Technology,Kolkata,Large,78,5,2,8.13,1,59979.71,3,1,1,11,1
103947,Website,Manufacturing,Bengaluru,Large,51,4,4,34.84,0,0.0,4,0,1,11,0
103948,Website,Finance,Mumbai,Small,16,3,2,55.72,0,0.0,4,0,0,3,1
103949,Cold Call,Retail,Pune,Medium,33,2,0,18.69,0,0.0,3,0,0,13,0
103950,Referral,Healthcare,Bengaluru,Large,111,4,4,11.82,1,153161.28,3,0,0,3,0
103951,Referral,Technology,Pune,Large,16,5,3,14.3,0,0.0,4,0,0,12,1
103952,Partner,Education,Chennai,Medium,76,6,3,13.2,0,0.0,2,0,0,12,0
103953,Partner,Manufacturing,Bengaluru,Enterprise,63,3,3,18.68,0,0.0,2,1,0,15,0
103954,Social Media,Healthcare,Bengaluru,Small,27,2,1,15.53,0,0.0,3,0,0,10,0
103955,Website,Retail,Mumbai,Large,105,7,2,15.73,1,96030.56,6,0,1,2,1
103956,Social Media,Healthcare,Pune,Large,48,5,3,9.47,1,276658.75,3,0,0,15,0
103957,Partner,Manufacturing,Chennai,Medium,80,8,3,17.53,1,95336.65,1,0,0,6,0
103958,Partner,Technology,Pune,Small,12,4,1,52.6,0,0.0,3,0,1,7,1
103959,Website,Healthcare,Hyderabad,Large,116,8,2,49.5,1,208677.09,3,0,1,14,0
103960,Referral,Finance,Pune,Medium,3,9,2,29.59,1,113176.5,7,0,0,4,1
103961,Referral,Healthcare,Pune,Small,38,1,2,19.86,0,0.0,1,0,0,10,0
103962,Website,Healthcare,Delhi,Small,110,5,3,8.73,1,37315.97,8,1,1,12,0
103963,Social Media,Technology,Bengaluru,Large,77,4,1,14.79,0,0.0,2,0,0,8,1
103964,Referral,Education,Bengaluru,Small,82,3,1,15.72,0,0.0,2,0,0,12,0
103965,Referral,Technology,Kolkata,Medium,38,5,2,31.48,0,0.0,2,0,0,11,0
103966,Website,Technology,Chennai,Enterprise,94,5,4,15.43,0,0.0,5,0,0,8,0
103967,Email Campaign,Finance,Hyderabad,Large,112,8,8,14.13,0,0.0,4,0,0,2,0
103968,Website,Retail,Delhi,Medium,75,3,2,14.13,0,0.0,4,0,0,12,1
103969,Email Campaign,Technology,Bengaluru,Medium,27,4,1,30.83,1,248018.22,5,0,1,12,1
103970,Website,Healthcare,Pune,Small,109,5,3,32.72,1,40708.2,4,0,1,5,1
103971,Partner,Retail,Chennai,Medium,1,8,1,18.53,0,0.0,1,0,0,13,0
103972,Website,Technology,Hyderabad,Small,108,14,0,21.49,0,0.0,4,0,1,4,1
103973,Email Campaign,Education,Mumbai,Small,2,4,0,14.22,1,72886.66,1,1,1,3,1
103974,Website,Finance,Kolkata,Small,7,7,1,19.88,1,44909.5,6,0,1,2,1
103975,Website,Retail,Kolkata,Medium,6,10,4,12.33,1,57226.56,2,0,1,9,1
103976,Website,Technology,Pune,Small,23,4,0,11.68,0,0.0,8,0,0,5,0
103977,Website,Retail,Chennai,Small,88,3,2,10.04,0,0.0,4,0,0,11,0
103978,Website,Manufacturing,Chennai,Large,48,4,2,14.78,0,0.0,7,0,0,10,0
103979,Email Campaign,Technology,Delhi,Small,10,6,6,25.93,1,34797.09,3,0,1,7,1
103980,Social Media,Technology,Bengaluru,Large,41,3,1,22.22,0,0.0,1,1,0,4,0
103981,Website,Finance,Kolkata,Medium,120,5,0,13.08,1,86572.15,4,0,0,14,0
103982,Email Campaign,Technology,Chennai,Medium,64,6,1,18.26,1,25539.88,1,0,1,14,0
103983,Social Media,Education,Hyderabad,Small,88,6,4,8.89,0,0.0,2,0,0,6,0
103984,Website,Retail,Kolkata,Small,32,2,0,,1,117198.57,4,1,0,4,0
103985,Referral,Retail,Kolkata,Large,63,2,3,5.52,1,189429.46,1,0,0,13,0
103986,Website,Education,Mumbai,Medium,96,2,0,23.46,1,114129.85,7,1,0,11,0
103987,Website,Manufacturing,Chennai,Small,81,3,0,62.94,0,0.0,7,0,1,7,0
103988,Email Campaign,Manufacturing,Hyderabad,Medium,1,7,3,14.5,1,22565.91,4,0,0,8,1
103989,Partner,Finance,Pune,Medium,73,4,2,23.48,0,0.0,6,0,0,11,0
103990,Partner,Finance,Hyderabad,Small,95,6,1,7.43,0,0.0,6,0,0,4,1
103991,Partner,Finance,Chennai,Medium,17,3,3,4.99,0,0.0,6,0,0,15,1
103992,Referral,Finance,Bengaluru,Medium,48,4,1,17.1,1,49674.89,4,0,0,9,1
103993,Website,Finance,Delhi,Medium,78,5,4,64.78,1,75685.26,7,0,0,2,0
103994,Referral,Technology,Bengaluru,Large,1,9,2,14.12,0,0.0,5,1,1,15,1
103995,Website,Finance,Chennai,Medium,86,4,2,4.6,0,0.0,5,1,0,15,1
103996,Website,Healthcare,Mumbai,Large,102,6,4,9.74,0,0.0,7,0,0,15,1
103997,Website,Finance,Kolkata,Medium,64,6,3,6.41,0,0.0,7,0,0,11,1
103998,Email Campaign,Technology,Bengaluru,Medium,54,2,2,25.43,0,0.0,2,0,0,5,0
103999,Referral,Finance,Hyderabad,Large,12,2,0,9.3,0,0.0,4,0,0,8,0
104000,Website,Healthcare,Mumbai,Medium,87,4,2,36.54,0,0.0,2,0,0,9,0
104001,Social Media,Retail,Bengaluru,,114,4,4,9.15,0,0.0,4,0,0,8,0
104002,Referral,Retail,Delhi,Enterprise,106,6,3,11.51,0,0.0,8,1,0,3,1
104003,Cold Call,Technology,Pune,Enterprise,66,5,1,64.24,1,278590.51,5,0,0,5,0
104004,Website,Technology,Delhi,Small,5,4,2,6.62,0,0.0,4,0,0,8,0
104005,Email Campaign,Finance,Hyderabad,Medium,35,5,1,41.48,1,101256.49,2,1,0,8,0
104006,Website,Technology,Delhi,Large,32,7,1,10.79,1,192477.8,2,1,0,5,1
104007,Email Campaign,Finance,Pune,Enterprise,1,7,0,7.79,0,0.0,5,0,0,11,0
104008,Website,Education,Bengaluru,Medium,15,5,3,26.31,0,0.0,2,0,0,14,1
104009,Website,Technology,Bengaluru,Small,69,3,1,18.43,1,10766.3,7,0,0,8,0
104010,Social Media,Finance,Kolkata,Large,12,6,1,7.89,1,242741.23,1,0,1,10,1
104011,Referral,Retail,Chennai,Small,5,4,3,14.72,1,28815.3,3,0,0,3,0
104012,Website,Healthcare,Chennai,Large,114,9,1,7.16,1,337166.8,9,0,0,3,1
104013,Partner,Technology,Hyderabad,Medium,73,6,3,8.02,0,0.0,4,0,0,2,1
104014,Website,Technology,Pune,Medium,97,3,1,16.59,0,0.0,8,0,0,15,1
104015,Email Campaign,Education,Delhi,Small,30,4,1,11.49,1,40682.1,4,1,0,5,0
104016,Email Campaign,Technology,Pune,Medium,44,3,4,42.19,0,0.0,2,1,0,11,0
104017,Referral,Retail,Pune,Medium,74,8,2,9.46,0,0.0,1,0,0,10,1
104018,Email Campaign,Manufacturing,Pune,Medium,83,8,1,9.73,1,52290.81,5,0,1,3,0
104019,Website,Finance,Hyderabad,Small,45,5,0,18.73,0,0.0,5,0,0,3,0
104020,Cold Call,Retail,Delhi,Small,111,2,3,10.24,0,0.0,3,0,0,12,0
104021,Website,Technology,Bengaluru,Large,85,5,5,11.04,1,172551.09,4,0,0,12,1
104022,Website,Finance,Pune,Medium,27,1,1,8.78,0,0.0,7,0,0,9,1
104023,Referral,Finance,Hyderabad,Large,12,5,1,21.39,0,0.0,7,0,0,6,0
104024,Partner,Education,Mumbai,Medium,2,4,1,15.42,1,57394.28,5,0,1,7,1
104025,Cold Call,,Delhi,Large,102,3,0,33.23,0,0.0,4,0,0,12,0
104026,Partner,Technology,Chennai,Medium,99,5,3,93.42,0,0.0,5,0,0,3,0
104027,Social Media,Education,Chennai,Small,58,1,0,14.24,0,0.0,2,0,0,2,0
104028,Social Media,Technology,Pune,Small,87,2,0,18.01,1,19384.45,3,0,1,5,1
104029,Email Campaign,Manufacturing,Delhi,Small,107,3,2,118.74,0,0.0,4,0,0,3,0
104030,Partner,Retail,Chennai,Large,20,9,2,6.58,0,0.0,7,1,1,3,0
104031,Email Campaign,Retail,Delhi,Large,118,4,5,53.87,1,101834.38,4,0,1,7,1
104032,Referral,Manufacturing,Hyderabad,Large,59,11,4,23.77,1,197749.2,5,0,0,13,0
104033,Social Media,Retail,Pune,Large,53,7,1,4.65,0,0.0,2,0,0,11,0
104034,Email Campaign,Technology,Hyderabad,Large,20,5,4,13.55,1,189721.92,6,1,1,5,1
104035,Website,Education,Delhi,Enterprise,81,2,2,70.56,0,0.0,4,0,0,7,0
104036,Referral,Education,Hyderabad,Large,73,5,1,24.09,1,40846.1,2,0,1,8,0
104037,Referral,Education,Mumbai,,4,3,1,12.52,0,0.0,3,0,0,6,1
104038,Cold Call,Retail,Hyderabad,Small,78,3,4,6.54,0,0.0,2,0,0,15,0
104039,Referral,Healthcare,Bengaluru,Medium,17,8,1,4.01,0,0.0,3,1,0,15,1
104040,Cold Call,Healthcare,Chennai,Large,34,3,0,16.34,0,0.0,7,0,0,15,1
104041,Email Campaign,Technology,Chennai,Medium,74,7,2,41.45,0,0.0,1,0,1,7,1
104042,Cold Call,Healthcare,Delhi,,94,3,1,22.85,0,0.0,6,1,0,12,0
104043,Website,Retail,Kolkata,Large,17,9,4,14.43,1,187264.89,8,0,1,12,0
104044,Partner,Retail,Bengaluru,Medium,57,2,0,19.46,1,92936.83,5,0,0,12,0
104045,Email Campaign,Finance,Bengaluru,Small,35,5,2,18.09,1,6736.95,3,0,0,3,1
104046,Referral,Healthcare,Delhi,Large,85,7,1,20.01,0,0.0,4,0,0,15,1
104047,Website,Retail,Pune,Medium,100,8,0,4.41,1,130059.76,8,1,1,15,1
104048,Referral,Healthcare,Hyderabad,Small,77,6,0,6.16,0,0.0,2,0,0,12,1
104049,Referral,Education,Hyderabad,Medium,96,2,2,10.41,1,61884.43,2,0,1,9,1
104050,Social Media,Retail,Mumbai,Medium,55,4,5,6.64,0,0.0,3,1,0,7,0
104051,Partner,Technology,Pune,Medium,72,5,0,63.61,0,0.0,1,0,1,4,0
104052,Social Media,Technology,Hyderabad,Small,36,1,0,17.79,1,46113.21,0,0,1,1,1
104053,Email Campaign,Retail,Bengaluru,Medium,119,4,3,12.75,0,0.0,4,0,0,15,0
104054,Email Campaign,Healthcare,Mumbai,Large,25,5,1,38.89,1,57834.42,0,0,1,4,1
104055,Cold Call,Manufacturing,Pune,Small,111,4,1,11.87,0,0.0,0,0,0,6,0
104056,Cold Call,Technology,Chennai,Medium,90,2,0,6.28,0,0.0,0,0,0,7,0
104057,Referral,Technology,Mumbai,Medium,119,3,3,8.71,0,0.0,3,0,1,11,1
104058,Partner,Finance,Chennai,Medium,78,8,4,14.19,1,62443.43,3,0,1,4,0
104059,Referral,Manufacturing,Kolkata,Medium,43,4,2,24.8,1,63014.85,1,0,0,4,1
104060,Cold Call,Education,Chennai,Medium,34,2,1,10.21,0,0.0,1,0,0,5,0
104061,Partner,Education,Kolkata,Medium,22,3,2,18.1,1,129915.75,4,0,1,5,1
104062,Social Media,Healthcare,Hyderabad,Large,117,6,5,24.57,0,0.0,3,0,0,1,1
104063,Website,Manufacturing,Hyderabad,Medium,13,4,1,16.12,0,0.0,9,0,0,6,0
104064,Social Media,Technology,Delhi,Enterprise,98,9,2,52.02,0,0.0,4,0,1,9,0
104065,Website,Retail,Bengaluru,Medium,84,5,3,23.99,0,0.0,5,1,0,7,0
104066,Cold Call,Education,Bengaluru,Large,16,7,2,21.62,0,0.0,1,1,1,6,0
104067,Referral,Finance,Pune,Medium,110,2,0,-5.0,0,0.0,1,0,0,14,0
104068,Social Media,Education,Mumbai,Large,20,7,3,29.02,0,0.0,2,1,0,4,1
104069,Partner,Technology,Chennai,Large,20,5,1,2.73,0,0.0,3,0,1,13,1
104070,Website,Technology,Delhi,Medium,66,9,3,41.06,1,92000.28,7,1,0,10,1
104071,Referral,Healthcare,Delhi,Medium,13,4,2,7.87,0,0.0,4,1,0,10,1
104072,Social Media,Education,Delhi,Enterprise,13,5,3,20.87,1,113066.71,4,0,0,5,0
104073,Referral,Finance,Delhi,Enterprise,75,4,2,6.65,0,0.0,4,0,0,15,1
104074,Website,Manufacturing,Pune,Enterprise,116,7,2,21.85,0,0.0,7,0,1,8,1
104075,Website,Technology,Chennai,Small,7,5,1,9.1,0,0.0,7,0,0,8,1
104076,Referral,Manufacturing,Hyderabad,Small,77,4,3,21.01,0,0.0,3,0,0,4,1
104077,Social Media,Healthcare,Bengaluru,Medium,73,5,2,32.45,0,0.0,4,0,0,8,0
104078,Email Campaign,Technology,Chennai,Large,8,2,0,6.8,0,0.0,4,0,0,11,1
104079,Website,Retail,Hyderabad,Small,18,2,0,6.91,0,0.0,9,1,0,15,0
104080,Email Campaign,Retail,Hyderabad,Medium,54,6,4,5.21,1,29446.27,8,1,0,13,0
104081,Referral,Healthcare,Kolkata,Medium,84,5,0,64.39,1,167714.99,0,0,1,3,0
104082,Referral,Technology,Mumbai,Small,27,4,2,19.24,1,41598.83,5,0,0,2,0
104083,Cold Call,Technology,Mumbai,Large,53,3,3,11.25,0,0.0,4,0,0,15,0
104084,Referral,Education,Chennai,Small,59,5,3,7.48,1,38404.61,3,0,0,13,1
104085,Email Campaign,Retail,Chennai,Large,86,5,4,13.62,0,0.0,2,1,1,3,0
104086,Partner,Manufacturing,Chennai,Medium,30,6,4,3.55,1,59401.27,4,0,1,13,1
104087,Email Campaign,Retail,Mumbai,Medium,83,6,2,22.25,1,130890.43,4,0,0,12,1
104088,Social Media,Manufacturing,Pune,Medium,100,6,1,6.86,0,0.0,3,0,0,15,0
104089,Website,Technology,Pune,Small,70,6,5,,0,0.0,3,0,0,3,0
104090,Website,Healthcare,Chennai,Medium,87,6,0,18.46,1,55267.17,5,0,0,13,0
104091,Website,Retail,Hyderabad,Large,21,4,1,94.01,0,0.0,2,0,0,6,0
104092,Cold Call,Technology,Bengaluru,Medium,109,4,3,6.63,0,0.0,1,0,0,9,0
104093,Cold Call,Technology,Kolkata,Small,37,0,0,22.16,0,0.0,0,0,1,4,1
104094,Website,Retail,Pune,Large,24,4,3,16.73,0,0.0,1,0,0,2,0
104095,Website,Manufacturing,Chennai,Small,66,2,1,3.77,1,54924.51,5,0,0,11,0
104096,Referral,Retail,Pune,Medium,47,7,5,132.44,0,0.0,2,0,0,2,0
104097,Social Media,Technology,Chennai,Medium,56,4,1,8.94,0,0.0,2,0,0,7,1
104098,Social Media,Education,Mumbai,Medium,97,3,3,22.67,1,24040.68,2,0,1,3,1
104099,Social Media,Technology,Bengaluru,Small,65,5,3,13.6,1,56066.52,0,0,1,14,1
104100,Partner,Technology,Kolkata,Small,45,9,6,22.75,1,44337.42,8,1,1,7,1
104101,Referral,Education,Chennai,Small,97,4,3,168.0,0,0.0,2,0,0,3,0
104102,Social Media,Manufacturing,Hyderabad,Medium,46,2,0,16.1,0,0.0,4,0,0,15,0
104103,Email Campaign,Education,Hyderabad,Medium,115,10,4,13.36,0,0.0,9,1,0,11,1
104104,Referral,Manufacturing,Chennai,Large,119,3,2,28.08,0,0.0,6,0,0,3,0
104105,Partner,Retail,Mumbai,Small,57,4,6,20.06,0,0.0,4,0,0,6,0
104106,Website,Finance,Pune,Small,93,8,0,34.61,0,0.0,6,0,1,9,0
104107,Social Media,,Mumbai,Large,85,5,5,31.89,0,0.0,3,0,1,12,1
104108,Cold Call,Education,Chennai,Medium,104,5,3,13.67,0,0.0,2,0,0,15,0
104109,Partner,Manufacturing,Kolkata,Large,56,5,2,22.21,0,0.0,2,0,0,13,0
104110,Email Campaign,Finance,Hyderabad,Small,49,5,4,63.97,1,64978.88,2,0,1,1,0
104111,Referral,Finance,Bengaluru,Small,34,4,3,17.73,0,0.0,4,0,0,8,0
104112,Cold Call,Finance,Kolkata,Medium,71,2,1,46.66,0,0.0,4,0,0,1,1
104113,Cold Call,Finance,Pune,Medium,74,4,2,16.2,0,0.0,4,0,0,5,0
104114,Email Campaign,Manufacturing,Mumbai,Medium,55,4,2,27.04,1,102640.62,4,0,1,5,1
104115,Cold Call,Technology,Hyderabad,Small,38,4,5,9.09,0,0.0,2,0,0,4,0
104116,Referral,Healthcare,Hyderabad,Small,55,6,2,10.6,0,0.0,3,0,0,4,1
104117,Social Media,Education,Bengaluru,Large,61,10,4,54.33,1,78665.67,6,0,1,7,1
104118,Cold Call,Healthcare,Kolkata,Small,-10,3,0,20.28,1,41185.4,4,0,1,8,1
104119,Referral,Healthcare,Pune,Large,80,9,5,12.55,1,322210.76,2,0,0,15,0
104120,Email Campaign,Finance,Kolkata,Small,102,3,0,46.27,0,0.0,0,0,0,7,0
104121,Partner,Technology,Hyderabad,Medium,39,5,3,37.46,1,82135.45,4,0,1,1,0
104122,Cold Call,Technology,Bengaluru,Small,47,3,5,15.84,0,0.0,3,0,0,9,0
104123,Partner,Technology,Pune,Enterprise,12,8,6,14.98,1,228492.54,3,0,1,5,1
104124,Referral,Technology,Bengaluru,Small,70,7,0,33.57,0,0.0,4,0,0,3,1
104125,Partner,Technology,Hyderabad,Small,52,7,4,24.41,0,0.0,2,0,0,11,1
104126,Website,Finance,Chennai,Large,103,7,3,19.75,1,40386.77,10,0,1,11,0
104127,Email Campaign,Technology,Mumbai,Small,109,4,3,86.9,1,40741.23,2,0,0,6,0
104128,Email Campaign,Education,Hyderabad,Small,93,8,2,12.28,1,20415.71,4,0,1,4,1
104129,Cold Call,Technology,Mumbai,Small,26,5,5,23.62,0,0.0,5,0,0,8,0
104130,Partner,Finance,Mumbai,Large,24,6,1,,0,0.0,4,0,0,7,0
104131,Cold Call,Manufacturing,Hyderabad,Medium,59,3,2,9.2,0,0.0,3,0,0,15,1
104132,Social Media,Technology,Delhi,Large,75,3,0,18.2,1,146532.22,4,0,0,1,1
104133,Referral,Healthcare,Hyderabad,Large,4,3,0,27.31,1,194828.38,1,0,1,3,1
104134,Email Campaign,Manufacturing,Pune,Medium,60,5,3,9.07,0,0.0,3,0,0,12,0
104135,Email Campaign,Healthcare,Mumbai,Small,11,2,1,7.93,0,0.0,4,1,0,15,1
104136,Website,Technology,Chennai,Large,32,6,0,3.65,0,0.0,6,1,0,10,1
104137,Email Campaign,Manufacturing,Bengaluru,Large,44,5,3,42.51,0,0.0,5,0,0,5,0
104138,Cold Call,Retail,Delhi,Large,5,8,2,26.51,1,133672.89,4,0,0,4,0
104139,Social Media,,Mumbai,Small,32,5,4,25.91,1,64783.78,0,0,0,13,0
104140,Cold Call,Technology,Chennai,Large,76,1,3,8.04,0,0.0,6,0,1,10,1
104141,Referral,Technology,Mumbai,Large,120,4,1,22.66,0,0.0,3,0,0,7,0
104142,Email Campaign,Manufacturing,Chennai,Enterprise,94,11,10,22.04,1,346053.82,5,0,0,7,1
104143,Website,Finance,Kolkata,Small,37,4,1,25.33,0,0.0,3,0,0,3,1
104144,Referral,Technology,Delhi,Large,114,5,3,10.79,0,0.0,6,0,0,13,1
104145,Email Campaign,Healthcare,Chennai,Large,53,4,0,12.76,0,0.0,2,0,1,1,1
104146,Referral,Education,Mumbai,Large,43,9,2,17.98,0,0.0,2,0,0,15,1
104147,Website,Technology,Kolkata,Large,102,7,2,18.89,1,183765.0,3,0,1,3,1
104148,Social Media,Technology,Mumbai,Large,48,4,3,19.62,1,53540.58,4,0,1,2,0
104149,Email Campaign,Healthcare,Chennai,Medium,89,2,2,11.68,0,0.0,4,0,0,2,0
104150,Referral,Retail,Mumbai,Small,20,7,2,15.1,1,147585.35,0,0,1,8,1
104151,Website,Healthcare,Kolkata,Medium,40,9,2,56.69,1,191534.45,9,0,1,1,1
104152,Email Campaign,Education,Hyderabad,Large,119,6,3,37.46,1,283315.27,5,0,1,4,0
104153,Email Campaign,Technology,Pune,Small,30,2,1,17.09,0,0.0,4,1,0,12,0
104154,Email Campaign,Finance,Bengaluru,Medium,102,0,0,20.42,0,0.0,1,0,1,12,1
104155,Social Media,Finance,Mumbai,Enterprise,56,5,2,6.79,1,175568.5,5,0,1,6,1
104156,Website,Finance,Hyderabad,Large,115,5,2,91.64,0,0.0,3,1,0,1,0
104157,Partner,Healthcare,Delhi,Large,50,5,0,98.33,0,0.0,4,0,0,3,0
104158,Website,Manufacturing,Hyderabad,Large,60,3,2,8.23,1,26240.4,4,1,1,9,1
104159,Email Campaign,Finance,Hyderabad,Small,48,3,1,15.14,1,74612.29,1,0,0,7,1
104160,Website,Manufacturing,Delhi,Medium,26,3,1,,1,27989.46,4,0,0,13,1
104161,Email Campaign,Technology,Delhi,Medium,102,9,3,24.59,0,0.0,4,0,0,8,0
104162,Referral,Retail,Mumbai,Large,69,7,0,12.98,0,0.0,3,0,0,6,0
104163,Cold Call,Finance,Bengaluru,Small,61,9,2,18.65,1,41678.18,5,1,1,10,0
104164,Referral,Healthcare,Kolkata,Small,45,2,0,20.76,0,0.0,3,1,1,13,1
104165,Social Media,Technology,Delhi,Large,93,7,2,6.96,1,126823.57,3,0,1,13,0
104166,Website,Education,Hyderabad,Medium,42,3,0,17.63,0,0.0,8,0,0,3,0
104167,Website,,Delhi,Large,29,6,5,35.42,0,0.0,7,0,0,7,1
104168,Referral,Manufacturing,Hyderabad,Medium,10,5,4,32.37,0,0.0,4,0,0,14,1
104169,Email Campaign,Education,Chennai,Large,105,6,1,23.54,1,146675.03,5,0,1,13,1
104170,Email Campaign,Technology,Delhi,Medium,9,3,3,24.7,0,0.0,5,0,0,12,1
104171,Partner,Healthcare,Hyderabad,Large,102,6,5,19.67,0,0.0,2,0,0,2,0
104172,Social Media,Finance,Hyderabad,Large,46,5,3,16.52,0,0.0,3,0,0,6,0
104173,Partner,Education,Chennai,Small,1,3,1,16.53,1,49053.98,2,0,1,13,0
104174,Referral,Technology,Kolkata,Medium,112,5,3,12.89,1,14870.11,5,0,1,2,0
104175,Cold Call,Technology,Kolkata,Large,89,3,1,13.64,0,0.0,2,0,1,11,1
104176,Email Campaign,Retail,Kolkata,Small,87,1,0,18.99,0,0.0,1,0,0,8,0
104177,Social Media,Technology,Hyderabad,Large,66,11,2,45.34,1,282144.82,5,0,1,11,1
104178,Partner,Manufacturing,Mumbai,Small,92,1,1,63.83,0,0.0,1,0,0,11,0
104179,Social Media,Finance,Hyderabad,Large,16,4,3,88.37,0,0.0,1,0,1,2,0
104180,Partner,Retail,Bengaluru,Small,29,4,2,10.23,1,26652.81,7,1,0,2,0
104181,Cold Call,Manufacturing,Hyderabad,Medium,66,6,1,52.66,1,99809.26,3,0,0,6,0
104182,Website,Retail,Mumbai,Medium,89,5,1,16.64,0,0.0,5,0,1,14,0
104183,Social Media,Technology,Hyderabad,Small,71,4,1,9.16,0,0.0,3,0,0,15,0
104184,Email Campaign,Technology,Delhi,Medium,49,4,2,12.62,1,53928.47,2,1,1,12,1
104185,Partner,Technology,Hyderabad,Large,81,8,4,8.22,0,0.0,4,0,0,4,0
104186,Cold Call,Technology,Pune,Large,8,12,4,13.46,1,156336.11,5,0,1,15,1
104187,Website,Retail,Pune,Enterprise,61,4,0,28.07,0,0.0,4,0,0,11,0
104188,Website,Finance,Delhi,Large,48,5,0,9.09,1,128259.27,3,0,1,5,1
104189,Website,Finance,Mumbai,Medium,60,0,3,8.95,0,0.0,3,0,0,11,0
104190,Email Campaign,Technology,Kolkata,Medium,16,5,1,15.62,1,42371.21,4,0,0,7,0
104191,Website,,Delhi,Enterprise,109,5,0,54.47,0,0.0,7,0,1,8,0
104192,Cold Call,Technology,Hyderabad,Medium,103,6,3,4.44,0,0.0,1,0,0,4,0
104193,,Finance,Hyderabad,Medium,114,7,4,24.72,1,55091.59,7,0,1,10,1
104194,Cold Call,Healthcare,Chennai,Large,101,6,0,25.52,1,110787.77,5,0,1,5,0
104195,Referral,Technology,Kolkata,Enterprise,80,13,4,20.53,1,330388.08,6,1,1,14,1
104196,Email Campaign,Education,Bengaluru,Medium,35,3,1,4.82,0,0.0,7,0,0,3,1
104197,Website,Technology,Chennai,Small,14,5,3,12.13,0,0.0,5,0,1,4,0
104198,Partner,Retail,Pune,Medium,74,5,3,15.69,0,0.0,8,1,0,2,0
104199,Website,Retail,Mumbai,Large,114,5,3,7.08,0,0.0,4,1,0,4,0
104200,Website,Manufacturing,Mumbai,Medium,44,8,1,59.8,1,166318.96,7,0,0,11,0
104201,Website,Retail,Pune,Large,120,6,3,21.62,1,94168.9,8,0,1,15,1
104202,Cold Call,Manufacturing,Kolkata,Medium,19,6,2,42.96,1,63828.61,4,0,1,3,0
104203,Website,Healthcare,Mumbai,Medium,34,7,1,35.66,1,40301.47,7,0,0,4,1
104204,Social Media,Healthcare,Bengaluru,Medium,78,3,2,7.15,0,0.0,2,0,0,3,0
104205,Cold Call,Retail,Mumbai,Medium,60,3,2,4.76,0,0.0,5,0,0,13,0
104206,Cold Call,Retail,Pune,Large,92,4,3,37.31,0,0.0,2,0,0,9,0
104207,Website,Healthcare,Delhi,Small,42,4,2,8.69,1,118261.4,1,1,1,6,1
104208,Website,Technology,Pune,Large,93,11,1,20.79,1,139382.26,5,1,0,11,1
104209,Email Campaign,Finance,Mumbai,Medium,-10,9,2,10.89,1,44733.8,2,1,1,2,1
104210,Website,Finance,Pune,Enterprise,18,10,1,8.3,1,221549.69,9,0,1,12,1
104211,Social Media,Technology,Bengaluru,Large,69,4,0,21.15,0,0.0,2,0,0,2,0
104212,Referral,Healthcare,Hyderabad,Small,62,2,0,7.44,0,0.0,0,0,0,9,0
104213,Email Campaign,Technology,Bengaluru,Enterprise,69,6,1,4.55,1,951675.15,4,0,1,1,1
104214,Website,Retail,Chennai,Medium,3,5,1,22.13,0,0.0,7,0,0,4,1
104215,Email Campaign,Retail,Mumbai,Medium,50,4,2,93.03,1,141726.35,1,0,1,10,0
104216,Website,Retail,Bengaluru,Enterprise,-10,9,3,27.93,0,0.0,7,0,0,9,1
104217,Social Media,Retail,Bengaluru,Enterprise,97,6,3,8.0,1,468666.53,3,1,1,7,1
104218,Website,Technology,Hyderabad,Large,10,8,4,10.45,0,0.0,4,0,0,10,1
104219,Partner,Technology,Bengaluru,Enterprise,112,2,0,12.81,1,475960.86,3,0,0,13,1
104220,Social Media,Retail,Delhi,Medium,7,3,0,21.62,0,0.0,0,0,0,4,1
104221,Website,Manufacturing,Chennai,Small,74,0,2,7.12,0,0.0,3,0,0,15,0
104222,Website,Retail,Pune,Small,41,1,1,51.5,0,0.0,6,0,0,3,0
104223,Referral,Retail,Bengaluru,Medium,14,5,1,8.62,1,27181.47,4,0,0,15,1
104224,Website,Retail,Mumbai,Medium,43,9,4,15.21,0,0.0,7,0,0,14,0
104225,Website,Manufacturing,Mumbai,Medium,5,7,6,61.28,0,0.0,1,0,0,7,0
104226,Cold Call,Retail,Mumbai,Medium,84,7,4,19.91,0,0.0,3,0,0,2,0
104227,Social Media,Manufacturing,Mumbai,Small,105,1,1,83.15,1,27012.44,4,1,1,7,1
104228,Website,Technology,Bengaluru,Medium,40,5,1,27.09,1,47555.74,3,0,0,5,0
104229,Email Campaign,Technology,Kolkata,Large,53,5,3,11.88,0,0.0,4,0,1,9,1
104230,Referral,Finance,Hyderabad,Small,17,4,0,17.27,0,0.0,1,0,0,4,1
104231,Partner,Healthcare,Kolkata,Large,58,8,3,14.83,1,189709.9,0,0,0,2,0
104232,Website,Manufacturing,Kolkata,Large,114,9,7,4.79,1,89927.92,3,1,1,14,1
104233,Cold Call,Finance,Mumbai,Medium,65,2,0,1.11,0,0.0,1,0,0,13,0
104234,Cold Call,Finance,Pune,Large,106,4,2,9.42,1,49031.99,2,1,0,8,1
104235,Website,Manufacturing,Mumbai,Enterprise,94,0,3,3.26,1,67963.02,1,1,0,13,1
104236,Website,Finance,Kolkata,Small,15,5,1,6.58,0,0.0,8,0,0,15,0
104237,Referral,Manufacturing,Chennai,Large,7,4,1,31.85,0,0.0,1,0,0,14,1
104238,Cold Call,Technology,Delhi,Small,44,7,5,10.62,0,0.0,3,1,0,13,1
104239,Email Campaign,Finance,Hyderabad,Medium,113,3,3,74.29,0,0.0,5,1,1,1,1
104240,Social Media,Finance,Bengaluru,Medium,21,8,1,10.26,1,82292.23,4,0,1,12,0
104241,Cold Call,Finance,Pune,Large,6,5,2,26.08,0,0.0,5,0,1,14,1
104242,Cold Call,Technology,Mumbai,Large,116,3,2,19.77,0,0.0,4,0,0,3,1
104243,Email Campaign,Technology,Kolkata,Large,24,1,1,17.45,0,0.0,4,0,1,1,1
104244,Email Campaign,Finance,Bengaluru,Large,43,7,2,53.53,0,0.0,1,0,0,6,0
104245,Social Media,Finance,Bengaluru,Medium,94,6,4,68.67,0,0.0,2,0,0,13,0
104246,Referral,Manufacturing,Hyderabad,Small,12,4,2,10.9,0,0.0,3,0,1,13,1
104247,Cold Call,Technology,Hyderabad,Small,21,1,1,7.9,0,0.0,5,0,0,9,0
104248,Website,Finance,Mumbai,Medium,88,5,1,13.13,1,19928.51,6,0,1,15,0
104249,Website,Technology,Hyderabad,Large,1,6,0,27.64,1,130625.36,6,1,1,3,1
104250,Cold Call,Education,Delhi,Small,86,3,2,21.39,0,0.0,3,0,0,14,0
104251,Referral,Manufacturing,Mumbai,Medium,66,4,1,15.34,0,0.0,2,0,0,14,1
104252,Website,Education,Pune,Small,29,6,3,7.3,1,29708.46,5,0,1,15,1
104253,Website,Education,Chennai,Medium,74,3,1,84.32,0,0.0,5,0,0,5,0
104254,Email Campaign,Finance,Hyderabad,Medium,39,4,2,8.91,0,0.0,2,0,0,10,0
104255,Cold Call,Retail,Kolkata,Small,114,1,0,17.82,0,0.0,6,1,0,5,0
104256,Website,Finance,Delhi,Small,50,2,0,40.25,1,47795.21,2,1,0,8,1
104257,Website,Education,Hyderabad,Medium,90,6,1,6.54,1,56040.42,4,0,1,15,0
104258,Email Campaign,Healthcare,Pune,Medium,33,2,3,17.75,0,0.0,2,0,0,8,0
104259,Partner,Finance,Hyderabad,Enterprise,101,5,4,23.17,0,0.0,3,0,1,12,0
104260,Referral,Education,Hyderabad,Small,35,2,0,21.56,0,0.0,4,0,0,7,1
104261,Partner,Manufacturing,Hyderabad,Medium,61,6,0,32.99,1,56004.8,2,0,0,1,0
104262,Partner,Education,Pune,Medium,97,4,1,18.28,0,0.0,2,1,0,3,0
104263,Referral,Technology,Kolkata,Medium,112,9,4,19.47,1,97591.52,4,0,1,11,1
104264,Cold Call,Finance,Pune,Medium,91,5,0,12.09,1,37963.64,5,0,1,5,1
104265,Social Media,Finance,Bengaluru,Small,81,1,1,6.2,0,0.0,2,0,0,5,0
104266,Email Campaign,Healthcare,Chennai,Enterprise,84,7,3,14.12,1,156295.28,3,0,0,2,1
104267,Referral,Healthcare,Mumbai,Enterprise,49,3,0,14.92,1,64634.5,6,0,0,13,1
104268,Cold Call,Finance,Mumbai,Medium,83,7,2,33.83,1,177595.33,5,0,1,2,1
104269,Cold Call,Manufacturing,Bengaluru,Medium,69,5,3,41.27,1,56179.09,5,0,0,9,0
104270,Cold Call,Technology,Chennai,Small,63,4,4,60.9,0,0.0,4,1,1,5,1
104271,Partner,Retail,Delhi,Small,38,4,2,4.93,0,0.0,2,0,0,14,0
104272,Email Campaign,Manufacturing,Mumbai,Small,43,3,3,8.08,1,34174.31,5,0,1,10,0
104273,Cold Call,Retail,Mumbai,Large,15,5,1,16.45,1,245996.98,2,0,1,2,0
104274,Cold Call,Finance,Delhi,Small,87,3,5,20.72,0,0.0,2,0,1,10,1
104275,Website,Technology,Mumbai,Small,3,4,1,20.71,1,44161.76,10,0,1,3,1
104276,Website,Technology,Pune,Small,14,2,1,28.27,0,0.0,4,0,0,9,0
104277,Referral,Manufacturing,Kolkata,Small,36,3,0,27.03,0,0.0,3,0,0,4,0
104278,Cold Call,Healthcare,Bengaluru,Medium,17,8,1,25.07,1,25498.37,4,1,1,12,1
104279,Referral,Technology,Chennai,Medium,90,4,2,6.46,1,70525.53,6,1,1,8,1
104280,Social Media,Education,Chennai,Medium,16,7,2,20.08,1,49941.54,3,1,1,7,1
104281,Website,Retail,Hyderabad,Medium,55,12,6,16.11,1,45102.39,7,0,0,14,1
104282,Referral,Manufacturing,Mumbai,Medium,88,3,0,21.64,0,0.0,1,0,0,7,0
104283,Social Media,Healthcare,Kolkata,Large,71,2,2,20.57,1,382361.6,4,0,1,4,1
104284,Website,Education,Bengaluru,Small,71,3,1,56.05,1,28246.23,6,0,1,8,1
104285,Partner,Technology,Pune,Small,42,5,5,14.9,1,51895.95,2,0,0,13,0
104286,Website,Technology,Delhi,Large,55,3,0,10.67,0,0.0,2,0,0,1,0
104287,Partner,Education,Kolkata,Large,93,7,5,9.11,0,0.0,2,0,0,5,1
104288,Website,Education,Chennai,Medium,58,6,2,11.76,0,0.0,2,0,1,9,0
104289,Partner,Healthcare,Hyderabad,Small,84,4,1,9.44,0,0.0,7,0,0,4,0
104290,Social Media,Technology,Mumbai,Small,100,1,3,51.8,0,0.0,4,1,0,12,0
104291,Website,Finance,Chennai,Small,30,3,2,67.35,0,0.0,7,0,0,1,0
104292,Website,Manufacturing,Chennai,Large,15,6,2,14.26,0,0.0,6,0,1,4,1
104293,Website,Manufacturing,Kolkata,Medium,56,6,1,23.24,0,0.0,1,0,0,9,1
104294,Social Media,Finance,Hyderabad,Small,46,5,3,11.72,1,37988.39,4,0,1,13,0
104295,Cold Call,Technology,Bengaluru,Small,18,3,1,16.56,0,0.0,4,0,0,6,0
104296,Referral,Retail,Pune,Small,92,5,2,13.21,0,0.0,3,1,0,4,1
104297,Email Campaign,Manufacturing,Chennai,Small,75,2,6,21.09,1,125800.46,4,0,0,14,1
104298,Social Media,Healthcare,Delhi,Medium,79,9,4,15.89,0,0.0,3,0,0,8,0
104299,Email Campaign,Retail,Kolkata,Medium,86,3,1,16.05,0,0.0,4,1,0,4,1
104300,Social Media,Education,Chennai,Large,53,6,0,10.58,0,0.0,1,0,0,14,0
104301,Email Campaign,Finance,Mumbai,Large,62,11,2,50.25,1,146954.27,2,0,0,1,1
104302,Social Media,Retail,Bengaluru,Enterprise,27,8,2,8.35,0,0.0,2,0,0,12,0
104303,Partner,Retail,Mumbai,Large,88,6,1,9.27,0,0.0,2,0,0,14,1
104304,Referral,Healthcare,Mumbai,Enterprise,114,3,3,10.8,0,0.0,1,0,0,9,1
104305,Website,Manufacturing,Hyderabad,Enterprise,105,5,1,23.56,0,0.0,6,0,0,14,0
104306,Website,Retail,Pune,Medium,49,9,3,52.11,0,0.0,3,0,0,10,0
104307,Email Campaign,Healthcare,Pune,Small,6,5,1,10.64,0,0.0,3,1,0,9,0
104308,Referral,Technology,Kolkata,Small,106,4,1,62.96,1,48167.64,2,0,0,2,0
104309,Partner,Retail,Pune,Medium,69,2,2,49.4,1,173872.92,2,0,0,3,0
104310,Social Media,Technology,Hyderabad,Large,94,2,0,7.89,0,0.0,7,1,1,11,0
104311,Email Campaign,Technology,Chennai,Small,37,2,0,18.6,0,0.0,2,0,1,11,0
104312,Cold Call,Healthcare,Chennai,Large,104,5,1,7.62,0,0.0,3,0,0,10,0
104313,Referral,Retail,Delhi,Large,101,3,2,16.55,0,0.0,1,0,0,4,1
104314,Cold Call,Education,Chennai,Medium,3,3,3,8.35,0,0.0,6,0,0,2,0
104315,Website,Retail,Delhi,Medium,68,7,3,16.87,1,77677.73,4,1,1,2,0
104316,Social Media,Manufacturing,Chennai,Small,58,6,3,18.85,1,81239.91,2,0,1,2,0
104317,Partner,Finance,Hyderabad,Medium,79,6,1,10.7,0,0.0,3,0,1,4,1
104318,Cold Call,Healthcare,Chennai,Small,32,1,3,18.06,1,,1,0,0,15,0
104319,Cold Call,Education,Pune,Medium,12,9,3,33.89,1,48166.6,1,0,0,12,0
104320,Referral,Healthcare,Pune,Medium,33,4,0,31.51,0,0.0,4,0,0,3,0
104321,Cold Call,Manufacturing,Bengaluru,Small,64,10,2,8.22,1,16304.53,4,0,1,5,1
104322,Email Campaign,Healthcare,Mumbai,Medium,33,6,5,,0,0.0,2,0,0,14,1
104323,Social Media,Technology,Mumbai,Medium,56,8,2,21.26,1,94146.45,3,0,0,7,0
104324,Website,Retail,Delhi,Medium,47,9,2,11.32,1,107615.8,7,0,1,5,1
104325,Website,Technology,Delhi,Enterprise,84,5,0,17.72,0,0.0,1,0,0,5,1
104326,Email Campaign,Technology,Chennai,Small,50,5,1,47.31,0,0.0,1,0,0,6,0
104327,Website,Technology,Mumbai,Enterprise,18,5,3,16.96,1,482260.94,5,1,1,9,1
104328,Cold Call,Technology,Delhi,Small,77,3,0,11.58,1,28660.21,2,1,1,9,1
104329,Cold Call,Finance,Pune,Small,26,6,3,16.43,1,70965.26,1,1,0,8,1
104330,Partner,Education,Kolkata,Enterprise,37,2,0,6.27,0,0.0,2,0,0,10,0
104331,Website,Finance,Delhi,Large,85,9,3,11.33,1,279985.04,2,0,1,5,0
104332,Partner,Manufacturing,Hyderabad,Medium,33,3,0,27.55,0,0.0,0,0,0,8,1
104333,Website,Healthcare,Pune,Large,8,2,2,13.06,0,0.0,5,1,0,13,1
104334,Email Campaign,Technology,Mumbai,Medium,44,4,4,14.95,1,126060.57,3,1,0,6,1
104335,Cold Call,Technology,Delhi,Large,47,4,1,13.22,0,0.0,7,0,0,15,1
104336,Website,Education,Chennai,Small,83,3,4,30.12,1,60540.0,8,0,0,8,0
104337,Website,Retail,Bengaluru,Large,86,6,2,123.02,1,173570.43,4,0,1,6,1
104338,Website,Education,Mumbai,Enterprise,1,4,1,2.04,0,0.0,3,0,0,11,1
104339,Email Campaign,Finance,Chennai,Large,91,5,0,18.47,0,0.0,3,0,1,6,1
104340,Cold Call,Retail,Chennai,Large,90,3,3,15.22,0,0.0,2,0,0,6,0
104341,Website,Manufacturing,Bengaluru,Large,21,4,3,46.75,0,0.0,7,0,0,6,0
104342,Website,Education,Chennai,Medium,41,6,5,15.5,0,0.0,4,0,0,9,0
104343,Email Campaign,Technology,Bengaluru,Medium,93,4,0,16.73,0,0.0,3,0,0,1,0
104344,Website,Education,Bengaluru,Large,70,8,4,15.77,0,0.0,2,0,0,6,1
104345,Cold Call,Finance,Chennai,Medium,41,3,2,41.06,0,0.0,2,0,0,12,0
104346,Partner,Manufacturing,Delhi,Medium,92,4,1,5.73,0,0.0,2,0,1,5,0
104347,Cold Call,Healthcare,Mumbai,Large,76,4,1,20.5,1,95420.06,0,0,0,9,0
104348,Cold Call,Retail,Mumbai,Small,62,4,2,26.58,0,0.0,3,0,0,5,0
104349,Email Campaign,Finance,Pune,Large,1,7,7,42.38,1,60999.35,1,0,1,15,1
104350,Cold Call,Manufacturing,Bengaluru,Large,78,5,2,8.62,1,84194.67,2,0,0,4,1
104351,Website,Finance,Hyderabad,Small,22,6,2,10.13,0,0.0,6,0,0,12,0
104352,Website,Healthcare,Mumbai,Small,111,4,2,21.04,0,0.0,9,0,0,12,0
104353,Social Media,Retail,Chennai,Large,23,3,1,14.15,0,0.0,3,0,0,7,0
104354,Website,Manufacturing,Mumbai,Small,4,2,1,4.31,0,0.0,2,0,0,15,0
104355,Partner,Healthcare,Chennai,Enterprise,46,5,1,25.63,0,0.0,5,0,0,15,1
104356,Social Media,Retail,Chennai,Small,42,4,1,24.15,0,0.0,3,0,0,1,0
104357,Partner,Healthcare,Pune,Small,43,3,1,9.5,0,0.0,3,0,0,9,1
104358,Referral,Retail,Mumbai,Small,112,5,1,10.36,0,0.0,5,0,1,3,0
104359,Email Campaign,Retail,Mumbai,Large,33,8,3,16.9,0,0.0,5,0,0,15,0
104360,Cold Call,Retail,Kolkata,Medium,101,2,2,5.53,0,0.0,5,1,0,15,0
104361,Website,Manufacturing,Kolkata,Large,20,0,1,24.58,0,0.0,3,0,0,7,0
104362,Email Campaign,Healthcare,Mumbai,Enterprise,75,4,3,155.52,1,454114.64,2,0,1,6,0
104363,Social Media,Technology,Chennai,Medium,16,3,2,6.27,0,0.0,3,0,0,13,1
104364,Partner,Retail,Chennai,Small,28,2,3,64.0,0,0.0,3,0,0,6,0
104365,Cold Call,Technology,Hyderabad,Small,18,6,1,,1,48122.74,5,1,1,11,0
104366,Website,Technology,Mumbai,Large,40,5,7,11.03,0,0.0,5,0,0,10,0
104367,Email Campaign,Manufacturing,Chennai,Small,56,2,1,16.05,0,0.0,4,0,0,5,0
104368,Social Media,Healthcare,Hyderabad,Large,103,7,5,13.66,1,37814.7,6,1,1,6,1
104369,Website,Healthcare,Bengaluru,Large,91,10,3,17.98,0,0.0,11,0,1,14,1
104370,Email Campaign,Education,Pune,Medium,84,3,3,18.74,1,34518.32,0,0,0,8,0
104371,Referral,Technology,Mumbai,Medium,59,5,1,,0,0.0,3,0,0,7,1
104372,Website,Technology,Bengaluru,Enterprise,35,8,5,8.64,0,0.0,5,0,0,14,1
104373,Email Campaign,Technology,Bengaluru,Large,36,7,1,10.35,0,0.0,3,0,0,9,1
104374,Website,Finance,Hyderabad,Large,16,10,0,31.01,1,116468.24,10,0,1,9,1
104375,Social Media,Retail,Bengaluru,Medium,80,4,3,9.82,1,74386.89,2,0,1,6,1
104376,Website,Manufacturing,Mumbai,Medium,94,3,1,10.21,0,0.0,2,0,0,11,0
104377,Cold Call,Retail,Chennai,Medium,66,4,1,40.45,0,0.0,3,0,0,1,0
104378,Website,Finance,Chennai,Enterprise,70,13,5,15.69,0,0.0,10,0,1,4,0
104379,Partner,Healthcare,Pune,Medium,45,3,0,8.9,0,0.0,4,0,0,13,0
104380,Website,Technology,Chennai,Large,116,9,3,15.9,0,0.0,5,0,0,4,0
104381,Email Campaign,Retail,Hyderabad,Small,107,5,2,49.23,1,44064.33,6,0,0,15,0
104382,Referral,Retail,Kolkata,Large,49,10,3,7.02,0,0.0,4,1,0,14,1
104383,Website,Technology,Bengaluru,Medium,91,4,3,45.2,0,0.0,1,0,0,6,0
104384,Email Campaign,Manufacturing,Chennai,Large,42,4,2,9.16,0,0.0,4,0,0,14,0
104385,Cold Call,Manufacturing,Hyderabad,Small,15,7,0,20.74,0,0.0,2,0,0,11,0
104386,Partner,Finance,Chennai,Large,35,6,5,10.04,0,0.0,3,0,0,13,0
104387,Referral,Retail,Mumbai,Large,101,5,2,33.24,1,134645.44,3,0,0,8,1
104388,Website,Retail,Pune,Medium,58,6,0,8.96,0,0.0,6,0,0,2,1
104389,Cold Call,Technology,Mumbai,Medium,104,8,3,9.56,0,0.0,5,0,0,9,0
104390,Social Media,Technology,Pune,Medium,39,3,2,9.32,1,102504.06,5,0,0,13,0
104391,Website,Retail,Bengaluru,Medium,56,3,2,27.88,0,0.0,5,1,0,2,0
104392,Cold Call,Education,Chennai,Small,9,0,0,,0,0.0,5,0,0,1,0
104393,Email Campaign,Retail,Mumbai,Medium,94,1,0,4.33,0,0.0,0,0,1,13,0
104394,Social Media,Retail,Bengaluru,Medium,38,5,0,8.24,0,0.0,3,0,0,9,0
104395,Referral,Retail,Bengaluru,Medium,11,5,2,59.34,0,0.0,3,0,1,8,1
104396,Email Campaign,Healthcare,Hyderabad,Large,27,1,3,16.05,1,130624.71,2,0,0,11,1
104397,Website,Technology,Bengaluru,Medium,80,5,5,3.78,1,250889.69,4,0,0,11,0
104398,Cold Call,Finance,Pune,Small,98,5,1,28.52,1,62906.96,4,1,1,7,1
104399,Website,Education,Bengaluru,Large,115,8,3,17.19,0,0.0,8,0,0,10,0
104400,Cold Call,Manufacturing,Delhi,Medium,29,4,2,22.57,0,0.0,5,0,0,8,0
104401,Cold Call,Education,Mumbai,Large,71,3,2,30.5,0,0.0,0,0,1,4,1
104402,Cold Call,Technology,Mumbai,Enterprise,56,7,1,7.67,0,0.0,1,0,0,12,1
104403,Website,Healthcare,Delhi,Large,86,3,2,25.99,0,0.0,1,0,0,6,0
104404,Referral,Retail,Pune,Medium,81,11,6,26.4,1,57101.65,5,0,1,14,1
104405,Email Campaign,Technology,Pune,Medium,9,2,1,15.63,0,0.0,2,0,0,6,0
104406,Social Media,Technology,Pune,Large,18,5,2,51.4,0,0.0,5,0,0,3,0
104407,Partner,Manufacturing,Mumbai,Large,71,7,0,4.37,0,0.0,3,0,1,13,0
104408,Referral,Retail,Chennai,Small,64,1,0,34.61,1,25471.34,2,1,1,3,0
104409,Cold Call,Retail,Bengaluru,Medium,107,4,5,6.28,0,0.0,5,1,0,15,1
104410,Website,Finance,Pune,Large,102,8,2,3.48,0,0.0,4,0,1,10,1
104411,Referral,Healthcare,Bengaluru,Large,8,8,2,7.2,0,0.0,2,0,0,8,1
104412,Website,Technology,Kolkata,Small,71,2,3,5.77,0,0.0,1,0,0,4,0
104413,Cold Call,Technology,Chennai,Medium,49,3,0,56.77,0,0.0,1,0,0,4,0
104414,Website,Healthcare,Chennai,Medium,58,3,0,12.63,1,85710.36,6,0,0,3,1
104415,Referral,Finance,Kolkata,Small,8,6,1,19.97,0,0.0,3,0,0,13,0
104416,Cold Call,Education,Pune,Large,101,5,0,13.88,0,0.0,0,0,1,4,0
104417,Email Campaign,Healthcare,Kolkata,Medium,20,6,3,75.54,1,25255.17,1,0,1,1,1
104418,Website,Technology,Kolkata,Small,114,3,4,14.93,0,0.0,3,0,0,3,0
104419,Website,Technology,Pune,Medium,112,7,2,19.99,0,0.0,6,0,0,10,1
104420,Email Campaign,Retail,Bengaluru,Large,99,5,1,10.16,1,29165.67,3,0,0,8,0
104421,Referral,Technology,Bengaluru,Large,15,3,2,31.8,0,0.0,6,1,0,6,0
104422,Website,Technology,Chennai,Large,50,5,4,11.88,0,0.0,6,0,0,15,0
104423,Social Media,Healthcare,Delhi,Enterprise,3,6,2,28.65,0,0.0,3,0,0,6,0
104424,Website,Finance,Mumbai,Enterprise,74,6,1,4.95,1,198164.16,5,0,1,13,1
104425,Social Media,Retail,Pune,Medium,104,5,1,31.04,1,33771.01,8,0,1,2,0
104426,Referral,Healthcare,Kolkata,Small,64,3,0,18.13,0,0.0,3,0,0,9,0
104427,Website,Technology,Pune,Large,3,7,2,7.11,1,182654.09,4,0,0,2,1
104428,Website,Manufacturing,Bengaluru,Medium,37,4,1,5.35,0,0.0,6,1,0,2,0
104429,Website,Healthcare,Delhi,Medium,21,3,0,40.42,1,41248.06,5,0,0,11,0
104430,Website,Retail,Hyderabad,Enterprise,53,8,6,22.4,0,0.0,2,0,0,11,0
104431,Referral,Technology,Hyderabad,Medium,45,2,4,24.5,0,0.0,1,0,0,9,0
104432,Partner,Retail,Hyderabad,Enterprise,100,4,3,55.42,1,329317.14,5,0,0,7,1
104433,Cold Call,Finance,Mumbai,Medium,27,2,1,36.3,1,73173.55,7,0,0,5,0
104434,Referral,Healthcare,Pune,Small,37,6,5,38.93,1,121683.76,7,1,0,12,0
104435,Email Campaign,Finance,Kolkata,Large,29,5,2,9.94,1,64195.19,4,0,0,3,0
104436,Email Campaign,Education,Delhi,Large,107,3,0,17.96,1,203094.62,4,0,0,8,0
104437,Cold Call,Technology,Pune,Medium,36,4,4,85.64,0,0.0,3,1,0,15,0
104438,Website,Education,Chennai,Medium,119,4,1,24.98,0,0.0,5,0,1,11,1
104439,Referral,Education,Pune,Small,80,4,2,1.76,1,154289.25,3,1,0,13,0
104440,Referral,Healthcare,Kolkata,Small,37,3,2,24.51,1,29908.16,1,0,1,4,1
104441,Website,Finance,Hyderabad,Small,72,5,0,15.63,1,36733.57,4,0,0,1,0
104442,Referral,Finance,Hyderabad,Small,15,4,3,7.71,0,0.0,2,0,0,13,0
104443,Cold Call,Education,Mumbai,Medium,109,2,3,39.3,1,138929.86,6,1,0,9,0
104444,Partner,Retail,Hyderabad,Medium,115,0,0,10.93,0,0.0,1,1,0,12,1
104445,Website,Healthcare,Bengaluru,Small,36,2,0,17.94,0,0.0,5,0,1,13,0
104446,Email Campaign,Technology,Chennai,Medium,21,3,2,11.56,0,0.0,3,0,0,6,0
104447,Referral,Manufacturing,Bengaluru,Small,52,2,1,27.93,0,0.0,6,0,0,2,0
104448,Email Campaign,,Pune,Small,93,1,1,21.34,0,0.0,0,0,0,15,0
104449,Email Campaign,Technology,Kolkata,Enterprise,76,3,2,25.37,0,0.0,2,0,0,5,0
104450,Website,Finance,Hyderabad,Enterprise,5,6,1,17.13,1,151552.67,3,0,1,3,0
104451,Cold Call,Healthcare,Delhi,Large,1,10,2,21.56,1,125383.14,5,0,1,9,1
104452,Partner,Education,Pune,Small,29,6,0,97.46,1,49198.82,4,0,1,1,0
104453,Social Media,Manufacturing,Chennai,Large,91,6,4,45.23,1,246930.07,3,0,1,1,1
104454,Social Media,Technology,Kolkata,Small,32,8,5,12.37,1,21112.49,6,0,1,12,1
104455,Email Campaign,Finance,Chennai,Medium,108,2,2,10.71,1,72171.96,4,0,0,2,0
104456,Referral,Manufacturing,Hyderabad,Large,36,6,5,4.83,0,0.0,2,0,0,10,1
104457,Website,Healthcare,Pune,Medium,108,4,1,5.94,1,55705.61,3,1,1,7,0
104458,Social Media,Technology,Chennai,Enterprise,111,10,3,6.96,1,206458.94,2,0,1,2,1
104459,Website,Finance,Bengaluru,Large,88,3,1,4.36,0,0.0,8,1,0,15,0
104460,Cold Call,Retail,Hyderabad,Medium,22,7,2,29.52,0,0.0,4,0,0,3,0
104461,Referral,Education,Chennai,Small,9,2,1,33.31,0,0.0,1,0,0,10,0
104462,Referral,Retail,Pune,Large,21,5,2,16.18,1,,3,0,0,2,1
104463,Referral,Technology,Delhi,Medium,76,6,2,18.21,1,267331.56,4,0,1,9,0
104464,Partner,Retail,Bengaluru,Small,84,5,2,36.64,1,40239.3,2,0,0,3,0
104465,Website,Finance,Hyderabad,Small,119,3,1,21.19,0,0.0,6,0,0,14,1
104466,Website,Manufacturing,Chennai,Enterprise,115,4,1,25.54,0,0.0,6,0,0,7,1
104467,Website,Finance,Delhi,Small,37,6,0,49.56,0,0.0,9,0,0,1,1
104468,Social Media,Technology,Bengaluru,Enterprise,47,5,1,36.18,1,163759.48,3,0,0,1,0
104469,Partner,Healthcare,Bengaluru,Large,93,7,4,9.34,1,114227.26,1,0,1,9,0
104470,Website,Finance,Bengaluru,Medium,93,1,0,21.99,1,109134.78,3,0,0,8,0
104471,Partner,Technology,Mumbai,Medium,38,1,1,74.75,0,0.0,1,0,0,5,0
104472,Referral,Retail,Mumbai,Large,4,10,3,14.13,1,133917.32,4,0,1,10,1
104473,Social Media,Manufacturing,Mumbai,Medium,12,2,1,25.28,0,0.0,3,1,1,12,0
104474,Website,Manufacturing,Pune,Small,99,2,2,61.6,0,0.0,5,0,0,11,0
104475,Email Campaign,Finance,Delhi,Small,42,4,2,10.69,0,0.0,3,0,1,12,1
104476,Social Media,Technology,Delhi,Large,87,3,1,5.45,0,0.0,4,0,1,15,0
104477,,Healthcare,Hyderabad,Large,97,4,2,20.72,1,200696.85,3,1,1,4,1
104478,Website,Healthcare,Delhi,Medium,108,1,1,15.58,1,82764.56,5,0,0,2,1
104479,Cold Call,Technology,Pune,Small,60,5,2,23.89,0,0.0,5,0,0,2,0
104480,Partner,Education,Kolkata,Medium,77,6,2,10.1,0,0.0,1,0,1,1,0
104481,Email Campaign,Education,Hyderabad,Large,24,3,3,9.0,0,0.0,3,0,0,5,1
104482,Social Media,Technology,Kolkata,Small,113,5,0,19.53,0,0.0,2,0,0,3,0
104483,Cold Call,Manufacturing,Bengaluru,Enterprise,106,5,3,10.15,1,171606.86,4,0,1,14,1
104484,Website,Retail,Kolkata,,47,4,0,59.92,0,0.0,2,0,0,6,0
104485,Cold Call,Finance,Delhi,Medium,45,1,3,12.88,0,0.0,1,0,0,4,0
104486,Referral,Retail,Chennai,Large,88,7,3,13.66,0,0.0,4,0,0,8,0
104487,Cold Call,Technology,Pune,Large,50,4,0,26.31,1,84673.06,1,0,0,7,0
104488,Website,Technology,Bengaluru,Large,88,4,0,154.91,0,0.0,4,0,0,1,0
104489,Referral,Education,Delhi,Small,11,2,0,11.69,0,0.0,1,0,0,15,0
104490,Email Campaign,Retail,Hyderabad,Enterprise,33,4,0,31.8,0,0.0,4,0,0,11,0
104491,Email Campaign,Finance,Hyderabad,Medium,94,2,3,10.99,1,90893.79,3,0,1,13,1
104492,Cold Call,Healthcare,Delhi,Large,111,2,1,5.46,0,0.0,3,0,0,15,0
104493,Partner,Education,Delhi,Small,4,5,3,8.12,1,38585.87,2,0,0,14,0
104494,Website,Healthcare,Delhi,Medium,94,4,3,17.09,0,0.0,7,0,0,4,0
104495,Referral,Education,Kolkata,Enterprise,9,3,4,51.4,0,0.0,2,0,0,12,1
104496,Referral,Manufacturing,Hyderabad,Medium,104,6,1,43.62,1,94847.84,3,0,0,1,0
104497,Email Campaign,Finance,Bengaluru,Small,31,8,4,33.4,1,88617.26,2,0,0,6,0
104498,Email Campaign,Retail,Kolkata,Large,44,6,3,11.31,1,65176.61,3,0,1,12,1
104499,Cold Call,Retail,Kolkata,Small,87,4,1,10.61,0,0.0,1,0,0,11,1
104500,Cold Call,Manufacturing,Mumbai,Large,101,1,1,8.09,0,0.0,1,0,1,12,0
104501,Website,Finance,Kolkata,Enterprise,50,13,5,26.08,1,539467.08,2,0,1,12,1
104502,Email Campaign,Technology,Chennai,Small,38,2,3,48.18,1,41540.25,2,0,0,1,0
104503,Social Media,Technology,Kolkata,Medium,118,4,3,33.27,1,83717.57,1,0,0,9,1
104504,Email Campaign,Retail,Bengaluru,Enterprise,116,5,2,6.6,1,225454.21,2,0,0,10,1
104505,Website,Manufacturing,Pune,Enterprise,63,7,1,12.17,0,0.0,2,0,0,3,0
104506,Referral,Manufacturing,Delhi,Medium,3,2,1,89.63,1,83075.76,6,0,0,4,0
104507,Referral,Retail,Mumbai,Large,117,6,0,30.0,1,101142.64,4,0,0,8,1
104508,Website,Technology,Kolkata,Medium,75,2,1,35.87,1,37130.41,2,0,0,10,0
104509,Cold Call,Technology,Kolkata,Small,67,1,0,13.43,0,0.0,5,1,0,13,0
104510,Referral,Manufacturing,Pune,Large,14,5,1,29.34,1,268590.65,3,0,0,11,0
104511,Social Media,Healthcare,Chennai,Medium,120,1,1,10.28,0,0.0,2,0,1,15,0
104512,Email Campaign,Manufacturing,Pune,Medium,87,4,1,33.07,0,0.0,4,0,0,4,0
104513,Cold Call,Technology,Chennai,Medium,27,3,0,18.11,1,174317.35,3,0,1,6,1
104514,Website,Finance,Kolkata,Large,44,7,1,19.68,1,216268.59,2,0,0,4,0
104515,Website,Education,Chennai,Small,42,9,1,14.32,0,0.0,5,0,0,14,0
104516,Referral,Technology,Mumbai,Small,105,4,0,3.54,0,0.0,3,0,0,10,0
104517,Email Campaign,Technology,Delhi,Small,58,3,5,7.73,0,0.0,4,1,0,8,1
104518,Referral,Retail,Hyderabad,Small,105,5,2,38.81,0,0.0,1,0,0,9,1
104519,Cold Call,Retail,Chennai,Enterprise,83,5,4,31.34,1,922479.11,0,1,1,5,1
104520,Website,Education,Chennai,Medium,45,5,3,20.87,0,0.0,8,0,1,14,1
104521,Website,Education,Pune,Small,49,4,1,6.56,1,34457.55,4,1,1,10,0
104522,Referral,Manufacturing,Mumbai,Enterprise,98,3,0,12.53,0,0.0,5,0,0,8,1
104523,Cold Call,Technology,Bengaluru,Small,60,5,1,35.0,0,0.0,1,0,1,11,0
104524,Cold Call,Healthcare,Delhi,Medium,82,5,2,5.62,1,131562.74,2,0,0,12,1
104525,Cold Call,Education,Mumbai,Large,15,5,3,11.81,0,0.0,4,0,1,6,0
104526,Email Campaign,,Bengaluru,Large,52,4,1,5.57,0,0.0,3,0,0,11,1
104527,Cold Call,Education,Chennai,Small,70,6,0,23.36,1,58896.34,4,0,1,12,0
104528,Social Media,Retail,Kolkata,Large,42,1,2,10.26,0,0.0,5,0,0,10,1
104529,Website,Technology,Hyderabad,Medium,102,1,0,54.63,1,72686.82,8,0,0,2,1
104530,Email Campaign,Healthcare,Delhi,Large,26,13,6,24.46,1,127726.68,2,0,1,3,1
104531,Cold Call,Retail,Pune,Small,102,5,3,31.35,1,79356.09,7,1,1,1,1
104532,Referral,Technology,Delhi,Large,8,2,1,28.7,0,0.0,7,0,0,5,0
104533,Social Media,Finance,Pune,Medium,52,4,2,62.89,0,0.0,3,0,0,3,0
104534,Email Campaign,Retail,Chennai,Large,63,8,4,27.24,0,0.0,5,0,0,9,1
104535,Email Campaign,,Bengaluru,Enterprise,31,7,2,31.43,0,0.0,4,1,0,14,1
104536,Website,Finance,Chennai,Large,65,7,2,15.49,1,75095.97,5,0,0,1,1
104537,Social Media,Retail,Hyderabad,Large,109,4,2,12.42,0,0.0,2,0,0,5,1
104538,Cold Call,Manufacturing,Delhi,Small,54,3,4,8.26,0,0.0,1,1,0,1,1
104539,Website,Healthcare,Bengaluru,Small,65,6,0,32.98,0,0.0,3,0,0,2,0
104540,Referral,Education,Mumbai,Medium,115,5,2,17.86,0,0.0,4,0,0,1,0
104541,Website,Education,Delhi,Small,111,5,4,15.3,0,0.0,7,0,1,10,1
104542,Website,Healthcare,Pune,Large,2,6,3,14.35,1,44676.55,4,0,0,14,1
104543,Partner,Technology,Pune,Large,88,2,2,22.36,0,0.0,2,1,0,11,0
104544,Email Campaign,Manufacturing,Chennai,Medium,103,2,2,10.73,0,0.0,3,1,0,11,0
104545,Referral,Finance,Mumbai,Small,114,3,2,27.77,0,0.0,3,0,0,3,1
104546,Referral,Manufacturing,Pune,Large,97,2,2,6.27,0,0.0,1,0,0,13,1
104547,Partner,Retail,Kolkata,Medium,10,5,1,40.18,0,0.0,7,1,0,9,0
104548,Referral,Finance,Pune,Medium,92,5,2,2.87,0,0.0,1,0,0,15,1
104549,Cold Call,Healthcare,Bengaluru,Medium,102,5,2,9.09,0,0.0,6,0,0,6,0
104550,Referral,Healthcare,Hyderabad,Small,63,4,1,25.43,0,0.0,2,1,0,11,0
104551,Website,Education,Pune,Large,3,5,0,27.24,0,0.0,5,0,0,8,0
104552,Social Media,Technology,Chennai,Small,23,4,3,27.64,1,21115.49,6,0,1,8,0
104553,Website,Education,Chennai,Medium,34,6,1,9.14,1,179085.63,4,0,1,2,1
104554,Social Media,Technology,Delhi,Small,104,3,2,2.2,0,0.0,1,0,0,8,1
104555,Referral,Manufacturing,Delhi,Small,16,3,0,57.19,0,0.0,2,0,0,3,0
104556,Cold Call,Education,Bengaluru,Small,90,6,3,15.48,1,103238.27,2,0,1,12,1
104557,Cold Call,Finance,Pune,Small,22,6,4,24.33,0,0.0,2,0,0,11,0
104558,Cold Call,Technology,Delhi,Large,100,9,3,7.64,1,189308.22,1,0,1,14,1
104559,Website,Manufacturing,Delhi,Large,2,5,3,18.28,1,159879.76,3,1,1,7,1
104560,Social Media,Manufacturing,Hyderabad,Small,29,2,3,4.77,1,71507.99,7,1,0,13,0
104561,Partner,Finance,Pune,Small,13,2,2,11.52,0,0.0,3,0,1,14,0
104562,Website,Healthcare,Mumbai,Large,67,8,1,32.87,0,0.0,10,0,1,8,1
104563,Referral,Manufacturing,Bengaluru,Small,94,5,1,3.05,1,131311.8,2,0,0,15,0
104564,Cold Call,Technology,Bengaluru,Medium,50,3,2,70.56,0,0.0,2,0,0,12,0
104565,,Retail,Delhi,Small,65,5,2,7.78,1,71901.96,4,0,0,5,1
104566,Social Media,Healthcare,Chennai,Medium,77,6,1,11.64,0,0.0,2,0,0,8,0
104567,Cold Call,Technology,Bengaluru,Enterprise,55,5,2,17.93,1,217610.2,5,1,0,2,0
104568,Website,Manufacturing,Delhi,Small,91,6,2,87.7,1,210973.0,4,1,1,6,1
104569,Email Campaign,Finance,Pune,Enterprise,35,3,0,16.49,0,0.0,5,0,0,6,0
104570,Email Campaign,Education,Mumbai,Large,21,3,1,31.03,1,,7,1,0,5,0
104571,Referral,Retail,Pune,Enterprise,23,5,1,8.64,0,0.0,5,0,0,6,0
104572,Cold Call,Healthcare,Bengaluru,Large,21,6,2,16.27,0,0.0,5,0,0,1,1
104573,Website,Healthcare,Hyderabad,Large,5,7,4,19.32,0,0.0,2,0,0,7,1
104574,Referral,Finance,Mumbai,Medium,6,4,0,5.7,1,32822.17,7,1,1,4,1
104575,Cold Call,Manufacturing,Hyderabad,Large,7,5,1,9.02,0,0.0,2,0,0,4,1
104576,Website,Retail,Kolkata,Small,19,7,4,10.85,0,0.0,9,0,0,11,0
104577,Cold Call,Manufacturing,Mumbai,Large,77,3,1,19.88,0,0.0,2,0,0,14,0
104578,Website,Healthcare,Hyderabad,Medium,29,5,2,21.33,0,0.0,3,0,0,3,0
104579,Email Campaign,Finance,Bengaluru,Small,71,6,2,27.94,1,21480.33,4,0,1,9,0
104580,Website,Technology,Hyderabad,Small,9,3,2,7.61,1,38309.88,3,0,1,14,1
104581,Social Media,Manufacturing,Hyderabad,Small,97,3,0,40.61,0,0.0,6,1,0,10,0
104582,Cold Call,Healthcare,Pune,Medium,43,5,3,36.73,1,35193.93,2,0,1,2,1
104583,Cold Call,Healthcare,Mumbai,Small,53,2,0,11.9,0,0.0,3,0,0,12,0
104584,Partner,Healthcare,Hyderabad,Small,82,3,1,16.84,1,97296.19,1,0,1,1,0
104585,Social Media,Healthcare,Hyderabad,Small,120,7,3,11.7,0,0.0,4,0,0,10,0
104586,Cold Call,Retail,Delhi,Medium,96,3,5,9.4,0,0.0,5,0,0,8,0
104587,Email Campaign,Retail,Bengaluru,Small,49,5,3,12.44,0,0.0,2,0,0,8,0
104588,Partner,Education,Pune,Small,42,4,2,19.75,1,25386.65,4,0,0,4,0
104589,Social Media,Technology,Hyderabad,Medium,41,8,2,16.5,0,0.0,5,0,0,14,0
104590,Partner,Retail,Hyderabad,Medium,11,8,0,41.39,0,0.0,3,1,0,2,1
104591,Website,Technology,Kolkata,Small,41,3,2,15.61,1,21685.83,4,0,1,15,1
104592,Email Campaign,Manufacturing,Pune,Enterprise,92,6,3,9.21,0,0.0,4,0,0,1,0
104593,Cold Call,Retail,Mumbai,Medium,34,2,2,18.26,1,69275.95,5,0,0,5,1
104594,Website,Healthcare,Kolkata,Small,47,9,0,29.18,1,30013.57,5,0,1,8,0
104595,Website,Manufacturing,Bengaluru,Medium,9,6,4,66.55,1,36533.25,9,0,1,8,1
104596,Partner,Healthcare,Hyderabad,Large,31,4,3,20.25,1,55614.93,2,0,1,4,0
104597,Email Campaign,Technology,Chennai,Medium,9,4,3,19.55,0,0.0,0,0,0,5,1
104598,Website,Healthcare,Kolkata,Small,57,2,1,15.55,0,0.0,5,0,0,9,0
104599,Referral,Technology,Kolkata,Medium,36,3,1,28.06,1,162317.31,2,0,0,1,1
104600,Referral,Education,Mumbai,Medium,117,8,5,12.65,1,123309.09,6,0,0,3,1
104601,Social Media,Manufacturing,Mumbai,Medium,71,6,2,37.94,1,79252.73,2,0,0,6,1
104602,Partner,Manufacturing,Pune,Enterprise,45,8,2,28.3,1,212377.41,5,0,1,1,1
104603,Partner,Manufacturing,Chennai,Enterprise,65,4,2,113.02,0,0.0,2,0,0,2,0
104604,Social Media,Manufacturing,Delhi,Medium,116,8,3,22.77,0,0.0,3,0,1,1,1
104605,Social Media,Healthcare,Hyderabad,Small,22,4,1,25.97,0,0.0,4,0,0,13,0
104606,Referral,Technology,Delhi,Medium,31,1,2,16.85,0,0.0,2,0,0,2,1
104607,Cold Call,Finance,Delhi,Enterprise,66,8,0,27.01,1,170454.46,3,0,1,3,1
104608,Website,Education,Bengaluru,Enterprise,13,3,1,23.08,0,0.0,4,0,0,12,0
104609,Website,Education,Hyderabad,Small,63,3,4,67.68,1,48587.38,9,0,1,7,0
104610,Partner,Manufacturing,Pune,Small,19,2,0,14.33,0,0.0,6,1,0,7,0
104611,Cold Call,Technology,Mumbai,Small,104,6,5,12.39,1,36031.65,5,0,1,10,0
104612,Referral,Technology,Mumbai,Large,93,10,6,16.95,1,73829.31,2,0,1,10,1
104613,Social Media,Manufacturing,Chennai,Medium,6,4,1,5.58,0,0.0,2,0,0,7,0
104614,Email Campaign,Technology,Bengaluru,Medium,65,2,0,25.69,0,0.0,7,0,0,14,0
104615,Referral,Retail,Bengaluru,Medium,26,5,0,20.27,0,0.0,3,1,0,4,0
104616,Referral,Finance,Pune,Small,70,5,1,29.02,0,0.0,2,1,0,4,0
104617,Website,Finance,Chennai,Large,66,4,3,12.91,0,0.0,2,0,0,8,1
104618,Email Campaign,Retail,Hyderabad,Medium,117,4,1,13.15,1,99102.9,2,0,0,14,1
104619,Email Campaign,Education,Pune,Small,22,5,4,21.96,1,18955.56,1,1,1,14,1
104620,Email Campaign,Manufacturing,Hyderabad,Large,61,7,2,21.29,1,471985.2,3,0,1,12,0
104621,Website,Healthcare,Delhi,Medium,116,4,1,11.81,0,0.0,5,1,1,1,0
104622,Partner,Healthcare,Kolkata,Large,15,3,4,29.12,1,102825.62,4,0,1,11,1
104623,Social Media,Education,Delhi,Large,31,7,3,25.5,1,117095.67,3,0,0,3,1
104624,Partner,Retail,Bengaluru,Small,87,1,0,11.75,0,0.0,2,0,0,14,0
104625,Website,Healthcare,Bengaluru,Small,13,0,0,17.01,1,48658.26,3,0,0,2,1
104626,Social Media,Retail,Chennai,Small,25,7,1,34.45,1,34546.24,4,0,1,2,1
104627,Cold Call,Technology,Bengaluru,Large,115,5,4,8.53,1,68521.76,1,0,1,8,0
104628,Referral,Technology,Mumbai,Enterprise,70,6,2,7.74,0,0.0,11,1,0,9,1
104629,Website,Manufacturing,Pune,Medium,7,5,3,41.86,1,14618.78,3,0,1,6,0
104630,Referral,Retail,Pune,Large,103,5,0,21.93,1,286567.02,2,0,1,8,1
104631,Referral,Technology,Mumbai,Large,63,7,1,22.43,0,0.0,3,0,0,11,0
104632,Email Campaign,Finance,Kolkata,Enterprise,58,7,5,13.96,0,0.0,5,0,1,10,0
104633,Referral,Education,Hyderabad,Medium,120,4,0,23.46,1,117277.34,4,0,0,11,1
104634,Referral,Retail,Delhi,Small,38,2,1,12.93,1,71447.9,4,0,0,4,0
104635,,Retail,Hyderabad,Large,46,4,1,23.73,1,135463.24,3,0,1,9,0
104636,Website,Technology,Chennai,Large,70,8,3,10.7,0,0.0,6,1,1,2,0
104637,Referral,Education,Pune,Large,29,4,2,43.63,0,0.0,3,1,0,4,0
104638,Social Media,Education,Delhi,Large,16,3,1,26.4,0,0.0,6,0,0,15,0
104639,Website,Healthcare,Delhi,Medium,17,5,3,19.18,1,19306.96,6,0,0,1,1
104640,Website,Finance,Mumbai,Large,37,8,1,13.49,1,112792.2,6,0,1,7,0
104641,Website,Retail,Bengaluru,Small,10,3,2,27.07,0,0.0,4,0,0,8,0
104642,Website,Manufacturing,Delhi,Medium,61,7,0,10.65,1,77077.08,2,0,1,4,0
104643,Email Campaign,Manufacturing,Pune,Small,120,5,0,15.24,0,0.0,3,0,0,1,1
104644,Website,Education,Delhi,Small,31,2,0,51.42,0,0.0,8,1,0,2,1
104645,Referral,Retail,Chennai,Small,5,4,2,13.23,1,51494.52,2,0,1,11,0
104646,Partner,Finance,Pune,Large,5,6,3,20.71,1,77066.37,4,0,0,9,1
104647,Partner,Healthcare,Hyderabad,Large,20,3,2,6.82,1,115868.15,1,0,0,9,1
104648,Website,Manufacturing,Hyderabad,Medium,71,7,3,31.53,0,0.0,4,0,0,3,0
104649,Referral,Finance,Pune,Medium,57,4,1,50.54,1,49079.89,4,0,0,9,0
104650,Email Campaign,Technology,Mumbai,Small,49,3,3,26.57,0,0.0,4,0,0,3,1
104651,Cold Call,Retail,Chennai,Medium,91,4,3,48.86,1,23156.41,4,1,0,5,1
104652,Cold Call,Healthcare,Delhi,Small,47,6,1,8.49,1,155028.68,1,0,1,15,1
104653,Website,Manufacturing,Kolkata,Medium,74,4,0,87.2,0,0.0,5,0,1,7,0
104654,Website,Technology,Hyderabad,Enterprise,120,3,2,22.54,0,0.0,4,0,0,1,1
104655,Referral,Finance,Hyderabad,Medium,21,6,3,8.84,1,104819.45,2,0,0,9,0
104656,Cold Call,Finance,Bengaluru,Large,14,9,3,6.96,0,0.0,8,0,0,3,1
104657,Partner,Retail,Chennai,Large,27,5,2,38.47,0,0.0,3,1,0,1,1
104658,Website,Manufacturing,Pune,Small,19,3,1,36.06,1,61489.29,4,0,0,11,0
104659,Email Campaign,Healthcare,Pune,Medium,100,6,2,4.88,1,34640.31,8,1,0,10,1
104660,Website,Healthcare,Bengaluru,Small,106,3,0,30.78,1,35878.38,4,0,0,4,0
104661,Social Media,Technology,Mumbai,Medium,68,8,2,13.07,1,54052.62,6,1,0,12,0
104662,Partner,Retail,Bengaluru,Large,16,6,4,46.57,1,153131.9,0,0,0,3,1
104663,Email Campaign,Education,Kolkata,Medium,103,3,2,10.71,0,0.0,6,0,0,8,0
104664,Website,Manufacturing,Delhi,Medium,111,8,2,27.93,0,0.0,8,0,0,9,0
104665,Email Campaign,Technology,Pune,Small,49,6,3,87.99,0,0.0,3,0,0,2,0
104666,Referral,Retail,Kolkata,Medium,81,6,0,10.92,1,61049.16,2,0,0,11,0
104667,Cold Call,Finance,Delhi,Enterprise,74,6,1,9.65,1,235783.26,3,0,0,8,1
104668,Referral,Technology,Kolkata,Medium,64,4,0,72.07,0,0.0,2,0,0,7,1
104669,Cold Call,Technology,Chennai,Large,43,2,1,,0,0.0,1,0,0,12,0
104670,Referral,Technology,Kolkata,Small,34,2,0,13.59,0,0.0,4,0,0,12,0
104671,Website,Technology,Mumbai,Small,34,7,4,11.35,1,18620.13,4,0,0,8,1
104672,Referral,Manufacturing,Kolkata,Medium,44,7,1,33.93,1,63845.46,6,0,1,13,1
104673,Website,Finance,Hyderabad,Enterprise,92,4,1,,0,0.0,2,0,0,1,0
104674,Referral,Manufacturing,Mumbai,Small,100,4,1,14.68,0,0.0,3,1,0,10,0
104675,Social Media,Education,Mumbai,Large,14,7,3,14.22,1,91260.87,0,0,1,5,1
104676,Website,Retail,Chennai,Small,7,4,1,17.87,0,0.0,3,1,1,9,0
104677,Website,Healthcare,Pune,Medium,58,5,1,21.27,0,0.0,9,1,0,10,0
104678,Website,Manufacturing,Hyderabad,Medium,93,6,3,35.1,1,40606.7,6,0,1,13,1
104679,Website,Technology,Pune,Medium,68,8,5,7.61,0,0.0,7,0,1,9,1
104680,Cold Call,Healthcare,Hyderabad,Small,100,6,2,17.84,1,20874.16,4,0,0,1,0
104681,Partner,Healthcare,Kolkata,Small,86,3,3,47.26,0,0.0,2,1,0,15,0
104682,Website,Manufacturing,Delhi,Large,85,5,3,19.42,1,199182.21,5,0,1,8,1
104683,Cold Call,Manufacturing,Chennai,Medium,65,3,0,35.69,0,0.0,2,0,0,2,0
104684,Cold Call,Manufacturing,Hyderabad,Small,7,2,4,18.32,1,51220.04,2,0,0,2,0
104685,Partner,Retail,Delhi,Medium,22,5,6,19.39,0,0.0,5,0,0,1,0
104686,Referral,Healthcare,Mumbai,Small,90,3,0,38.36,1,36941.6,2,0,1,4,1
104687,Referral,Manufacturing,Bengaluru,Medium,38,2,1,16.42,1,68482.58,2,0,1,5,1
104688,Email Campaign,Manufacturing,Hyderabad,Medium,87,3,0,21.94,1,116688.48,5,1,1,15,0
104689,Cold Call,Healthcare,Hyderabad,Small,41,2,2,30.87,0,0.0,1,0,0,13,0
104690,Cold Call,Education,Hyderabad,Medium,2,6,3,8.26,1,45934.5,2,0,1,1,0
104691,Email Campaign,Manufacturing,Pune,Medium,82,6,2,20.55,1,35878.24,3,0,1,6,1
104692,Website,Healthcare,Hyderabad,Enterprise,108,1,1,19.41,0,0.0,5,0,0,5,0
104693,Cold Call,Technology,Delhi,Large,54,7,3,27.64,1,120012.71,6,0,1,7,1
104694,Cold Call,Technology,Kolkata,Medium,16,3,2,51.33,0,0.0,2,0,0,3,0
104695,Referral,Manufacturing,Hyderabad,Large,50,5,5,14.67,1,151713.16,2,1,0,5,1
104696,Social Media,Technology,Pune,Small,116,7,2,33.53,0,0.0,2,0,0,9,0
104697,Referral,Healthcare,Pune,Large,39,8,3,33.99,1,139874.78,4,0,1,8,1
104698,Email Campaign,Retail,Pune,Small,9,5,4,16.44,0,0.0,6,1,0,13,1
104699,Email Campaign,Manufacturing,Kolkata,Small,93,4,1,17.16,0,0.0,1,0,0,14,0
104700,Cold Call,Manufacturing,Pune,Medium,29,7,0,17.01,0,0.0,4,0,0,6,0
104701,Partner,Manufacturing,Bengaluru,Small,5,5,0,8.33,0,0.0,2,0,0,13,0
104702,Email Campaign,Finance,Kolkata,Large,83,6,2,24.52,1,77635.25,1,0,0,13,0
104703,Referral,Technology,Kolkata,Medium,41,5,1,24.19,1,81223.8,1,0,1,6,1
104704,Referral,Retail,Chennai,Small,17,4,0,22.97,1,73654.13,4,0,0,7,0
104705,Website,Technology,Delhi,Medium,7,2,1,39.99,0,0.0,6,0,0,10,0
104706,Referral,Retail,Delhi,Medium,23,5,1,9.23,1,248539.85,3,0,0,14,1
104707,Website,Education,Pune,Large,18,5,4,12.75,0,0.0,4,0,0,12,0
104708,Referral,Healthcare,Kolkata,Large,2,6,1,2.77,0,0.0,3,0,0,13,0
104709,Website,Retail,Kolkata,Medium,45,7,0,21.41,1,74724.46,3,0,0,12,1
104710,Referral,Retail,Pune,Large,100,4,2,10.98,1,6117.15,4,0,1,3,0
104711,Cold Call,Manufacturing,Delhi,Medium,48,4,1,23.8,0,0.0,3,0,1,4,0
104712,Website,Healthcare,Chennai,Small,5,6,2,4.63,0,0.0,7,0,0,14,0
104713,Social Media,Healthcare,Mumbai,Medium,106,5,3,20.75,0,0.0,2,0,0,7,1
104714,Partner,Technology,Bengaluru,Small,76,5,5,25.78,1,33175.09,2,0,1,3,0
104715,Email Campaign,Retail,Mumbai,Small,116,5,1,18.33,0,0.0,3,0,0,5,0
104716,Website,Finance,Pune,Small,70,1,0,15.29,0,0.0,2,0,0,8,0
104717,Referral,Healthcare,Kolkata,Large,58,2,1,11.22,1,235117.47,1,0,0,9,1
104718,Social Media,Manufacturing,Kolkata,Enterprise,62,6,1,60.16,0,0.0,6,0,1,3,0
104719,Email Campaign,Technology,Hyderabad,Enterprise,1,4,2,,0,0.0,1,0,1,4,0
104720,Website,Retail,Mumbai,Medium,46,5,4,65.43,0,0.0,6,0,0,6,0
104721,Email Campaign,Technology,Delhi,Medium,54,10,2,17.59,1,88241.99,4,0,0,4,0
104722,Email Campaign,Finance,Bengaluru,,36,7,1,38.75,0,0.0,2,0,0,15,0
104723,Referral,Technology,Pune,Medium,101,2,0,25.55,0,0.0,3,0,0,1,0
104724,Social Media,Technology,Bengaluru,Medium,115,2,0,27.32,0,0.0,1,1,0,12,1
104725,Website,Education,Bengaluru,Small,58,4,0,9.22,0,0.0,5,0,0,5,0
104726,Referral,Education,Pune,Medium,95,4,1,5.26,0,0.0,2,0,0,9,1
104727,Cold Call,Retail,Hyderabad,Large,27,9,0,51.88,0,0.0,2,0,0,5,0
104728,Referral,Retail,Delhi,Medium,111,4,1,39.57,0,0.0,2,0,0,15,0
104729,Social Media,Manufacturing,Mumbai,Small,85,3,3,8.02,0,0.0,5,0,0,15,0
104730,Referral,Education,Bengaluru,Large,89,7,0,68.29,1,221370.63,3,0,0,6,0
104731,Referral,Healthcare,Mumbai,Medium,72,6,3,6.24,0,0.0,5,0,0,1,0
104732,Partner,Technology,Chennai,Small,100,7,3,21.81,1,66497.27,4,0,0,3,0
104733,Referral,Retail,Kolkata,Medium,65,4,2,10.7,0,0.0,3,0,0,11,0
104734,Website,Education,Pune,Enterprise,116,7,0,13.5,1,444609.99,4,0,1,13,1
104735,Partner,Finance,Bengaluru,Medium,80,5,0,58.62,1,174601.93,3,0,0,1,0
104736,Cold Call,Healthcare,Pune,Medium,55,3,2,7.28,0,0.0,3,0,0,1,0
104737,Social Media,Finance,Pune,Medium,26,2,1,21.25,0,0.0,2,0,0,8,1
104738,Website,Finance,Pune,Enterprise,109,8,0,4.87,0,0.0,4,0,0,13,0
104739,Website,Retail,Delhi,Medium,7,12,4,8.53,1,190886.1,5,1,0,12,1
104740,Social Media,Finance,Pune,Small,6,4,3,32.71,1,86454.4,3,0,0,1,1
104741,Website,Education,Pune,Medium,4,3,0,13.86,1,70978.17,3,0,0,15,0
104742,Website,Manufacturing,Delhi,Large,13,5,4,,0,0.0,7,0,0,5,0
104743,Cold Call,Technology,Pune,Small,30,4,2,8.31,1,27370.67,4,0,1,4,0
104744,Referral,Manufacturing,Hyderabad,Small,59,5,3,45.05,1,67339.1,5,0,1,6,1
104745,Website,Manufacturing,Chennai,Small,34,10,2,8.85,0,0.0,6,0,1,12,1
104746,Website,Healthcare,Pune,Medium,55,7,5,39.72,1,163515.37,8,0,0,5,1
104747,Email Campaign,Healthcare,Delhi,Medium,54,2,0,15.18,0,0.0,2,1,0,10,0
104748,Social Media,Manufacturing,Kolkata,Medium,53,1,2,40.22,1,29770.16,4,0,0,4,0
104749,Cold Call,Healthcare,Bengaluru,Small,8,5,1,81.03,0,0.0,1,1,0,2,0
104750,Website,Technology,Bengaluru,Large,65,7,3,20.52,0,0.0,3,0,1,2,0
104751,Website,Finance,Mumbai,Small,36,8,0,72.35,0,0.0,6,0,0,7,0
104752,Email Campaign,Finance,Mumbai,Large,65,7,3,38.02,1,84353.98,5,0,1,1,1
104753,Referral,Retail,Chennai,Small,8,6,4,20.97,0,0.0,1,0,0,9,0
104754,Email Campaign,Technology,Bengaluru,Enterprise,105,5,1,6.74,1,262596.77,3,0,1,12,1
104755,Partner,Retail,Bengaluru,Medium,87,4,3,12.08,1,72131.32,2,0,1,9,0
104756,Email Campaign,Healthcare,Delhi,Medium,42,5,0,24.39,1,63864.88,4,0,0,7,0
104757,Referral,Manufacturing,Kolkata,Small,44,4,1,17.96,0,0.0,3,1,0,3,1
104758,Partner,Healthcare,Pune,Small,38,4,0,29.04,1,39157.05,4,0,0,3,0
104759,Website,Education,Kolkata,Large,119,8,2,29.06,1,141362.82,4,0,1,2,1
104760,Partner,Education,Mumbai,Medium,85,1,1,10.58,0,0.0,0,0,0,2,0
104761,Email Campaign,Technology,Pune,Large,56,6,3,12.19,0,0.0,6,0,0,9,0
104762,Email Campaign,Retail,Mumbai,Medium,78,6,1,52.24,1,37684.9,3,0,0,5,0
104763,Partner,Technology,Chennai,Medium,8,5,1,11.69,0,0.0,2,0,0,10,0
104764,Email Campaign,Manufacturing,Hyderabad,Large,100,3,0,8.02,0,0.0,3,1,0,6,1
104765,Email Campaign,Retail,Chennai,Medium,72,4,1,11.24,0,0.0,5,0,0,5,0
104766,Referral,Finance,Delhi,Large,38,3,0,32.45,0,0.0,4,0,0,7,0
104767,Social Media,,Mumbai,Medium,84,1,2,13.59,0,0.0,3,0,0,6,0
104768,Email Campaign,Healthcare,Kolkata,Medium,1,6,2,8.86,0,0.0,3,0,0,2,0
104769,Website,,Pune,Large,59,7,2,18.57,0,0.0,6,0,0,1,0
104770,Social Media,Manufacturing,Kolkata,Small,114,4,0,20.27,0,0.0,2,0,0,15,1
104771,Social Media,Technology,Hyderabad,Small,92,2,2,13.47,1,37762.57,2,0,0,2,1
104772,Referral,Finance,Delhi,Small,6,6,2,28.52,1,46400.23,7,1,1,5,1
104773,Website,Healthcare,Chennai,Medium,71,4,2,23.58,0,0.0,6,1,0,7,0
104774,Email Campaign,Retail,Mumbai,Medium,82,4,0,21.45,0,0.0,0,0,0,7,1
104775,Website,Technology,Hyderabad,Small,64,6,5,,0,0.0,10,0,1,12,0
104776,Website,Finance,Hyderabad,Small,39,5,1,7.09,1,71577.34,1,0,0,11,1
104777,Email Campaign,Education,Pune,Medium,82,7,3,36.76,0,0.0,4,0,0,10,0
104778,Website,Healthcare,Hyderabad,Small,51,0,1,32.48,0,0.0,5,0,0,5,1
104779,Referral,Manufacturing,Chennai,Small,114,7,0,17.2,1,9221.81,2,0,1,15,0
104780,Social Media,Healthcare,Kolkata,Small,101,5,5,29.46,0,0.0,2,0,0,2,0
104781,Referral,Healthcare,Delhi,Large,110,3,1,33.71,1,141158.15,1,0,0,5,1
104782,Partner,Retail,Delhi,Large,51,6,1,13.08,1,218783.94,9,0,1,6,1
104783,Partner,Finance,Delhi,Small,82,5,2,38.53,0,0.0,3,0,0,6,0
104784,Social Media,Finance,Hyderabad,Small,18,2,3,14.03,0,0.0,3,0,0,9,0
104785,Partner,Education,Delhi,Small,91,4,1,20.55,1,136886.12,3,0,0,1,0
104786,Cold Call,Manufacturing,Mumbai,Medium,91,3,0,45.09,0,0.0,4,0,0,13,0
104787,Referral,Manufacturing,Delhi,Medium,94,8,3,34.7,1,34670.0,4,0,0,3,0
104788,Cold Call,Technology,Pune,Enterprise,3,6,1,12.16,0,0.0,6,0,0,6,0
104789,Website,Technology,Delhi,Large,55,6,1,24.86,1,61638.33,4,0,1,9,0
104790,Social Media,Technology,Chennai,Medium,33,7,1,11.08,1,74214.9,4,0,0,14,0
104791,Email Campaign,Education,Pune,Small,110,4,1,17.36,1,67218.47,4,0,0,9,0
104792,Website,Manufacturing,Bengaluru,Large,65,5,0,21.17,1,79865.1,7,0,1,9,0
104793,Referral,Healthcare,Delhi,Enterprise,74,8,1,6.56,1,316851.69,4,0,0,4,1
104794,Partner,Education,Delhi,Small,53,6,0,11.66,0,0.0,8,1,1,11,1
104795,Referral,Technology,Delhi,Large,14,5,2,13.7,1,100663.16,1,0,0,9,1
104796,Website,Healthcare,Kolkata,Small,75,3,2,26.56,1,43273.88,9,0,1,1,1
104797,Website,Technology,Chennai,Large,74,3,1,7.1,1,49273.6,7,0,0,7,1
104798,Email Campaign,Finance,Bengaluru,Small,46,3,2,4.78,0,0.0,3,0,0,14,0
104799,Cold Call,Education,Hyderabad,Medium,76,5,0,16.42,0,0.0,2,0,0,13,0
104800,Cold Call,Manufacturing,Delhi,Small,47,3,3,48.05,0,0.0,3,1,1,4,0
104801,Email Campaign,Technology,Bengaluru,Medium,80,6,2,18.72,1,48429.94,6,0,1,12,0
104802,Website,Finance,Kolkata,,42,10,2,121.87,1,79420.72,6,0,0,5,1
104803,Website,Retail,Delhi,Medium,93,2,2,13.68,0,0.0,5,0,0,12,0
104804,Email Campaign,Technology,Bengaluru,Large,107,4,3,16.85,1,209380.16,1,1,1,8,1
104805,Cold Call,Healthcare,Chennai,Small,59,3,0,12.0,1,105985.73,3,0,1,5,0
104806,Cold Call,Retail,Pune,Large,3,9,1,36.18,1,92361.87,3,1,1,15,0
104807,Referral,Finance,Hyderabad,Small,82,2,4,12.76,0,0.0,2,0,0,4,1
104808,Social Media,Finance,Chennai,Large,113,2,3,20.91,0,0.0,2,0,0,6,1
104809,Email Campaign,Technology,Bengaluru,Small,86,5,1,2.79,0,0.0,4,0,0,14,1
104810,Email Campaign,Education,Pune,Medium,43,4,1,53.87,0,0.0,2,0,0,4,0
104811,Email Campaign,Finance,Bengaluru,Medium,68,7,3,38.17,1,124278.92,5,0,0,3,0
104812,Social Media,Retail,Pune,Enterprise,44,8,0,11.77,0,0.0,6,0,0,15,0
104813,Email Campaign,Finance,Chennai,Medium,93,6,1,15.98,1,49228.34,2,0,0,8,0
104814,Partner,Retail,Hyderabad,Small,88,1,1,18.34,0,0.0,4,0,1,13,1
104815,Referral,Technology,Chennai,Large,76,1,1,96.35,1,58095.76,1,0,1,2,0
104816,Website,Technology,Delhi,Small,47,2,2,12.06,0,0.0,3,0,0,10,0
104817,Website,Manufacturing,Delhi,Small,21,6,3,29.29,0,0.0,7,0,1,2,0
104818,Email Campaign,Retail,Hyderabad,Medium,74,4,0,7.7,0,0.0,4,0,1,7,0
104819,Email Campaign,Finance,Bengaluru,Large,41,5,5,42.09,0,0.0,4,0,0,4,1
104820,Email Campaign,Finance,Delhi,Enterprise,109,5,1,43.96,1,137885.62,3,1,1,7,1
104821,Social Media,Education,Kolkata,Enterprise,8,10,6,10.71,1,103703.43,7,0,0,6,0
104822,Referral,Technology,Hyderabad,Small,102,6,1,10.91,1,75086.48,2,0,0,15,0
104823,Social Media,Technology,Kolkata,Small,94,3,1,41.36,0,0.0,3,1,1,10,0
104824,Social Media,Healthcare,Kolkata,Large,62,5,1,26.79,1,148145.7,3,1,1,2,1
104825,Referral,Finance,Kolkata,Small,120,6,1,6.44,1,36502.5,4,1,1,8,1
104826,Referral,Retail,Kolkata,Medium,86,1,0,33.15,0,0.0,4,0,0,12,0
104827,Website,Retail,Pune,Enterprise,6,8,0,13.88,1,201595.83,5,0,1,8,1
104828,Referral,Healthcare,Chennai,Small,48,2,2,7.77,0,0.0,4,1,0,10,0
104829,Cold Call,Retail,Pune,Medium,101,3,2,29.32,1,70318.56,4,0,0,8,0
104830,Partner,Healthcare,Kolkata,Large,94,7,4,68.38,0,0.0,5,0,0,15,0
104831,Social Media,Manufacturing,Pune,Medium,20,2,1,18.03,1,30538.93,1,1,0,10,0
104832,Referral,Technology,Delhi,Enterprise,21,5,1,15.23,0,0.0,3,1,0,9,0
104833,Social Media,,Chennai,Medium,111,5,3,4.37,0,0.0,3,0,0,15,0
104834,Cold Call,Retail,Pune,Medium,6,6,3,8.02,1,43682.26,6,0,0,5,0
104835,Referral,Finance,Bengaluru,Large,114,8,3,3.49,1,247683.6,5,1,1,12,1
104836,Cold Call,Technology,Chennai,Large,65,7,2,8.27,1,206418.57,2,0,0,12,1
104837,Website,Finance,Delhi,Enterprise,97,3,2,11.21,0,0.0,3,0,0,6,0
104838,Website,Retail,Hyderabad,Medium,26,6,1,7.57,1,86966.55,7,0,1,15,1
104839,Website,Technology,Mumbai,Medium,42,6,4,16.85,0,0.0,3,0,1,5,1
104840,Website,Retail,Bengaluru,Medium,88,6,2,13.54,0,0.0,2,0,0,14,0
104841,Cold Call,Manufacturing,Bengaluru,Small,20,4,1,11.03,0,0.0,5,1,0,1,0
104842,Referral,Retail,Pune,Enterprise,13,7,1,18.61,0,0.0,1,0,0,5,1
104843,Referral,Finance,Chennai,Enterprise,74,4,2,31.31,0,0.0,0,0,0,5,0
104844,Referral,Manufacturing,Mumbai,Medium,2,4,4,39.47,1,72715.37,1,0,0,6,0
104845,Referral,Technology,Delhi,Enterprise,113,5,2,25.77,1,106931.88,1,0,0,7,0
104846,Referral,Education,Hyderabad,Medium,82,6,2,39.61,0,0.0,3,1,1,12,0
104847,Website,Retail,Bengaluru,Large,86,4,0,6.58,1,,3,0,0,7,1
104848,Social Media,Technology,Pune,Medium,61,3,1,2.16,1,108318.87,6,1,0,9,0
104849,Website,Manufacturing,Pune,Large,75,9,2,33.28,0,0.0,9,1,0,2,1
104850,Cold Call,Healthcare,Bengaluru,Large,115,8,1,70.73,1,68738.77,2,0,0,1,0
104851,Website,Healthcare,Chennai,Medium,1,6,2,6.77,1,68699.48,3,0,1,6,0
104852,Cold Call,Healthcare,Mumbai,Large,30,2,1,18.42,0,0.0,2,1,0,3,1
104853,Cold Call,Retail,Delhi,Medium,84,4,1,16.57,0,0.0,2,0,0,2,1
104854,Website,Retail,Kolkata,Large,15,4,0,74.88,0,0.0,6,1,0,2,0
104855,Website,Education,Mumbai,Small,30,4,2,28.79,0,0.0,3,0,0,5,0
104856,Partner,Finance,Kolkata,Small,3,2,3,19.43,0,0.0,4,0,0,3,0
104857,Email Campaign,Retail,Chennai,Large,7,3,0,48.05,0,0.0,3,0,0,3,0
104858,Social Media,Retail,Hyderabad,Large,54,4,1,22.95,1,210492.14,1,0,0,5,0
104859,Website,Retail,Bengaluru,Enterprise,80,6,3,12.17,1,205689.79,9,0,1,4,1
104860,Referral,Healthcare,Delhi,Small,13,6,3,30.19,1,39288.93,5,0,0,15,0
104861,Email Campaign,Finance,Pune,Small,118,1,2,5.64,1,37453.06,4,0,1,10,1
104862,Partner,Manufacturing,Hyderabad,Medium,94,7,4,13.24,1,37569.01,2,0,1,11,1
104863,Referral,Finance,Chennai,Large,80,5,2,12.61,0,0.0,4,0,0,11,1
104864,Cold Call,Technology,Delhi,Enterprise,9,8,0,129.77,1,93411.8,8,1,1,1,1
104865,Social Media,Healthcare,Mumbai,Large,63,4,4,5.86,0,0.0,0,1,0,8,0
104866,Website,Finance,Chennai,Medium,111,4,0,7.9,0,0.0,5,0,0,10,1
104867,Referral,Technology,Kolkata,Large,29,5,5,24.59,0,0.0,4,1,0,15,1
104868,Website,Technology,Pune,Small,65,4,0,10.63,0,0.0,8,0,0,7,0
104869,Email Campaign,Retail,Hyderabad,Enterprise,68,6,2,25.41,1,263577.28,1,0,1,5,1
104870,Social Media,Education,Kolkata,Medium,84,4,2,12.46,1,90863.69,3,0,0,12,0
104871,Email Campaign,Healthcare,Pune,Medium,111,8,2,13.13,1,116253.63,1,1,0,3,1
104872,Website,Technology,Chennai,Medium,16,4,2,15.36,1,71625.35,4,0,1,14,0
104873,Social Media,Manufacturing,Chennai,Large,8,6,3,29.5,1,412060.99,7,1,1,6,0
104874,Social Media,Finance,Bengaluru,Small,11,0,0,12.81,0,0.0,6,0,0,1,0
104875,Email Campaign,Education,Chennai,Small,33,3,0,8.33,0,0.0,1,0,0,6,0
104876,Email Campaign,Retail,Delhi,Large,43,3,1,11.02,1,80935.82,7,0,0,15,0
104877,Website,Technology,Pune,Enterprise,106,4,1,12.47,0,0.0,2,0,0,7,0
104878,Social Media,Healthcare,Hyderabad,Medium,63,5,0,35.28,1,70979.51,5,0,1,1,1
104879,Referral,Finance,Pune,Small,90,6,2,21.12,1,19809.16,3,1,1,6,1
104880,Referral,Manufacturing,Delhi,Medium,70,5,1,20.6,1,61559.58,1,0,1,11,1
104881,Website,Technology,Bengaluru,Small,115,4,0,22.98,0,0.0,6,0,0,1,0
104882,Social Media,Manufacturing,Bengaluru,Medium,40,9,4,9.3,1,149395.6,3,0,0,14,1
104883,Social Media,Manufacturing,Pune,Small,81,6,0,43.57,0,0.0,2,0,0,12,0
104884,Referral,Manufacturing,Delhi,Medium,33,7,3,18.55,1,311569.4,6,1,1,12,1
104885,Cold Call,Education,Kolkata,Medium,29,2,0,4.93,1,69319.63,1,0,0,12,0
104886,Cold Call,Technology,Kolkata,Small,118,4,0,29.5,0,0.0,4,0,0,3,0
104887,Website,Healthcare,Chennai,Medium,3,2,1,5.53,0,0.0,6,0,1,13,0
104888,Social Media,Manufacturing,Bengaluru,Medium,33,2,0,27.8,0,0.0,4,0,0,4,0
104889,Referral,Finance,Bengaluru,Small,47,6,3,55.83,0,0.0,1,0,0,3,0
104890,Partner,Technology,Delhi,Small,17,6,2,26.63,0,0.0,2,0,0,1,0
104891,Website,Finance,Pune,Medium,93,4,1,99.07,0,0.0,4,0,0,3,0
104892,Referral,Finance,Hyderabad,Large,44,2,3,8.66,0,0.0,1,0,0,2,0
104893,Email Campaign,Manufacturing,Delhi,Large,56,12,3,25.73,1,273770.16,2,0,1,14,1
104894,Referral,Healthcare,Delhi,Medium,37,6,0,19.29,0,0.0,5,0,0,1,0
104895,Social Media,Retail,Delhi,Large,108,9,4,7.83,0,0.0,3,0,1,10,1
104896,Email Campaign,Education,Delhi,Large,51,3,1,69.89,0,0.0,3,0,0,1,0
104897,Website,Finance,Bengaluru,Large,95,5,1,11.57,1,213158.94,7,0,0,15,1
104898,Email Campaign,Manufacturing,Delhi,Medium,75,6,0,17.41,0,0.0,3,0,0,9,0
104899,Partner,Technology,Kolkata,Small,115,4,2,17.55,0,0.0,3,0,0,8,1
104900,Cold Call,Technology,Chennai,Small,73,6,1,137.75,1,16664.71,1,0,1,2,0
104901,Email Campaign,Technology,Chennai,Medium,119,4,1,23.11,1,121455.51,1,1,1,14,0
104902,Referral,Finance,Chennai,Medium,84,6,2,42.64,1,102308.65,6,0,1,7,1
104903,Website,Finance,Kolkata,Enterprise,8,7,1,12.08,1,183115.03,2,0,1,3,1
104904,Cold Call,Healthcare,Pune,Small,19,4,1,8.25,1,42523.02,1,0,1,11,1
104905,Social Media,Finance,Mumbai,Medium,95,5,4,8.26,0,0.0,4,0,0,15,0
104906,Email Campaign,Technology,Kolkata,Enterprise,6,7,3,17.73,0,0.0,3,0,0,1,1
104907,Cold Call,Retail,Mumbai,Medium,23,6,1,10.12,0,0.0,2,0,0,4,0
104908,Website,Technology,Delhi,Small,95,6,4,13.41,1,39367.77,6,0,0,10,1
104909,Social Media,Manufacturing,Hyderabad,Enterprise,43,10,3,57.84,0,0.0,3,0,0,1,0
104910,Website,Education,Chennai,Medium,27,4,2,16.06,0,0.0,4,0,1,12,0
104911,Website,Retail,Mumbai,Small,24,2,0,4.24,1,79548.19,3,0,1,10,0
104912,Email Campaign,Retail,Bengaluru,Medium,38,8,2,47.29,1,76019.17,5,0,1,9,1
104913,Referral,Retail,Delhi,Small,101,3,1,6.68,1,55140.14,5,0,1,5,1
104914,Partner,Retail,Bengaluru,Large,55,5,1,41.98,1,108534.37,6,0,0,8,0
104915,Referral,Education,Kolkata,Small,115,8,8,21.43,1,38535.16,4,0,1,2,1
104916,Cold Call,Education,Bengaluru,Large,86,3,0,100.88,0,0.0,1,0,0,11,0
104917,Cold Call,Healthcare,Pune,Small,33,5,2,54.07,0,0.0,4,0,0,10,0
104918,Social Media,Retail,Delhi,Enterprise,20,7,1,28.53,0,0.0,1,0,0,8,0
104919,Partner,Manufacturing,Hyderabad,Small,114,9,4,14.92,1,38403.99,2,1,1,12,1
104920,Referral,Technology,Hyderabad,Enterprise,109,9,3,50.82,0,0.0,2,0,1,8,1
104921,Referral,Healthcare,Pune,Small,15,4,2,20.7,0,0.0,1,0,0,7,1
104922,Website,Retail,Delhi,Large,39,6,1,21.93,1,91062.45,4,0,1,13,1
104923,Referral,Retail,Chennai,Large,90,3,5,15.57,0,0.0,6,0,0,15,0
104924,Cold Call,Finance,Delhi,Medium,118,3,1,9.16,1,156620.73,2,0,0,13,1
104925,Email Campaign,Finance,Pune,Small,109,3,0,22.98,0,0.0,4,0,0,8,0
104926,Referral,Technology,Delhi,Medium,35,2,1,11.2,0,0.0,2,0,0,6,0
104927,Website,Healthcare,Hyderabad,Medium,108,7,4,38.87,0,0.0,7,0,1,2,1
104928,Email Campaign,Education,Bengaluru,Medium,88,4,2,18.72,0,0.0,2,0,0,7,0
104929,Social Media,Education,Kolkata,Medium,56,6,4,10.07,1,,5,0,0,13,1
104930,Referral,Finance,Chennai,Enterprise,46,8,3,9.15,0,0.0,2,0,0,13,1
104931,Cold Call,Finance,Pune,Enterprise,98,7,1,76.04,0,0.0,1,0,0,2,0
104932,Social Media,Manufacturing,Delhi,Medium,101,5,4,8.04,0,0.0,6,1,0,9,0
104933,Cold Call,,Mumbai,Small,110,2,0,19.93,0,0.0,1,0,0,11,0
104934,Referral,Healthcare,Kolkata,Small,56,6,3,7.0,0,0.0,5,0,0,11,0
104935,,Finance,Delhi,Large,33,2,1,19.3,0,0.0,3,1,1,14,0
104936,Website,Technology,Bengaluru,Enterprise,105,4,3,18.11,1,627493.78,4,0,1,2,1
104937,Referral,Manufacturing,Delhi,Medium,37,6,3,19.9,0,0.0,4,0,0,7,0
104938,Cold Call,Retail,Hyderabad,Small,91,6,2,17.05,0,0.0,7,0,0,2,0
104939,Social Media,Finance,Pune,Medium,62,1,1,3.71,1,44378.33,6,0,0,11,0
104940,Website,Education,Pune,Medium,71,4,2,23.02,0,0.0,5,0,0,8,1
104941,Cold Call,Retail,Bengaluru,Enterprise,26,5,0,22.71,0,0.0,4,0,0,7,0
104942,Website,Education,Hyderabad,Large,30,6,5,6.96,0,0.0,3,0,0,13,0
104943,Social Media,Healthcare,Pune,Small,79,2,3,15.38,1,105624.74,3,0,0,13,0
104944,Partner,Healthcare,Kolkata,Medium,32,4,0,24.78,0,0.0,5,0,0,5,0
104945,Email Campaign,Education,Mumbai,Small,81,5,4,19.32,1,70377.47,3,0,0,13,0
104946,Cold Call,,Kolkata,Large,119,2,2,14.23,0,0.0,2,0,1,15,0
104947,Social Media,Education,Mumbai,Large,10,5,2,14.49,1,54293.89,3,0,1,1,1
104948,Cold Call,Manufacturing,Kolkata,Small,112,2,1,26.72,1,87494.28,3,0,0,12,0
104949,Social Media,Healthcare,Kolkata,Medium,21,5,4,28.89,1,79285.77,2,0,1,2,0
104950,Social Media,Technology,Hyderabad,Enterprise,17,4,3,3.93,0,0.0,3,0,0,12,1
104951,Website,Finance,Kolkata,Large,101,6,2,11.64,0,0.0,5,0,0,11,1
104952,Cold Call,Education,Chennai,Medium,25,3,0,23.27,1,88273.19,6,0,1,13,0
104953,Website,Finance,Delhi,Medium,78,2,2,57.11,0,0.0,2,0,0,9,0
104954,Partner,,Mumbai,Enterprise,13,5,1,24.43,0,0.0,3,0,0,4,1
104955,Website,Education,Mumbai,Large,11,4,1,6.5,1,,2,0,0,11,1
104956,Website,Education,Chennai,Enterprise,25,5,0,6.27,1,410284.34,8,0,1,5,1
104957,Cold Call,Education,Chennai,Small,63,2,2,25.19,0,0.0,2,1,0,1,0
104958,Website,Healthcare,Kolkata,Small,35,3,0,20.32,1,36085.06,6,0,1,2,1
104959,Referral,Healthcare,Delhi,Small,27,1,2,18.26,0,0.0,0,0,0,14,1
104960,Social Media,Education,Mumbai,Large,101,6,1,8.94,0,0.0,3,0,0,6,0
104961,Website,Technology,Chennai,Large,21,10,2,25.78,1,367128.0,4,0,1,3,1
104962,Website,Technology,Chennai,Small,12,6,1,22.35,0,0.0,3,0,0,1,1
104963,Email Campaign,Education,Delhi,Enterprise,14,3,2,12.33,0,0.0,3,0,0,1,0
104964,Website,Retail,Delhi,Enterprise,106,12,4,46.61,0,0.0,5,0,1,12,1
104965,Website,Healthcare,Bengaluru,Small,58,4,2,41.79,0,0.0,4,0,0,2,0
104966,Website,Technology,Chennai,Medium,117,5,0,13.44,0,0.0,6,1,0,13,1
104967,Referral,Healthcare,Delhi,Large,97,4,3,6.73,0,0.0,5,0,0,9,1
104968,Referral,Education,Bengaluru,Small,34,5,1,29.74,0,0.0,3,0,0,4,0
104969,Website,Retail,Bengaluru,Large,95,11,4,8.77,1,119798.53,12,1,1,14,1
104970,Social Media,Finance,Mumbai,Small,55,6,6,28.65,0,0.0,2,0,0,8,1
104971,Social Media,Healthcare,Hyderabad,Enterprise,68,7,1,25.93,0,0.0,3,0,0,6,1
104972,Website,Education,Delhi,Large,64,7,4,7.77,0,0.0,5,1,0,11,0
104973,Referral,Education,Hyderabad,Enterprise,91,4,0,16.26,1,276042.51,3,0,0,10,0
104974,Cold Call,Finance,Bengaluru,Large,25,5,4,30.36,0,0.0,0,0,1,12,0
104975,Social Media,Retail,Hyderabad,Small,8,2,2,5.52,0,0.0,2,0,0,10,0
104976,Referral,Finance,Chennai,Medium,88,7,2,17.24,1,82044.37,3,0,0,15,0
104977,Email Campaign,Healthcare,Chennai,Large,115,2,1,60.31,1,124522.31,3,1,0,7,1
104978,Website,Technology,Hyderabad,Medium,70,5,0,9.86,1,120419.66,6,0,0,4,0
104979,Cold Call,Healthcare,Chennai,Large,15,5,2,6.76,1,144207.47,0,0,1,2,1
104980,Partner,Retail,Kolkata,Medium,14,4,3,139.84,0,0.0,2,0,1,4,1
104981,Partner,Finance,Pune,Small,66,1,1,3.01,0,0.0,4,0,0,12,1
104982,Website,Finance,Chennai,Medium,108,3,3,13.95,0,0.0,2,0,0,13,0
104983,Referral,Technology,Kolkata,Large,74,4,1,46.69,0,0.0,1,0,1,5,1
104984,Website,Technology,Delhi,Medium,37,3,1,58.68,1,30926.52,7,0,0,2,0
104985,Referral,Retail,Mumbai,Medium,75,4,4,19.69,0,0.0,3,0,0,11,1
104986,Referral,Technology,Pune,Medium,19,2,1,43.85,0,0.0,1,0,0,12,1
104987,Social Media,Technology,Bengaluru,Large,58,3,2,20.25,0,0.0,1,0,0,1,0
104988,Website,Education,Pune,Medium,118,13,3,15.8,1,143352.5,12,0,1,3,0
104989,Partner,Finance,Pune,Medium,76,7,1,21.44,1,70292.32,0,0,0,6,1
104990,Website,Education,Bengaluru,Medium,13,3,1,24.89,1,31441.42,6,1,0,7,1
104991,Website,Retail,Mumbai,Medium,25,3,1,31.44,0,0.0,4,0,0,2,0
104992,,Retail,Delhi,Small,8,4,1,8.85,0,0.0,5,0,0,9,0
104993,Social Media,Retail,Bengaluru,Large,49,7,3,19.15,1,124843.7,2,0,1,8,1
104994,Referral,Technology,Pune,Small,29,1,1,7.31,0,0.0,2,0,0,12,0
104995,Social Media,Manufacturing,Bengaluru,Large,118,9,2,12.14,1,114366.06,4,0,1,15,0
104996,Website,Manufacturing,Bengaluru,Large,39,7,2,34.64,1,37275.14,2,0,1,2,0
104997,Website,Finance,Mumbai,Medium,5,3,3,27.28,0,0.0,3,0,0,7,0
104998,Email Campaign,Manufacturing,Mumbai,Large,53,8,2,57.92,1,56721.34,4,1,0,13,1
104999,Referral,Healthcare,Kolkata,Large,89,8,4,16.59,0,0.0,5,0,0,1,0
105000,Social Media,Education,Pune,Small,83,5,0,30.84,0,,2,0,0,13,0
105001,Website,Manufacturing,Bengaluru,Large,118,5,2,80.15,1,101862.13,4,0,1,6,0
105002,Social Media,Technology,Kolkata,Enterprise,44,5,6,77.25,1,367402.11,5,0,1,12,1
105003,Cold Call,Manufacturing,Mumbai,Small,63,4,4,34.7,1,98280.19,1,0,0,10,0
105004,Website,Education,Pune,Small,68,1,1,5.12,0,0.0,3,0,0,15,0
105005,Website,Manufacturing,Kolkata,Medium,3,9,4,10.99,0,0.0,7,1,0,3,0
105006,Email Campaign,Technology,Mumbai,Medium,1,4,1,7.72,0,0.0,3,1,0,14,0
105007,Cold Call,Manufacturing,Pune,Medium,96,7,7,19.02,0,0.0,4,1,0,9,0
105008,Social Media,Retail,Pune,Medium,47,4,3,58.71,0,0.0,4,1,0,12,0
105009,Social Media,Finance,Bengaluru,Large,83,3,1,13.9,1,162068.88,1,0,0,12,1
105010,Referral,Education,Delhi,Small,114,2,3,10.17,0,0.0,2,0,0,9,0
105011,,Retail,Chennai,Medium,30,6,1,44.32,1,121363.29,6,0,0,7,0
105012,Email Campaign,Manufacturing,Delhi,Large,93,6,1,10.53,1,113779.44,2,0,1,13,0
105013,Website,Retail,Delhi,Medium,26,7,2,36.76,1,116619.48,6,0,0,8,0
105014,Cold Call,Finance,Chennai,Medium,89,9,2,10.56,1,12821.71,3,0,1,15,0
105015,Website,Education,Mumbai,Small,20,3,1,30.25,0,0.0,8,0,0,11,1
105016,Referral,Retail,Kolkata,Small,37,7,3,20.08,1,67165.9,7,0,1,10,1
105017,Email Campaign,Healthcare,Delhi,Medium,57,8,2,14.09,0,0.0,1,0,1,9,0
105018,Email Campaign,Finance,Delhi,Medium,59,8,4,7.78,0,0.0,7,1,0,4,0
105019,Social Media,Technology,Chennai,Large,4,3,1,15.89,0,0.0,1,0,0,12,0
105020,Email Campaign,Retail,Pune,Medium,102,5,1,8.65,1,23410.08,5,0,0,4,1
105021,Partner,Healthcare,Hyderabad,Large,1,3,5,21.56,0,0.0,2,0,1,10,1
105022,Cold Call,Education,Pune,Large,106,6,5,29.65,0,0.0,4,1,0,12,0
105023,Cold Call,Education,Kolkata,Small,25,4,2,27.93,0,0.0,2,0,0,7,0
105024,Social Media,Manufacturing,Pune,Small,86,4,2,13.19,0,0.0,2,0,0,15,0
105025,Social Media,Finance,Kolkata,Large,86,3,0,21.15,0,0.0,1,0,0,3,1
105026,Social Media,Retail,Delhi,Medium,55,2,0,35.09,0,0.0,4,0,0,4,0
105027,Email Campaign,Technology,Delhi,Medium,65,3,1,13.26,0,0.0,5,1,0,5,0
105028,Referral,Manufacturing,Delhi,Small,9,3,1,15.53,1,11908.51,2,0,0,15,0
105029,Social Media,Healthcare,Pune,Large,109,7,1,6.56,0,0.0,2,0,0,9,1
105030,Website,Education,Mumbai,Small,15,2,2,12.16,0,0.0,4,0,0,5,0
105031,Website,Finance,Kolkata,Small,79,5,0,16.23,0,0.0,4,0,1,15,1
105032,Cold Call,Finance,Delhi,Medium,1,10,2,7.33,0,0.0,3,0,0,7,0
105033,Website,Education,Hyderabad,Large,90,6,4,24.29,0,0.0,6,0,0,4,0
105034,Email Campaign,Healthcare,Delhi,Small,44,7,2,22.3,0,0.0,3,0,0,14,0
105035,Social Media,Manufacturing,Hyderabad,Large,58,5,3,13.45,1,324784.83,5,0,1,3,1
105036,Website,Education,Kolkata,Medium,3,6,0,17.26,0,0.0,7,0,0,15,1
105037,Partner,Healthcare,Delhi,Medium,27,4,2,9.23,1,57698.84,4,1,0,1,1
105038,Website,Healthcare,Kolkata,Medium,53,6,1,23.73,1,48509.1,3,0,1,9,1
105039,Partner,Healthcare,Hyderabad,Small,87,2,1,,0,0.0,2,0,0,9,1
105040,,Manufacturing,Delhi,Medium,72,5,2,6.91,0,0.0,4,0,0,15,1
105041,Website,Education,Pune,Large,32,6,1,10.98,0,0.0,11,1,1,14,1
105042,Website,Finance,Hyderabad,Small,72,3,0,6.4,0,,2,0,0,13,0
105043,Referral,Manufacturing,Hyderabad,Enterprise,27,8,0,24.21,1,229880.09,2,0,1,14,1
105044,Referral,Finance,Hyderabad,Small,67,4,1,,0,0.0,5,0,0,13,1
105045,Website,Retail,Delhi,Medium,65,3,0,37.21,0,0.0,3,0,0,8,1
105046,Partner,Manufacturing,Bengaluru,Medium,28,5,0,3.99,0,0.0,2,1,1,14,1
105047,Website,Education,Mumbai,Large,25,9,3,28.66,0,0.0,5,0,1,12,0
105048,Cold Call,Healthcare,Chennai,Small,63,3,2,6.2,0,0.0,2,0,0,6,1
105049,Website,Finance,Kolkata,Small,71,5,2,13.62,0,0.0,5,0,0,14,1
105050,Partner,Finance,Pune,Medium,118,2,1,127.2,1,65017.11,2,0,0,1,0
105051,Website,Technology,Mumbai,Small,60,6,0,7.49,1,21578.65,8,0,1,2,0
105052,Referral,Finance,Delhi,Medium,54,2,1,21.96,0,0.0,4,0,0,3,1
105053,Email Campaign,Manufacturing,Delhi,Large,58,5,0,8.25,1,93348.16,3,0,1,9,1
105054,Website,Healthcare,Pune,Small,105,4,0,15.13,0,0.0,5,1,0,2,0
105055,Cold Call,Finance,Delhi,Large,37,10,3,10.47,1,65145.02,7,1,1,4,0
105056,Referral,Manufacturing,Pune,Small,46,6,2,3.28,0,0.0,2,0,0,4,1
105057,Email Campaign,Technology,Hyderabad,Large,45,7,5,30.24,1,93504.11,2,1,1,4,1
105058,Email Campaign,Finance,Bengaluru,Enterprise,75,9,3,24.1,0,0.0,5,0,0,1,1
105059,Social Media,Education,Delhi,Large,84,6,2,10.9,0,0.0,5,0,0,4,0
105060,Website,Technology,Bengaluru,Enterprise,58,6,6,48.64,0,0.0,7,0,0,5,1
105061,Website,Healthcare,Kolkata,Large,32,5,2,22.3,0,0.0,5,1,0,12,1
105062,Website,Retail,Bengaluru,Small,83,4,3,17.33,1,62919.49,7,0,0,9,1
105063,Referral,Technology,Bengaluru,Small,34,4,0,29.49,0,0.0,2,0,0,5,0
105064,Website,Finance,Kolkata,Small,108,1,2,,0,0.0,4,0,0,3,0
105065,Partner,Technology,Chennai,Medium,75,7,1,17.49,0,0.0,4,0,0,8,0
105066,Email Campaign,Finance,Delhi,Medium,53,9,8,27.7,1,147185.39,6,0,1,5,1
105067,Social Media,Education,Bengaluru,Medium,28,5,3,18.87,1,81202.1,4,0,0,11,0
105068,Referral,Healthcare,Bengaluru,Large,91,1,0,16.2,0,0.0,2,0,0,4,0
105069,Referral,Healthcare,Pune,Medium,74,6,3,8.26,0,0.0,2,1,1,15,1
105070,Email Campaign,Finance,Pune,Small,106,4,3,14.14,0,0.0,4,0,0,2,0
105071,Referral,Education,Kolkata,,85,4,3,7.78,0,0.0,2,1,0,13,0
105072,Referral,Technology,Delhi,Enterprise,95,5,4,14.26,1,,8,0,1,11,1
105073,Email Campaign,Manufacturing,Hyderabad,Medium,12,4,3,22.81,0,0.0,4,1,1,11,1
105074,Email Campaign,Finance,Hyderabad,Medium,3,7,0,26.64,0,0.0,4,0,0,14,0
105075,Partner,Education,Delhi,Small,80,1,2,21.67,0,0.0,2,1,0,7,0
105076,Website,Finance,Pune,Enterprise,1,3,1,34.41,1,533210.91,0,0,1,11,1
105077,Email Campaign,Technology,Delhi,Small,107,4,1,8.03,1,103704.73,3,0,0,8,1
105078,Website,Healthcare,Pune,Medium,106,4,1,33.43,1,241150.58,5,0,1,11,0
105079,Referral,Technology,Chennai,Small,71,2,4,34.33,1,34999.47,3,0,1,9,1
105080,Social Media,Manufacturing,Chennai,Small,88,7,3,5.07,0,0.0,3,0,0,15,1
105081,Website,Retail,Chennai,Large,51,4,4,8.93,0,0.0,5,0,0,5,0
105082,Social Media,Retail,Chennai,Medium,115,7,4,9.96,0,0.0,4,0,0,11,0
105083,Referral,Technology,Bengaluru,Large,5,2,1,30.74,0,0.0,0,0,1,3,1
105084,Website,Retail,Pune,Small,36,6,2,4.85,1,33110.68,10,1,0,1,0
105085,Partner,Finance,Pune,Enterprise,84,8,0,19.12,1,267042.56,5,0,1,11,1
105086,Referral,Education,Delhi,Medium,95,10,2,31.23,1,46667.13,6,1,1,4,1
105087,Cold Call,Manufacturing,Delhi,Enterprise,30,7,3,86.03,1,118729.33,5,0,0,1,0
105088,Referral,Retail,Pune,Small,97,3,1,46.73,1,50222.51,3,0,1,10,0
105089,Partner,Manufacturing,Bengaluru,Medium,56,3,1,12.36,0,0.0,4,0,0,10,0
105090,Referral,Retail,Kolkata,Medium,103,2,1,10.75,0,0.0,4,1,1,10,1
105091,Referral,Healthcare,Pune,Large,33,9,5,41.26,0,0.0,10,1,1,7,1
105092,Cold Call,Technology,Mumbai,Large,84,4,1,35.68,1,72359.24,3,0,0,13,0
105093,Referral,Retail,Chennai,Medium,25,7,3,34.65,1,121667.74,1,0,0,1,1
105094,Referral,Finance,Mumbai,Small,17,1,0,9.35,0,,2,0,0,3,1
105095,Partner,Technology,Mumbai,Small,85,7,2,18.98,1,132211.42,4,0,1,6,0
105096,Email Campaign,Manufacturing,Kolkata,Small,82,2,4,9.17,0,0.0,5,0,0,15,0
105097,Social Media,Technology,Hyderabad,Large,36,3,1,6.74,1,96628.84,6,0,0,11,0
105098,Social Media,Retail,Kolkata,Small,73,2,2,21.93,1,17244.6,2,0,0,8,0
105099,Cold Call,Technology,Mumbai,Small,113,3,2,7.24,0,0.0,3,1,0,15,1
105100,Cold Call,Healthcare,Kolkata,Medium,41,7,3,69.76,1,40475.19,0,0,1,14,1
105101,Email Campaign,Manufacturing,Chennai,Small,61,5,4,11.0,0,0.0,3,0,0,2,1
105102,Referral,Technology,Hyderabad,Enterprise,26,3,2,3.39,1,79846.29,2,0,0,8,1
105103,Website,Retail,Chennai,Medium,63,6,2,15.55,1,73880.15,7,0,0,15,0
105104,Social Media,Retail,Kolkata,Enterprise,107,4,1,63.97,0,0.0,2,0,0,3,0
105105,Cold Call,Manufacturing,Kolkata,Large,77,2,2,24.6,1,48782.86,3,1,1,3,0
105106,Email Campaign,Technology,Hyderabad,Medium,18,4,2,13.44,0,0.0,3,0,0,6,0
105107,Website,Manufacturing,Chennai,Medium,89,8,2,6.43,1,41728.27,7,0,1,15,1
105108,Referral,Healthcare,Chennai,Large,51,6,1,7.68,1,122863.8,2,0,1,4,1
105109,Email Campaign,Healthcare,Mumbai,Large,3,7,2,10.96,1,87734.08,1,0,1,10,1
105110,Cold Call,Finance,Delhi,Small,75,2,4,10.29,0,0.0,2,0,1,4,0
105111,Website,Finance,Delhi,Enterprise,36,6,2,17.4,1,57857.92,12,1,1,12,1
105112,Social Media,Healthcare,Delhi,Medium,117,6,4,12.71,1,148923.02,2,0,0,14,1
105113,Cold Call,Technology,Chennai,Medium,120,3,2,25.02,1,28229.46,3,1,0,1,0
105114,Partner,Healthcare,Kolkata,Medium,81,3,1,10.41,1,113332.63,2,0,1,6,1
105115,Website,Retail,Mumbai,Large,76,6,4,15.14,1,48482.69,6,1,0,9,1
105116,Partner,Healthcare,Chennai,Medium,37,1,1,43.03,1,90629.59,4,1,0,3,1
105117,Social Media,Technology,Mumbai,Medium,9,9,3,4.75,0,0.0,5,0,1,10,1
105118,Cold Call,Finance,Bengaluru,Small,8,3,2,10.74,1,34646.95,5,0,0,6,0
105119,Website,Healthcare,Delhi,Medium,56,3,0,19.05,0,0.0,6,1,0,1,1
105120,Email Campaign,Retail,Hyderabad,Small,39,8,4,,0,0.0,4,1,1,10,1
105121,Social Media,Education,Mumbai,Large,116,9,2,68.17,1,213822.74,2,0,0,1,1
105122,Referral,Healthcare,Mumbai,Medium,36,9,1,6.66,0,0.0,6,1,0,4,1
105123,Email Campaign,,Delhi,Enterprise,26,6,1,2.84,1,120692.26,4,1,1,3,1
105124,Email Campaign,Technology,Pune,Large,99,1,0,53.71,0,0.0,3,0,0,1,1
105125,Email Campaign,Education,Delhi,Large,101,7,6,6.62,1,176834.93,2,0,0,7,1
105126,Website,Finance,Pune,Enterprise,46,4,2,8.1,0,0.0,1,0,0,14,1
105127,Email Campaign,Finance,Kolkata,Small,10,2,0,25.23,0,0.0,3,0,0,5,0
105128,Website,Technology,Chennai,Medium,12,4,3,50.91,0,0.0,2,1,0,4,0
105129,Partner,Technology,Hyderabad,Small,63,2,5,8.91,0,0.0,1,1,0,13,1
105130,Partner,Manufacturing,Chennai,Small,105,3,1,8.74,0,0.0,5,0,0,15,0
105131,Referral,Finance,Kolkata,Medium,47,6,4,8.55,1,39630.3,6,0,0,5,1
105132,Website,Finance,Mumbai,Large,3,3,4,24.21,0,0.0,4,0,0,1,1
105133,Website,Technology,Kolkata,Large,45,8,3,43.93,0,0.0,5,0,1,12,1
105134,Email Campaign,Education,Delhi,Small,1,3,2,10.61,1,102938.9,4,0,0,10,1
105135,Cold Call,Manufacturing,Bengaluru,Large,51,2,3,7.2,0,0.0,5,0,0,15,0
105136,Email Campaign,Education,Bengaluru,Small,57,3,3,15.08,0,0.0,6,0,0,10,0
105137,Website,Manufacturing,Kolkata,,88,6,2,20.9,0,0.0,5,0,0,14,1
105138,Website,Education,Bengaluru,Small,9,3,2,38.85,1,46145.19,8,1,0,3,0
105139,Website,Healthcare,Pune,Medium,58,3,0,19.3,0,0.0,8,0,0,3,0
105140,Cold Call,Technology,Pune,Medium,22,4,5,50.06,0,0.0,5,0,0,10,0
105141,Social Media,Finance,Kolkata,Small,56,4,1,23.5,1,92096.47,5,1,1,12,1
105142,Email Campaign,Finance,Pune,Small,119,2,0,19.63,0,0.0,4,1,0,6,1
105143,Referral,Retail,Delhi,Medium,89,2,0,18.34,0,0.0,2,0,0,7,0
105144,Partner,Technology,Hyderabad,Large,102,3,1,4.45,0,0.0,2,0,0,6,1
105145,Referral,Technology,Pune,,5,4,2,15.55,0,0.0,2,0,0,1,0
105146,Cold Call,Retail,Bengaluru,Large,92,6,2,6.82,0,0.0,1,0,0,14,0
105147,Partner,Technology,Bengaluru,Medium,104,6,1,11.74,1,80097.51,1,0,1,14,0
105148,Email Campaign,Technology,Bengaluru,Medium,81,3,3,7.33,1,55532.86,3,0,0,15,0
105149,Partner,Technology,Bengaluru,Small,94,3,0,6.64,1,24254.35,3,0,1,8,1
105150,Referral,Retail,Mumbai,Enterprise,6,10,6,40.2,1,119085.76,3,0,1,3,0
105151,Social Media,Technology,Kolkata,Medium,89,7,6,5.6,0,0.0,3,1,0,7,1
105152,Website,Technology,Bengaluru,Medium,101,2,0,86.0,1,137513.3,1,0,1,11,1
105153,Email Campaign,Technology,Hyderabad,Large,28,6,5,10.18,1,230216.85,2,0,0,3,1
105154,Website,Manufacturing,Delhi,Large,57,3,0,20.69,0,0.0,5,0,0,3,0
105155,Website,Technology,Pune,Large,51,4,1,5.05,0,0.0,6,0,0,15,0
105156,Website,Technology,Kolkata,Large,12,5,3,11.96,0,0.0,5,0,0,1,0
105157,Referral,Education,Delhi,Small,16,2,1,30.29,1,260437.85,5,0,0,9,0
105158,Social Media,Manufacturing,Kolkata,Large,37,5,3,12.93,0,0.0,3,1,0,3,1
105159,Email Campaign,Technology,Pune,Medium,14,5,2,14.82,0,0.0,4,1,0,1,1
105160,Referral,Finance,Bengaluru,Large,61,4,2,32.77,0,0.0,4,1,0,10,0
105161,Partner,Technology,Chennai,Medium,7,4,3,83.92,1,109657.81,2,0,0,3,1
105162,Partner,Retail,Chennai,Small,2,4,4,11.93,1,54674.86,2,1,0,11,1
105163,Website,Finance,Hyderabad,Medium,76,5,3,3.81,0,0.0,9,0,0,13,0
105164,Referral,Education,Hyderabad,Large,31,3,1,14.01,0,0.0,0,0,1,8,0
105165,Social Media,Manufacturing,Hyderabad,Medium,46,5,3,18.18,0,0.0,3,0,0,3,0
105166,Cold Call,Retail,Mumbai,Large,41,7,4,13.21,0,0.0,3,0,1,15,1
105167,Referral,Technology,Mumbai,Small,57,6,0,29.94,0,0.0,2,0,0,6,0
105168,Cold Call,Education,Delhi,Small,56,5,2,27.11,0,0.0,5,1,0,12,0
105169,Website,Retail,Mumbai,Medium,16,7,0,12.34,1,157805.79,4,0,0,3,1
105170,Referral,Manufacturing,Chennai,Medium,1,5,4,23.57,0,0.0,0,1,0,3,0
105171,Social Media,Technology,Mumbai,Large,54,4,0,17.75,1,144997.86,4,0,0,11,0
105172,Social Media,Retail,Hyderabad,Enterprise,68,9,3,72.83,1,732547.63,5,0,1,4,0
105173,Cold Call,Manufacturing,Hyderabad,Large,93,5,3,33.58,1,283879.8,2,0,0,8,1
105174,Website,Education,Chennai,Medium,24,7,4,10.95,1,20127.68,3,0,0,9,0
105175,Website,Retail,Kolkata,Medium,11,2,1,9.57,1,94813.91,4,1,1,2,0
105176,Website,Healthcare,Hyderabad,Enterprise,72,8,0,14.54,1,480591.1,5,0,0,5,1
105177,Website,Healthcare,Hyderabad,Large,109,2,1,22.79,0,0.0,2,0,0,3,0
105178,Website,Retail,Delhi,Large,29,7,1,19.68,0,0.0,5,0,1,1,1
105179,,Education,Kolkata,Medium,11,4,2,7.17,1,175478.15,6,0,0,15,0
105180,Email Campaign,Retail,Mumbai,Large,49,9,6,12.89,1,,4,0,0,1,1
105181,Social Media,Technology,Delhi,Small,68,5,3,27.97,1,255320.55,1,0,1,13,1
105182,Referral,Technology,Pune,Large,75,3,1,4.98,0,0.0,1,0,0,7,0
105183,Website,Retail,Mumbai,Large,14,5,0,48.12,0,0.0,4,0,0,5,0
105184,Social Media,Manufacturing,Pune,Enterprise,79,5,0,18.38,0,0.0,7,0,0,8,0
105185,Website,Technology,Delhi,Small,42,5,0,7.91,0,0.0,2,0,0,14,1
105186,Cold Call,Finance,Chennai,Large,4,10,1,16.92,0,0.0,3,0,0,10,0
105187,Website,Education,Bengaluru,Small,111,4,3,44.63,1,15691.71,5,0,0,2,1
105188,Email Campaign,Healthcare,Pune,Medium,65,8,4,18.36,1,23847.97,3,0,1,12,1
105189,Partner,Technology,Bengaluru,Large,37,7,1,10.14,1,41091.7,8,0,0,12,1
105190,Email Campaign,Finance,Kolkata,Medium,98,5,1,9.83,1,23164.32,1,0,0,15,1
105191,Social Media,Finance,Kolkata,Medium,96,6,1,17.93,0,0.0,3,0,0,4,0
105192,Social Media,Technology,Delhi,Large,25,4,0,20.23,0,0.0,1,0,0,13,0
105193,Website,Retail,Delhi,Large,116,6,1,6.32,0,0.0,2,0,0,6,0
105194,Social Media,Retail,Bengaluru,Medium,64,8,5,13.35,1,102450.82,2,0,1,6,0
105195,Partner,Retail,Pune,Medium,32,2,1,15.73,0,0.0,3,1,1,10,1
105196,Partner,Retail,Bengaluru,Large,54,6,4,16.95,1,83465.68,5,1,1,9,0
105197,Email Campaign,Technology,Delhi,Medium,23,7,5,15.96,0,0.0,4,0,1,4,1
105198,Referral,Technology,Mumbai,Small,102,8,5,22.62,1,96384.05,2,0,1,4,1
105199,Cold Call,Technology,Delhi,Medium,33,8,1,4.06,0,0.0,4,0,0,10,0
105200,Email Campaign,Technology,Chennai,Large,53,8,2,3.88,1,147904.96,2,0,1,15,0
105201,Referral,Manufacturing,Pune,Small,9,4,0,57.0,0,0.0,1,0,0,4,0
105202,Website,Technology,Chennai,Small,114,8,2,16.66,0,0.0,8,1,1,9,1
105203,Website,Retail,Pune,Enterprise,37,7,3,17.92,0,0.0,6,0,0,5,0
105204,Email Campaign,Technology,Pune,Large,79,2,1,6.08,1,38194.03,2,0,0,4,0
105205,Website,Technology,Hyderabad,Medium,43,4,0,3.56,0,0.0,7,0,0,12,0
105206,Website,Technology,Mumbai,Large,68,2,2,20.66,0,0.0,5,0,0,11,0
105207,Website,Healthcare,Bengaluru,Enterprise,68,5,1,44.49,1,213601.99,5,1,0,8,1
105208,Partner,Retail,Pune,Medium,36,6,3,9.22,0,0.0,6,0,0,8,1
105209,Website,Manufacturing,Pune,Small,52,5,0,22.63,0,0.0,5,0,0,7,0
105210,Website,Technology,Pune,Medium,72,2,2,28.98,0,0.0,3,0,0,15,0
105211,Email Campaign,Retail,Chennai,Enterprise,27,7,2,10.8,0,0.0,2,0,0,15,1
105212,Website,Manufacturing,Chennai,Large,16,11,1,54.31,1,106593.18,7,0,1,2,0
105213,Partner,Finance,Chennai,Small,22,4,0,11.33,1,19394.04,6,0,0,13,1
105214,Partner,Technology,Bengaluru,Enterprise,50,9,7,23.23,1,153068.05,3,0,1,6,1
105215,Referral,Technology,Bengaluru,Large,26,3,1,56.59,0,0.0,2,0,0,10,0
105216,Email Campaign,Technology,Mumbai,Medium,35,4,4,22.42,1,299324.19,4,0,0,15,0
105217,Referral,Education,Hyderabad,Enterprise,83,2,2,16.92,0,0.0,5,1,0,7,1
105218,Website,Finance,Chennai,Large,81,4,0,12.05,0,0.0,8,0,0,7,0
105219,Referral,Healthcare,Chennai,Large,114,3,1,35.42,0,0.0,7,0,0,10,1
105220,Website,Manufacturing,Pune,Enterprise,92,8,3,30.67,0,0.0,6,1,0,5,0
105221,Website,Finance,Chennai,Small,51,4,3,33.66,0,0.0,6,0,0,4,0
105222,Email Campaign,Retail,Kolkata,Large,112,3,3,18.37,0,0.0,5,1,0,10,1
105223,Website,Technology,Hyderabad,Medium,111,3,2,38.15,1,51105.04,2,0,0,4,0
105224,Website,Healthcare,Hyderabad,Large,27,2,0,8.71,0,0.0,6,1,0,10,0
105225,Email Campaign,Technology,Delhi,Large,21,3,3,12.68,0,0.0,4,0,0,4,0
105226,Email Campaign,Finance,Hyderabad,Large,107,3,0,12.06,1,116046.69,2,1,1,2,1
105227,Website,Finance,Pune,Large,107,4,4,35.06,0,0.0,2,0,0,2,1
105228,Website,Retail,Hyderabad,Large,102,9,2,13.17,1,128690.05,3,0,0,4,0
105229,Website,Retail,Mumbai,Small,56,3,1,13.12,1,67454.55,3,1,1,2,1
105230,Website,Manufacturing,Chennai,Medium,104,8,5,22.3,1,88029.23,6,0,1,5,0
105231,Cold Call,Technology,Hyderabad,Small,93,4,1,9.2,0,0.0,3,0,0,7,0
105232,Partner,Education,Kolkata,Large,89,5,0,29.71,0,0.0,3,0,0,4,0
105233,Referral,Technology,Hyderabad,Medium,73,3,1,11.62,1,103110.24,3,0,1,9,1
105234,Referral,Manufacturing,Hyderabad,Medium,33,6,1,51.78,0,0.0,4,0,0,6,0
105235,Social Media,Manufacturing,Delhi,Small,90,4,2,59.03,1,76662.49,0,0,1,2,0
105236,Social Media,,Delhi,Medium,106,7,4,62.57,0,0.0,6,0,0,6,0
105237,Website,Healthcare,Mumbai,Medium,107,12,5,10.94,1,139606.98,5,0,1,1,1
105238,Website,Manufacturing,Hyderabad,Enterprise,72,2,0,13.2,1,388479.2,6,1,0,11,1
105239,Email Campaign,Manufacturing,Mumbai,Large,5,2,5,39.21,0,0.0,5,0,1,7,1
105240,Email Campaign,Technology,Bengaluru,Medium,89,6,1,56.67,0,0.0,3,0,0,9,0
105241,Website,Manufacturing,Bengaluru,Large,31,7,2,7.48,0,,7,0,0,3,0
105242,Referral,Technology,Delhi,Small,25,1,1,29.8,0,0.0,4,1,0,7,0
105243,Referral,Healthcare,Pune,Small,10,4,3,16.89,0,0.0,7,0,0,13,0
105244,Referral,Retail,Mumbai,Medium,19,2,1,26.24,0,0.0,2,0,0,4,0
105245,Email Campaign,Manufacturing,Kolkata,Large,59,2,2,6.54,1,86272.41,0,0,1,15,1
105246,Social Media,Healthcare,Pune,Small,34,4,2,14.12,0,0.0,2,0,0,7,0
105247,Email Campaign,Technology,Hyderabad,Small,46,2,3,44.04,0,0.0,1,0,0,3,0
105248,Website,Healthcare,Chennai,Medium,62,4,1,43.19,1,18192.06,6,0,1,3,1
105249,Website,Finance,Pune,Small,64,6,3,22.26,0,0.0,2,0,0,7,1
105250,Cold Call,Healthcare,Pune,Medium,50,1,1,32.79,0,0.0,1,0,0,15,0
105251,Email Campaign,Healthcare,Kolkata,Medium,55,3,0,34.28,1,45572.95,1,0,0,8,0
105252,Website,Manufacturing,Bengaluru,Enterprise,107,4,3,69.11,0,0.0,0,0,0,3,0
105253,Referral,Finance,Delhi,Medium,34,5,2,29.87,0,0.0,2,0,1,6,1
105254,Cold Call,Technology,Chennai,Small,2,5,4,109.99,0,0.0,7,1,0,13,0
105255,Cold Call,Healthcare,Chennai,Small,97,2,0,11.06,1,49957.81,4,0,0,15,1
105256,Cold Call,Technology,Mumbai,Small,10,5,1,69.65,0,0.0,3,0,0,10,0
105257,Social Media,Technology,Bengaluru,Large,93,6,3,7.39,0,0.0,6,0,0,13,1
105258,Referral,,Delhi,Medium,40,6,2,13.78,1,101142.84,4,0,0,13,0
105259,Referral,Healthcare,Delhi,Small,101,5,2,31.08,0,0.0,2,1,0,7,1
105260,Website,Finance,Mumbai,Enterprise,21,6,2,2.21,1,456507.82,5,0,1,14,1
105261,Social Media,Retail,Delhi,Large,20,5,3,15.63,1,99311.33,5,0,1,2,1
105262,Social Media,Manufacturing,Bengaluru,Small,49,4,1,70.65,0,0.0,2,0,0,13,0
105263,Website,Healthcare,Chennai,Small,51,8,4,49.31,1,45729.26,9,1,1,9,1
105264,Partner,Finance,Kolkata,Large,87,9,4,6.12,1,65299.66,1,0,1,9,0
105265,Referral,Technology,Chennai,Large,78,4,2,4.45,1,87027.32,5,0,0,15,1
105266,Website,Technology,Chennai,Enterprise,120,11,5,7.07,1,133999.49,4,0,1,5,1
105267,Referral,Retail,Delhi,Small,82,0,0,12.16,0,0.0,2,0,0,3,0
105268,Cold Call,Retail,Chennai,Large,25,9,5,16.44,0,0.0,7,1,1,10,1
105269,Partner,Technology,Pune,Small,11,2,3,28.19,1,19205.98,2,1,0,12,0
105270,Email Campaign,Technology,Bengaluru,Medium,32,4,4,50.74,0,0.0,4,1,0,1,0
105271,Partner,Finance,Mumbai,Large,119,2,2,65.89,0,0.0,0,1,0,8,1
105272,Cold Call,Finance,Delhi,Large,93,6,1,51.5,1,57573.37,3,1,1,6,0
105273,Cold Call,Education,Pune,Small,89,4,4,2.88,0,0.0,1,0,0,13,1
105274,Cold Call,Technology,Chennai,Small,33,3,1,10.6,0,0.0,4,1,0,13,0
105275,Referral,,Delhi,Large,57,2,3,8.39,0,0.0,6,0,0,3,1
105276,Cold Call,Finance,Mumbai,Small,85,5,1,91.8,1,45730.45,4,0,0,9,0
105277,Email Campaign,Technology,Bengaluru,Medium,114,2,2,12.36,0,0.0,2,0,0,11,0
105278,Social Media,Technology,Hyderabad,Small,71,6,2,12.73,0,0.0,5,0,0,4,1
105279,Website,,Mumbai,Small,3,4,3,23.64,0,0.0,2,0,0,15,0
105280,Cold Call,Finance,Pune,Large,103,10,2,12.01,1,159421.51,4,0,1,14,1
105281,Partner,Technology,Pune,Small,113,2,2,48.56,0,0.0,1,0,0,3,1
105282,Referral,Retail,Delhi,Medium,5,8,4,15.77,0,0.0,3,0,0,1,1
105283,Partner,Healthcare,Kolkata,Large,48,3,0,34.41,1,285358.15,3,0,0,9,1
105284,Referral,Technology,Chennai,Small,118,3,3,2.44,1,49379.73,0,0,1,14,1
105285,Website,Manufacturing,Mumbai,Medium,115,5,0,96.41,0,0.0,2,0,0,11,0
105286,Website,Finance,Delhi,Medium,116,7,2,26.19,0,0.0,8,0,0,12,0
105287,Cold Call,Education,Mumbai,Large,118,3,1,20.65,0,0.0,3,0,0,11,0
105288,Email Campaign,Education,Chennai,Large,3,7,1,,1,151156.72,5,0,0,3,0
105289,Referral,Healthcare,Bengaluru,Large,19,6,1,22.63,1,67900.51,4,0,0,2,1
105290,Social Media,Technology,Bengaluru,Medium,60,4,3,23.22,1,37763.3,6,0,0,1,0
105291,Referral,Manufacturing,Bengaluru,Large,73,4,3,12.0,1,242089.92,2,0,0,15,0
105292,Email Campaign,Finance,Pune,Medium,49,7,0,16.87,0,0.0,2,0,1,15,1
105293,Cold Call,Technology,Kolkata,Medium,33,5,1,13.64,1,38879.8,4,1,0,13,0
105294,Social Media,Healthcare,Hyderabad,Small,31,3,2,22.17,0,0.0,1,0,0,2,0
105295,Cold Call,Healthcare,Hyderabad,Small,73,2,0,10.77,0,0.0,5,1,0,14,0
105296,Social Media,Manufacturing,Chennai,Small,118,3,1,12.47,0,0.0,2,0,0,15,1
105297,Partner,Retail,Hyderabad,Small,100,8,3,18.37,0,0.0,3,0,0,12,0
105298,Website,Manufacturing,Pune,Enterprise,21,7,1,20.98,1,303358.29,8,0,0,7,1
105299,Referral,Manufacturing,Pune,Enterprise,18,9,2,21.88,1,207505.19,6,1,1,2,1
105300,Website,Retail,Delhi,Small,32,7,1,16.34,0,0.0,1,1,0,6,0
105301,Email Campaign,Healthcare,Hyderabad,Enterprise,88,6,3,31.83,1,109393.83,0,0,0,4,1
105302,Social Media,Education,Delhi,Large,1,6,1,10.72,0,0.0,5,0,0,10,0
105303,Cold Call,Education,Delhi,Medium,85,4,5,4.24,0,0.0,4,0,1,14,1
105304,Referral,Manufacturing,Kolkata,Enterprise,70,3,0,17.05,1,78228.29,2,0,1,8,1
105305,Website,Manufacturing,Chennai,Large,80,8,4,45.2,1,177223.59,9,0,1,1,1
105306,Social Media,Retail,Mumbai,Medium,104,5,0,28.04,1,78049.53,3,1,1,6,0
105307,Partner,Finance,Chennai,Small,71,5,3,27.32,0,0.0,1,0,1,12,0
105308,Referral,Manufacturing,Delhi,Small,75,1,2,12.64,0,0.0,4,0,1,10,1
105309,Website,Technology,Pune,Enterprise,58,3,1,32.74,0,0.0,5,0,0,1,1
105310,Referral,Technology,Kolkata,Small,79,6,2,84.23,0,0.0,3,0,0,6,0
105311,Referral,Finance,Kolkata,Small,46,2,3,8.6,1,8947.79,0,0,0,6,0
105312,Referral,Retail,Kolkata,Small,8,5,4,33.91,0,0.0,0,0,0,1,0
105313,Referral,Retail,Pune,Medium,4,3,3,15.25,0,0.0,4,0,0,6,0
105314,Social Media,Technology,Pune,Medium,86,4,1,36.95,0,0.0,2,0,1,13,1
105315,Referral,Technology,Pune,Enterprise,77,6,5,22.98,0,0.0,4,1,0,2,1
105316,Referral,Technology,Hyderabad,Medium,50,8,0,14.92,1,75510.89,2,0,0,8,1
105317,Website,Finance,Bengaluru,Large,90,3,1,6.29,0,0.0,2,0,0,10,1
105318,Partner,Technology,Hyderabad,Medium,57,1,0,8.34,0,0.0,2,0,0,11,0
105319,Referral,Retail,Chennai,Medium,31,5,0,15.79,0,0.0,3,0,0,5,0
105320,,Finance,Bengaluru,Small,71,6,3,33.42,1,28701.9,5,0,0,9,1
105321,Website,Finance,Mumbai,Small,46,6,3,47.3,1,17983.86,9,1,0,11,1
105322,Social Media,Finance,Delhi,Large,118,5,2,15.24,1,172846.13,3,1,1,10,1
105323,Cold Call,Healthcare,Hyderabad,Large,87,7,4,11.71,0,0.0,0,0,0,13,0
105324,Website,Manufacturing,Mumbai,Medium,90,14,5,27.33,0,0.0,6,0,0,4,0
105325,Website,Technology,Delhi,Enterprise,83,10,0,26.73,1,113687.39,5,1,1,2,1
105326,Website,Finance,Chennai,Large,83,6,0,12.14,1,96336.02,6,0,1,15,1
105327,Social Media,Retail,Bengaluru,Small,93,2,4,15.09,1,48152.13,4,1,0,12,1
105328,Partner,Technology,Mumbai,Medium,52,11,5,23.11,1,51732.24,6,1,1,7,0
105329,Email Campaign,Manufacturing,Bengaluru,Large,99,5,0,39.77,0,0.0,5,0,0,9,0
105330,Referral,Education,Kolkata,Large,5,4,2,8.72,0,0.0,6,0,0,14,0
105331,Cold Call,Retail,Delhi,Small,80,3,2,5.76,1,72882.1,3,0,0,14,1
105332,Cold Call,Education,Mumbai,Small,65,5,1,16.87,1,,3,0,0,13,0
105333,Website,Healthcare,Bengaluru,Medium,1,6,0,9.19,0,0.0,7,0,0,9,0
105334,Website,Healthcare,Kolkata,Small,80,4,1,43.43,0,0.0,3,0,0,11,0
105335,Referral,Technology,Pune,Small,1,11,2,22.43,1,170928.93,3,0,0,9,0
105336,Cold Call,Technology,Chennai,Medium,85,3,0,17.19,0,0.0,3,0,0,7,0
105337,Social Media,Finance,Pune,Medium,63,4,2,15.6,1,63296.62,4,0,0,11,1
105338,Social Media,Healthcare,Kolkata,Small,73,4,2,31.83,0,0.0,1,0,0,1,0
105339,Cold Call,Healthcare,Kolkata,Medium,74,5,2,22.86,1,225709.51,3,0,1,13,1
105340,Referral,Technology,Bengaluru,Small,37,5,1,,0,0.0,7,0,0,5,0
105341,Referral,Retail,Kolkata,Medium,75,5,1,8.3,1,153835.7,3,0,1,9,0
105342,,Technology,Mumbai,Large,27,3,1,33.06,1,121924.74,3,1,0,10,1
105343,Cold Call,Finance,Delhi,Large,92,5,1,98.86,0,0.0,2,0,0,5,0
105344,Social Media,Technology,Bengaluru,Small,11,5,3,26.76,0,0.0,6,0,1,5,0
105345,Referral,Retail,Hyderabad,Large,18,8,4,23.32,0,0.0,3,0,0,3,0
105346,Website,Healthcare,Mumbai,Large,85,4,4,17.91,0,0.0,0,0,0,2,0
105347,Cold Call,Manufacturing,Hyderabad,Medium,7,3,3,13.51,1,38257.59,3,0,0,14,1
105348,Cold Call,Technology,Mumbai,Enterprise,117,11,2,17.72,0,0.0,1,0,1,8,1
105349,Social Media,Healthcare,Delhi,Small,4,6,1,36.81,0,0.0,4,0,1,11,0
105350,Website,Education,Pune,Small,64,5,0,-5.0,1,74617.98,6,0,1,3,0
105351,Partner,Technology,Hyderabad,Large,119,6,1,10.42,0,0.0,2,0,0,13,1
105352,Cold Call,Healthcare,Kolkata,Medium,81,4,5,51.0,0,0.0,5,0,0,5,0
105353,Social Media,,Pune,Medium,76,4,2,21.59,0,0.0,4,0,0,7,1
105354,Social Media,Technology,Delhi,Small,84,6,5,21.52,1,11845.66,1,1,0,8,1
105355,Partner,Healthcare,Mumbai,Small,85,3,1,30.04,1,10797.48,3,0,0,12,0
105356,Partner,Technology,Chennai,Small,20,1,0,20.03,0,0.0,6,0,0,2,0
105357,Social Media,Healthcare,Pune,Small,38,4,0,15.81,0,0.0,7,1,0,14,0
105358,Referral,Education,Kolkata,Enterprise,24,3,1,29.66,1,292258.97,6,0,0,2,1
105359,Referral,Technology,Pune,Small,26,7,3,47.25,1,46199.85,4,0,1,10,1
105360,Cold Call,Technology,Delhi,Large,25,5,0,5.74,0,0.0,4,1,0,4,0
105361,Social Media,Manufacturing,Delhi,Small,77,6,1,16.38,0,0.0,3,0,1,14,0
105362,Website,Healthcare,Pune,Medium,112,5,3,8.77,0,0.0,9,0,0,9,0
105363,Website,Education,Hyderabad,Enterprise,68,6,5,32.88,1,206439.03,9,0,0,15,1
105364,Partner,Finance,Chennai,Small,2,8,6,6.47,1,51260.38,7,1,0,14,1
105365,Partner,Retail,Mumbai,Small,84,2,2,45.07,1,35794.94,2,0,1,5,1
105366,Partner,Education,Pune,Large,65,5,2,14.66,1,118118.81,5,0,1,4,0
105367,Referral,Technology,Mumbai,Small,94,6,0,95.56,0,0.0,5,0,0,2,0
105368,Cold Call,Manufacturing,Chennai,Small,46,9,4,8.27,1,23764.09,5,0,1,11,1
105369,Cold Call,Retail,Mumbai,,52,7,3,27.5,0,0.0,5,0,0,1,0
105370,Referral,Manufacturing,Hyderabad,Medium,80,1,2,31.09,0,0.0,2,0,0,3,0
105371,Website,Technology,Hyderabad,Large,85,3,0,12.67,1,150275.4,4,0,0,14,1
105372,Partner,Healthcare,Pune,Small,27,2,2,6.54,0,0.0,4,0,0,10,1
105373,Website,Technology,Chennai,Small,71,4,2,24.44,1,18941.69,5,0,0,7,0
105374,Social Media,Education,Bengaluru,Medium,116,9,2,6.42,0,0.0,1,0,1,3,1
105375,Social Media,Technology,Pune,Large,8,5,0,18.58,0,0.0,3,0,1,13,0
105376,Social Media,Technology,Delhi,Small,40,4,1,16.86,0,0.0,5,0,0,13,0
105377,Referral,Education,Kolkata,Large,65,3,3,16.42,0,0.0,2,0,0,1,1
105378,Cold Call,Finance,Chennai,Large,112,5,1,2.72,0,0.0,5,0,0,12,0
105379,Website,Retail,Bengaluru,Medium,117,8,4,4.56,1,172758.36,10,1,1,5,1
105380,Cold Call,Finance,Pune,Medium,71,9,4,8.49,1,24878.91,3,0,0,11,0
105381,Website,Retail,Mumbai,Medium,66,5,2,17.09,0,0.0,3,0,0,5,0
105382,Social Media,Technology,Pune,,50,5,3,32.96,1,113325.09,2,1,1,1,1
105383,Cold Call,Healthcare,Mumbai,Small,54,4,2,17.01,1,72335.47,2,0,1,12,1
105384,Website,Healthcare,Kolkata,Large,89,7,4,5.71,0,0.0,4,0,1,13,1
105385,Website,Finance,Chennai,Medium,66,3,2,45.5,1,38210.38,4,0,0,11,0
105386,Cold Call,Finance,Chennai,Enterprise,67,4,4,50.08,1,487060.0,2,1,1,3,1
105387,Website,Technology,Hyderabad,Enterprise,102,8,2,17.03,1,216798.88,8,0,1,7,1
105388,Website,Retail,Bengaluru,Small,17,4,1,32.48,0,0.0,7,0,1,9,0
105389,Email Campaign,Technology,Pune,Medium,115,5,1,8.48,0,0.0,3,0,0,12,0
105390,Partner,Finance,Chennai,Medium,85,9,2,12.33,1,105384.81,3,0,1,12,1
105391,Email Campaign,Finance,Hyderabad,Medium,71,6,6,3.43,0,0.0,2,0,0,14,1
105392,Referral,Healthcare,Delhi,Large,70,6,1,9.88,1,131905.37,1,1,1,10,1
105393,Partner,Retail,Bengaluru,Small,70,6,3,10.63,1,55025.89,4,1,1,15,1
105394,Email Campaign,Healthcare,Bengaluru,Medium,68,3,3,25.32,0,0.0,4,0,0,13,0
105395,Email Campaign,Manufacturing,Delhi,Enterprise,43,1,0,37.78,1,260474.26,1,1,0,4,1
105396,Referral,Retail,Chennai,Enterprise,89,5,2,7.07,0,0.0,3,0,1,11,0
105397,Referral,Manufacturing,Pune,Small,31,5,3,12.03,1,20199.68,3,1,0,2,1
105398,Referral,Retail,Mumbai,Enterprise,79,5,6,11.89,1,262274.59,5,1,0,12,1
105399,Social Media,Technology,Bengaluru,Small,64,8,5,53.51,1,31271.11,4,1,1,4,0
105400,Website,Education,Mumbai,Medium,44,8,4,39.15,1,166348.33,5,0,0,5,1
105401,Social Media,Manufacturing,Delhi,Small,97,4,1,21.72,0,0.0,1,0,0,9,0
105402,Website,Retail,Pune,Medium,39,6,3,26.41,0,0.0,9,0,0,6,0
105403,Referral,Technology,Kolkata,Small,80,6,0,17.98,1,74205.3,4,0,0,10,1
105404,Website,Technology,Delhi,Small,31,4,3,23.78,0,0.0,5,1,1,8,1
105405,Email Campaign,Retail,Mumbai,Medium,25,2,4,9.12,0,0.0,5,1,0,10,1
105406,Cold Call,Healthcare,Delhi,Enterprise,70,5,0,11.45,0,0.0,5,1,0,9,1
105407,Referral,Retail,Kolkata,Medium,118,5,0,11.62,0,0.0,4,1,1,4,1
105408,Website,Finance,Kolkata,Large,36,2,1,36.09,0,0.0,2,0,0,11,0
105409,Website,Healthcare,Delhi,Large,14,9,5,45.38,1,39105.34,7,0,1,15,0
105410,Cold Call,Technology,Bengaluru,Medium,15,3,1,17.18,0,0.0,7,0,0,9,1
105411,Referral,Technology,Delhi,Small,60,4,4,50.81,0,0.0,3,0,0,10,0
105412,Cold Call,Technology,Kolkata,Small,94,2,3,26.81,1,65281.67,0,0,1,11,0
105413,Referral,Manufacturing,Chennai,Medium,86,6,4,21.32,0,0.0,1,0,0,2,0
105414,Website,Healthcare,Hyderabad,Enterprise,26,6,2,5.57,0,0.0,5,0,0,3,0
105415,Cold Call,Education,Mumbai,Small,101,5,2,84.41,1,28019.78,1,0,0,9,1
105416,Email Campaign,Manufacturing,Hyderabad,Large,20,4,2,38.31,1,70945.96,2,0,0,6,0
105417,Website,Manufacturing,Hyderabad,Large,68,9,3,15.18,0,0.0,3,0,0,11,1
105418,Partner,Healthcare,Mumbai,Enterprise,102,10,2,14.91,0,0.0,1,1,0,14,0
105419,Website,Manufacturing,Delhi,Small,97,9,3,43.26,0,0.0,11,0,1,12,0
105420,Referral,Education,Delhi,Enterprise,85,4,2,16.87,0,0.0,2,0,0,4,1
105421,Referral,Retail,Pune,Medium,40,2,0,7.48,0,0.0,4,0,0,5,0
105422,Email Campaign,Technology,Bengaluru,Medium,92,4,0,58.93,0,0.0,2,0,0,3,1
105423,Cold Call,Retail,Pune,Large,47,3,0,15.25,0,0.0,3,0,1,2,1
105424,Website,Technology,Delhi,Small,43,3,4,11.23,0,0.0,5,0,0,12,0
105425,Partner,Technology,Hyderabad,Large,64,9,2,4.86,0,0.0,5,1,0,11,0
105426,Social Media,Retail,Pune,Medium,75,8,5,60.15,0,0.0,4,0,1,3,0
105427,Partner,Manufacturing,Delhi,Large,26,6,3,30.22,1,177700.69,3,0,1,11,0
105428,Cold Call,Technology,Bengaluru,Large,112,3,1,5.37,1,172289.12,8,1,0,7,0
105429,Partner,Technology,Bengaluru,Medium,105,7,5,27.61,0,0.0,3,1,0,14,1
105430,Social Media,Education,Delhi,Small,34,4,2,26.63,0,0.0,5,0,1,11,0
105431,Referral,Technology,Chennai,Small,30,4,1,49.13,0,0.0,3,0,0,5,0
105432,Email Campaign,Technology,Kolkata,Large,9,3,2,12.04,0,0.0,3,0,0,8,0
105433,Social Media,Retail,Delhi,Medium,49,2,2,6.05,0,0.0,4,1,0,4,0
105434,Referral,Manufacturing,Mumbai,Large,21,7,4,9.69,0,0.0,6,0,1,14,0
105435,Cold Call,Healthcare,Pune,Medium,112,3,1,6.32,0,0.0,6,0,0,8,0
105436,Website,Healthcare,Chennai,Medium,108,3,3,30.88,0,0.0,6,1,0,14,0
105437,Cold Call,Finance,Pune,Large,100,6,4,3.21,1,193667.18,2,0,1,8,1
105438,Website,Technology,Kolkata,Large,34,7,5,14.81,1,94961.17,5,0,1,8,0
105439,Partner,Manufacturing,Chennai,Medium,83,5,0,11.04,0,0.0,3,1,1,3,0
105440,Website,Manufacturing,Hyderabad,Small,59,7,2,8.77,0,0.0,7,0,0,15,1
105441,Website,Finance,Mumbai,Large,33,6,3,12.95,0,0.0,5,0,0,11,1
105442,Cold Call,Finance,Pune,Large,65,5,5,27.12,1,181406.34,2,0,1,5,0
105443,Cold Call,Finance,Pune,Medium,20,7,2,14.96,0,0.0,7,0,0,13,0
105444,Cold Call,Technology,Bengaluru,,116,5,1,20.33,1,34723.1,2,0,1,4,1
105445,Partner,Finance,Bengaluru,Small,20,5,2,18.76,1,76247.93,3,0,0,2,1
105446,Referral,Technology,Chennai,Medium,37,5,5,39.28,0,0.0,3,0,0,11,0
105447,Cold Call,Manufacturing,Pune,Small,27,5,4,25.48,0,0.0,3,0,0,12,0
105448,Referral,Finance,Delhi,Small,63,3,3,10.79,0,0.0,1,1,0,9,1
105449,Email Campaign,Retail,Kolkata,Large,81,2,1,5.99,0,0.0,2,0,0,11,1
105450,Email Campaign,Healthcare,Bengaluru,Medium,115,8,1,23.75,1,129420.21,4,0,0,4,0
105451,Website,Manufacturing,Chennai,Large,47,3,1,21.99,0,0.0,7,1,1,5,1
105452,Email Campaign,Education,Chennai,,25,8,2,11.17,1,34241.95,4,0,1,6,0
105453,Cold Call,Finance,Pune,Small,3,5,2,12.63,0,0.0,3,0,1,4,0
105454,Website,Technology,Mumbai,Medium,72,6,5,28.06,0,0.0,7,0,0,4,1
105455,Partner,Manufacturing,Hyderabad,Small,118,3,2,111.45,0,0.0,1,0,1,1,0
105456,Email Campaign,Technology,Kolkata,Large,8,8,2,54.32,0,0.0,3,0,0,4,0
105457,Website,Technology,Chennai,Enterprise,120,3,1,9.87,1,488837.73,2,0,0,9,1
105458,Social Media,Technology,Pune,Large,32,10,3,20.5,1,105017.47,3,1,1,6,1
105459,Website,Education,Kolkata,Large,110,5,1,24.62,0,0.0,4,0,1,7,0
105460,Website,Technology,Mumbai,Large,9,10,7,21.27,1,220643.37,8,0,1,14,1
105461,Social Media,Healthcare,Hyderabad,Large,108,5,1,78.18,0,0.0,3,1,1,1,0
105462,Website,Healthcare,Chennai,Medium,40,5,2,12.25,0,0.0,6,1,0,13,0
105463,Website,Retail,Chennai,Large,33,5,1,12.75,1,54687.15,6,0,0,1,1
105464,Cold Call,Finance,Bengaluru,Medium,25,2,4,20.24,0,0.0,6,0,0,8,0
105465,Website,Manufacturing,Pune,Small,17,8,3,12.37,1,177120.0,5,0,1,2,1
105466,Cold Call,Manufacturing,Kolkata,Large,96,6,3,18.82,0,0.0,3,0,0,8,0
105467,Cold Call,Healthcare,Chennai,Large,9,4,2,8.96,1,378168.95,3,0,0,14,1
105468,Website,Finance,Chennai,Small,56,4,1,39.09,1,58007.78,5,0,0,1,0
105469,Email Campaign,Manufacturing,Bengaluru,Enterprise,114,3,1,46.02,0,0.0,6,0,0,8,0
105470,Website,Manufacturing,Delhi,Small,49,1,2,8.61,1,20665.32,3,0,1,7,0
105471,Social Media,Finance,Bengaluru,Large,100,12,4,9.24,0,0.0,4,1,1,7,0
105472,Website,Finance,Bengaluru,Enterprise,84,6,4,8.19,1,195082.94,2,0,0,10,0
105473,Partner,Technology,Kolkata,Medium,96,8,4,16.22,0,0.0,2,0,1,5,0
105474,Website,Technology,Chennai,Enterprise,114,5,2,29.14,0,0.0,3,1,0,12,1
105475,Social Media,Technology,Chennai,Large,12,2,0,7.45,1,57298.41,2,0,0,4,1
105476,Website,Technology,Mumbai,Large,37,5,1,23.96,0,0.0,10,0,0,6,0
105477,Website,Technology,Chennai,Enterprise,39,6,5,57.94,0,0.0,7,0,0,8,1
105478,Email Campaign,Manufacturing,Hyderabad,Large,9,3,0,7.57,1,130659.07,2,0,1,14,1
105479,Email Campaign,Manufacturing,Mumbai,Medium,13,3,4,11.04,0,0.0,4,0,0,9,0
105480,Partner,Manufacturing,Chennai,Large,14,5,1,9.52,1,263557.29,7,0,0,13,1
105481,Website,Retail,Mumbai,Medium,114,3,0,61.14,1,27320.79,5,0,0,3,0
105482,Website,Retail,Delhi,Medium,103,2,3,24.99,0,0.0,6,1,1,2,0
105483,Referral,Technology,Bengaluru,Small,71,3,2,33.12,0,0.0,7,0,0,8,0
105484,Referral,Retail,Mumbai,Medium,102,3,5,9.29,0,0.0,4,1,0,14,0
105485,Partner,Finance,Chennai,Large,42,5,1,39.55,0,0.0,4,1,1,4,1
105486,Partner,Healthcare,Chennai,Enterprise,58,7,2,19.38,1,114459.37,4,0,1,4,1
105487,Partner,,Hyderabad,Enterprise,107,6,3,72.2,0,0.0,6,0,0,3,1
105488,Website,Manufacturing,Mumbai,Small,18,11,6,25.86,0,0.0,10,1,1,14,0
105489,Referral,Technology,Delhi,Medium,18,3,1,73.5,0,0.0,1,0,0,2,0
105490,Cold Call,Manufacturing,Pune,Medium,64,4,2,35.91,1,111761.97,4,0,0,10,1
105491,Referral,Technology,Chennai,Small,31,3,1,10.64,0,0.0,3,0,0,6,1
105492,Social Media,Technology,Chennai,Medium,81,1,2,60.07,0,0.0,2,0,0,7,0
105493,Website,Technology,Chennai,Medium,77,2,0,50.92,0,0.0,2,0,0,11,0
105494,Referral,Technology,Hyderabad,Enterprise,40,4,4,7.3,0,0.0,3,1,0,7,1
105495,Cold Call,Retail,Hyderabad,Small,14,4,5,22.75,0,0.0,3,0,0,1,0
105496,Referral,Finance,Mumbai,Large,10,7,2,10.08,1,180261.56,1,0,1,9,1
105497,Partner,Technology,Hyderabad,Large,54,9,2,31.04,0,0.0,1,0,0,1,1
105498,Referral,Education,Pune,Large,39,7,3,16.78,1,110227.74,9,0,0,13,1
105499,Website,Healthcare,Pune,Small,5,4,1,-5.0,0,0.0,8,0,0,15,0
105500,Referral,Finance,Pune,Small,83,5,3,9.53,0,0.0,0,0,0,13,0
105501,Website,Healthcare,Delhi,Enterprise,115,6,1,6.68,0,0.0,4,0,1,7,1
105502,Email Campaign,Healthcare,Bengaluru,Small,118,6,3,8.34,1,89174.21,3,0,1,7,1
105503,Website,Healthcare,Bengaluru,Small,15,4,4,28.73,0,0.0,10,0,0,9,1
105504,Social Media,Retail,Bengaluru,Enterprise,23,6,1,8.21,0,0.0,3,0,0,13,0
105505,Cold Call,Education,Delhi,Large,52,5,3,5.33,0,0.0,3,0,1,12,0
105506,Referral,Finance,Hyderabad,Large,110,4,1,9.83,1,140556.75,1,0,0,8,1
105507,Website,Healthcare,Delhi,Small,69,3,1,27.03,0,0.0,6,0,0,13,0
105508,Referral,Technology,Pune,Medium,55,4,1,9.93,0,0.0,4,0,0,7,0
105509,Cold Call,Manufacturing,Hyderabad,Large,112,2,1,21.22,1,34736.4,2,0,0,12,0
105510,Social Media,Finance,Pune,Medium,80,4,2,21.34,0,0.0,2,0,0,4,0
105511,Website,Finance,Mumbai,Small,119,6,3,20.44,1,32976.18,3,0,0,7,0
105512,Email Campaign,Education,Chennai,Small,104,7,3,19.33,1,55896.48,4,0,1,13,1
105513,Email Campaign,Retail,Kolkata,Medium,120,3,0,7.55,0,0.0,2,0,0,4,0
105514,Referral,Technology,Bengaluru,Small,67,3,1,20.11,0,0.0,0,0,0,10,0
105515,Website,Finance,Pune,Large,45,2,2,15.37,1,28129.05,4,0,0,5,0
105516,Partner,Finance,Pune,Small,8,3,1,14.57,0,0.0,4,1,0,7,1
105517,Website,Education,Mumbai,Small,88,4,4,14.41,1,23933.33,9,0,0,5,1
105518,Website,Healthcare,Kolkata,Enterprise,32,5,1,13.58,1,70091.82,5,0,1,10,1
105519,Website,Technology,Kolkata,Enterprise,2,7,2,19.35,0,0.0,7,0,0,12,0
105520,Email Campaign,Retail,Hyderabad,Large,97,5,0,24.86,0,0.0,6,1,1,13,0
105521,Email Campaign,Finance,Pune,Enterprise,51,6,3,35.75,0,0.0,3,0,0,6,0
105522,Website,Technology,Hyderabad,Small,67,3,0,168.0,0,0.0,6,0,0,3,0
105523,Referral,Manufacturing,Pune,Medium,95,6,5,14.86,1,88142.89,3,1,0,14,1
105524,Social Media,Technology,Mumbai,Small,40,3,0,45.71,0,0.0,1,0,0,6,0
105525,Referral,Education,Kolkata,Medium,99,5,5,11.03,0,0.0,3,0,0,10,1
105526,Partner,Manufacturing,Mumbai,Large,70,7,6,10.29,1,149225.66,7,0,1,6,1
105527,Referral,Technology,Hyderabad,Large,69,8,0,10.43,0,0.0,6,1,0,13,1
105528,Website,Retail,Bengaluru,Small,33,8,3,12.57,0,0.0,6,0,1,2,0
105529,Partner,Manufacturing,Delhi,Medium,95,3,0,52.24,0,0.0,4,1,0,1,0
105530,Cold Call,Retail,Bengaluru,Enterprise,29,7,4,67.13,1,235084.42,6,0,0,6,0
105531,Referral,Retail,Pune,Medium,75,9,1,29.06,1,108145.57,9,1,1,7,1
105532,Cold Call,Technology,Chennai,Small,100,5,2,15.05,0,0.0,4,0,0,12,0
105533,Email Campaign,Technology,Chennai,Medium,14,2,1,18.85,0,0.0,4,0,0,8,0
105534,Referral,Retail,Kolkata,Medium,49,3,5,27.18,0,0.0,5,0,0,4,0
105535,Cold Call,Technology,Pune,Medium,82,5,1,78.98,1,86261.09,8,1,1,2,1
105536,Cold Call,Finance,Mumbai,Medium,33,6,5,29.5,1,147092.47,3,0,0,13,1
105537,Referral,Healthcare,Chennai,Medium,4,6,4,66.44,1,74857.38,2,0,0,8,0
105538,Social Media,Technology,Bengaluru,Medium,50,6,2,11.44,0,0.0,7,0,1,15,0
105539,Referral,Manufacturing,Chennai,Medium,60,5,1,18.51,0,0.0,4,0,0,5,0
105540,Website,Manufacturing,Hyderabad,Small,111,3,1,26.68,0,0.0,6,0,0,4,0
105541,Partner,Manufacturing,Delhi,Small,97,1,1,11.39,0,0.0,1,0,0,5,0
105542,Email Campaign,Technology,Bengaluru,Medium,22,9,4,35.42,0,0.0,3,0,0,7,0
105543,Social Media,Healthcare,Pune,Large,34,9,1,14.61,1,59650.31,6,0,1,3,0
105544,Social Media,Manufacturing,Delhi,Large,23,5,3,9.42,1,38225.03,3,0,0,2,1
105545,Email Campaign,Finance,Mumbai,Small,110,2,0,74.33,0,0.0,5,1,1,12,0
105546,Referral,Retail,Mumbai,Medium,43,7,2,40.7,1,45481.08,10,0,1,11,0
105547,Partner,Retail,Kolkata,Medium,107,5,1,26.65,0,0.0,2,0,0,8,0
105548,Social Media,Finance,Hyderabad,Medium,8,5,1,33.75,1,101538.89,4,0,1,8,1
105549,Social Media,Finance,Chennai,Large,68,0,0,31.51,0,0.0,4,0,0,8,0
105550,Email Campaign,Retail,Chennai,Enterprise,9,10,6,15.93,0,0.0,5,0,1,9,1
105551,Referral,Technology,Pune,Small,67,6,4,68.04,0,0.0,3,1,1,5,1
105552,Website,Manufacturing,Kolkata,Medium,2,11,5,40.8,1,91057.54,3,0,1,12,1
105553,Referral,Retail,Bengaluru,Medium,19,4,4,42.55,0,0.0,1,0,0,1,0
105554,Website,Technology,Chennai,Medium,18,5,4,,1,40486.35,5,0,1,12,1
105555,Social Media,Retail,Hyderabad,Small,86,6,3,5.89,1,78522.1,4,1,1,12,0
105556,Cold Call,Healthcare,Bengaluru,Medium,77,2,3,26.3,0,0.0,3,0,0,8,0
105557,Referral,Technology,Bengaluru,Small,68,6,1,51.23,1,82874.87,6,1,1,5,0
105558,Referral,Education,Pune,Large,24,5,3,6.64,0,0.0,2,0,0,14,1
105559,Social Media,Retail,Pune,Large,32,5,4,32.4,1,85849.85,2,0,0,13,0
105560,Website,Retail,Kolkata,Medium,46,2,2,9.66,1,21841.32,4,1,1,14,1
105561,Partner,Manufacturing,Chennai,Enterprise,118,6,3,32.75,0,0.0,2,0,0,1,1
105562,Referral,Healthcare,Mumbai,Large,85,4,3,15.04,0,0.0,0,0,0,10,1
105563,Website,Healthcare,Chennai,Medium,4,9,5,18.11,1,80705.71,6,1,0,1,1
105564,Website,Technology,Delhi,Enterprise,4,8,3,21.26,1,146292.55,5,0,1,1,1
105565,Partner,Technology,Delhi,Large,42,7,3,35.34,1,38313.43,6,0,1,1,1
105566,Website,Healthcare,Delhi,Small,26,5,4,42.49,0,0.0,6,1,0,12,0
105567,Social Media,Healthcare,Chennai,Medium,49,5,4,10.91,1,57211.58,3,0,1,11,0
105568,Website,Manufacturing,Chennai,Medium,120,3,0,11.28,1,63459.47,8,1,0,14,1
105569,Website,Healthcare,Mumbai,Large,24,8,4,24.91,1,73057.47,11,1,1,10,1
105570,Cold Call,Retail,Kolkata,Enterprise,72,6,1,25.3,0,0.0,1,0,0,9,1
105571,Website,Manufacturing,Kolkata,Medium,58,3,3,11.41,0,0.0,6,0,0,3,0
105572,Website,Education,Hyderabad,Small,80,1,2,3.06,0,0.0,0,0,0,11,0
105573,Email Campaign,Finance,Mumbai,Medium,66,3,3,6.04,1,128634.09,2,0,0,14,0
105574,Cold Call,Education,Pune,Large,62,8,1,13.32,0,0.0,3,0,0,6,1
105575,Referral,Manufacturing,Kolkata,Medium,34,2,2,15.43,1,62359.14,3,1,0,11,0
105576,Website,Technology,Pune,Small,116,4,1,,0,0.0,3,1,1,8,1
105577,Partner,Finance,Kolkata,Medium,33,8,3,6.78,1,34809.74,6,1,1,8,1
105578,Social Media,Technology,Mumbai,Large,18,5,2,13.22,0,0.0,4,1,0,12,1
105579,Cold Call,Retail,Hyderabad,Small,-10,4,2,59.4,0,0.0,3,0,0,5,0
105580,Cold Call,Healthcare,Mumbai,Medium,9,1,1,9.57,0,0.0,3,0,0,14,0
105581,Social Media,Healthcare,Kolkata,Small,43,2,1,30.81,0,0.0,2,0,0,15,0
105582,Referral,Manufacturing,Chennai,Medium,98,4,1,42.57,0,0.0,4,0,0,2,0
105583,Referral,Finance,Kolkata,Small,19,4,1,45.65,0,0.0,2,1,1,8,0
105584,Social Media,Finance,Chennai,Small,1,9,4,15.24,1,31101.72,5,1,1,1,1
105585,Social Media,Manufacturing,Mumbai,,64,6,6,19.56,1,65933.12,3,1,1,6,1
105586,Partner,Education,Pune,Small,68,2,4,14.35,0,0.0,3,0,0,6,1
105587,,Manufacturing,Pune,Small,68,3,1,40.17,0,0.0,2,0,0,10,0
105588,Referral,Technology,Chennai,Medium,1,6,1,19.49,1,77506.39,2,0,1,6,0
105589,Email Campaign,Technology,Mumbai,Small,25,10,9,19.52,1,,3,0,1,6,1
105590,Social Media,Technology,Hyderabad,Small,42,3,1,2.76,0,0.0,2,0,0,12,0
105591,Referral,Healthcare,Delhi,Medium,89,7,2,4.99,0,0.0,3,0,0,12,0
105592,Cold Call,Technology,Delhi,Medium,79,5,3,49.24,0,0.0,3,0,0,1,0
105593,Social Media,Education,Chennai,Medium,98,4,2,37.5,1,48796.59,3,0,0,6,0
105594,Website,Retail,Mumbai,,66,6,0,17.78,1,168243.58,5,1,1,12,1
105595,Email Campaign,Healthcare,Mumbai,Medium,49,4,1,160.57,1,59239.18,1,0,0,2,0
105596,Social Media,Finance,Kolkata,Medium,68,6,2,14.46,0,0.0,6,0,0,9,0
105597,Partner,Finance,Bengaluru,Enterprise,47,8,2,30.36,0,0.0,8,1,1,8,1
105598,Referral,Healthcare,Chennai,Medium,19,2,1,24.32,1,106291.74,3,1,1,11,1
105599,Email Campaign,,Pune,Large,70,5,2,33.16,1,46658.17,3,0,0,11,1
105600,Email Campaign,Technology,Delhi,Medium,36,5,3,31.98,0,0.0,4,0,0,8,0
105601,Email Campaign,Manufacturing,Hyderabad,Medium,32,5,2,8.55,0,0.0,6,0,0,7,1
105602,Website,Technology,Kolkata,Enterprise,86,4,3,7.41,1,261385.72,5,0,0,12,1
105603,Partner,Finance,Kolkata,Small,8,5,1,18.5,0,0.0,3,0,0,6,0
105604,Partner,Education,Delhi,Enterprise,3,2,1,30.83,0,0.0,1,0,0,7,1
105605,Email Campaign,Technology,Delhi,Medium,43,3,0,70.65,1,229904.42,2,0,0,7,0
105606,Email Campaign,Technology,Bengaluru,Medium,72,2,1,32.8,0,0.0,3,0,0,6,0
105607,Website,Retail,Bengaluru,Medium,101,3,2,12.97,1,27298.9,8,0,0,10,0
105608,Social Media,Finance,Kolkata,Small,63,6,1,14.88,1,65775.91,3,0,1,10,0
105609,Referral,Technology,Delhi,Small,32,3,1,26.43,0,0.0,2,0,0,14,0
105610,Social Media,Technology,Delhi,Enterprise,42,5,1,15.29,1,83183.96,2,0,1,7,1
105611,Website,Technology,Hyderabad,Medium,46,5,1,25.6,0,0.0,13,0,0,12,0
105612,Social Media,Healthcare,Chennai,Large,41,7,1,5.16,0,0.0,5,0,0,5,1
105613,Referral,Technology,Chennai,Small,81,1,0,6.16,0,0.0,1,0,0,15,0
105614,Social Media,Manufacturing,Mumbai,Small,96,2,0,20.52,0,0.0,4,0,0,14,1
105615,Social Media,Manufacturing,Bengaluru,Medium,86,4,3,79.0,1,91498.25,1,0,1,9,1
105616,Website,Technology,Kolkata,Small,46,4,1,10.62,0,0.0,6,0,0,11,0
105617,Email Campaign,Finance,Chennai,Medium,35,5,4,26.18,1,140757.64,5,0,1,9,1
105618,Cold Call,Technology,Delhi,Enterprise,10,9,4,59.93,0,0.0,3,0,0,3,0
105619,Social Media,Finance,Hyderabad,Large,96,6,5,18.96,0,0.0,5,1,0,15,1
105620,Website,Technology,Kolkata,Medium,116,5,2,15.48,0,0.0,2,0,0,12,1
105621,Email Campaign,Manufacturing,Chennai,Medium,7,5,3,50.74,1,214488.59,2,0,0,7,0
105622,Referral,Finance,Pune,Medium,16,5,3,9.15,0,0.0,2,0,0,4,1
105623,Social Media,Healthcare,Mumbai,Medium,26,7,2,3.73,0,0.0,3,0,1,11,1
105624,Social Media,Retail,Bengaluru,Large,96,8,6,7.18,1,85160.1,3,0,0,7,0
105625,Website,Manufacturing,Delhi,Medium,26,7,3,4.4,1,50158.59,5,0,0,13,0
105626,Social Media,Finance,Pune,Small,2,5,2,11.52,0,0.0,4,0,0,4,0
105627,Cold Call,Technology,Delhi,Small,41,2,1,16.32,0,0.0,1,0,0,8,0
105628,Cold Call,Education,Kolkata,Enterprise,44,13,3,15.51,0,0.0,2,0,1,2,0
105629,Website,,Bengaluru,Large,48,6,3,2.92,1,152389.34,8,0,1,11,0
105630,Referral,Retail,Kolkata,Enterprise,62,5,5,16.25,1,431941.04,6,1,0,6,0
105631,Referral,Retail,Hyderabad,Medium,30,5,3,20.89,1,57667.43,1,0,1,3,0
105632,Website,Healthcare,Mumbai,Medium,4,4,1,27.94,0,0.0,4,0,0,9,1
105633,Referral,Technology,Mumbai,Medium,13,4,2,37.74,1,109621.93,5,0,0,9,1
105634,Website,Technology,Chennai,Enterprise,89,7,1,,1,93471.83,7,0,1,5,1
105635,Website,Healthcare,Kolkata,Small,80,3,0,2.08,1,43849.42,2,0,0,15,1
105636,Social Media,Healthcare,Pune,Large,32,11,2,13.84,0,0.0,3,0,1,2,1
105637,Referral,Manufacturing,Bengaluru,Small,113,4,1,14.13,1,216447.1,2,0,0,5,1
105638,Social Media,Retail,Mumbai,Small,65,5,4,9.58,0,0.0,5,0,1,4,0
105639,Website,Education,Bengaluru,Small,96,0,0,42.8,1,66672.5,0,0,1,14,1
105640,Email Campaign,Education,Hyderabad,Medium,96,1,0,15.6,1,28979.11,1,0,1,4,0
105641,Referral,Retail,Chennai,Large,37,1,2,10.42,0,0.0,2,0,0,4,0
105642,Cold Call,,Kolkata,Enterprise,71,4,2,24.56,1,59581.23,2,0,0,9,0
105643,Cold Call,Finance,Mumbai,Medium,72,4,2,7.06,0,0.0,4,0,0,4,0
105644,Referral,Retail,Delhi,Medium,55,5,3,10.26,1,67243.98,2,0,1,5,1
105645,Social Media,Retail,Mumbai,Large,77,4,1,27.76,1,62055.21,2,0,1,4,1
105646,,Technology,Hyderabad,Small,41,6,3,8.77,1,38013.41,3,1,1,9,1
105647,Social Media,Retail,Hyderabad,Large,12,4,3,50.17,1,164311.14,4,0,1,12,1
105648,Website,Finance,Pune,Large,6,9,3,27.38,0,0.0,8,0,1,8,0
105649,Email Campaign,Finance,Bengaluru,Medium,54,3,2,15.03,0,0.0,2,0,0,14,0
105650,Website,Manufacturing,Mumbai,Small,110,3,1,25.58,0,0.0,4,0,0,4,0
105651,Partner,Healthcare,Hyderabad,Small,26,4,1,5.48,0,0.0,3,0,1,13,1
105652,Email Campaign,Healthcare,Chennai,Medium,72,7,2,14.84,0,,6,1,0,12,0
105653,Social Media,Retail,Chennai,Enterprise,20,3,0,9.6,0,0.0,3,1,0,2,0
105654,Referral,Retail,Chennai,Medium,76,6,6,37.58,0,0.0,2,0,1,11,1
105655,Referral,Technology,Kolkata,Medium,23,3,0,58.73,1,44015.96,0,1,0,15,1
105656,,Retail,Kolkata,Medium,53,1,1,6.65,1,45651.07,4,0,1,11,1
105657,Partner,Finance,Hyderabad,Large,97,4,4,14.78,0,0.0,2,0,0,4,1
105658,Cold Call,Retail,Mumbai,Medium,45,2,1,21.27,0,0.0,5,0,0,7,0
105659,Website,Technology,Kolkata,Small,113,7,0,32.73,1,185485.33,5,0,1,14,0
105660,Cold Call,Education,Pune,Large,6,2,1,83.54,0,0.0,3,0,0,5,0
105661,Referral,Manufacturing,Pune,Medium,11,4,1,17.83,1,70132.93,2,0,1,8,1
105662,Website,Healthcare,Hyderabad,Medium,21,4,4,48.37,0,0.0,3,0,0,9,1
105663,Email Campaign,Finance,Chennai,Medium,30,3,0,16.11,0,0.0,5,0,0,13,0
105664,Website,Finance,Mumbai,Small,52,2,2,10.33,0,0.0,3,0,1,15,0
105665,Website,Retail,Delhi,Enterprise,110,8,2,5.49,1,248508.82,4,0,0,11,1
105666,Social Media,Retail,Pune,,30,2,2,11.59,0,0.0,3,0,0,7,0
105667,Referral,Retail,Kolkata,Enterprise,43,5,7,18.66,0,0.0,2,1,0,7,0
105668,Partner,Education,Bengaluru,Enterprise,6,6,2,12.26,0,0.0,4,0,1,10,1
105669,Social Media,Healthcare,Hyderabad,Medium,86,4,4,153.74,1,53284.74,2,0,0,2,0
105670,Cold Call,Retail,Pune,Medium,66,4,1,22.82,0,0.0,4,1,0,7,0
105671,Social Media,Healthcare,Delhi,Large,6,5,2,16.38,1,191416.8,1,0,0,6,1
105672,Cold Call,Retail,Hyderabad,Small,56,2,0,4.87,0,0.0,6,0,0,14,0
105673,Referral,Healthcare,Kolkata,Enterprise,27,7,3,11.2,0,0.0,8,1,1,13,1
105674,Email Campaign,Manufacturing,Delhi,Small,51,2,2,14.16,0,0.0,4,0,0,4,1
105675,Email Campaign,Technology,Bengaluru,Medium,35,8,4,15.61,1,40461.93,1,0,0,10,1
105676,Partner,Technology,Hyderabad,Large,95,3,1,71.19,0,0.0,4,0,0,7,0
105677,Website,Finance,Pune,Enterprise,7,14,4,23.6,1,178714.29,9,0,1,13,0
105678,Email Campaign,Education,Mumbai,Medium,72,4,2,22.83,1,24197.74,1,0,0,8,0
105679,Cold Call,Healthcare,Kolkata,Medium,96,4,0,13.86,0,0.0,5,0,1,10,1
105680,Referral,Finance,Kolkata,Medium,1,4,1,12.38,0,0.0,0,0,0,11,0
105681,Cold Call,Finance,Hyderabad,Medium,109,5,3,18.41,1,24290.89,3,0,0,13,0
105682,Referral,Healthcare,Kolkata,Large,92,4,1,24.26,0,0.0,1,0,0,11,0
105683,Website,Manufacturing,Mumbai,Medium,34,8,2,31.87,0,0.0,3,0,0,5,0
105684,Social Media,Education,Hyderabad,Large,58,7,2,28.29,0,0.0,3,0,0,12,0
105685,Referral,Manufacturing,Pune,Small,82,3,0,38.29,0,0.0,5,0,0,5,0
105686,Website,Manufacturing,Hyderabad,Medium,63,3,0,6.25,1,30264.63,6,0,0,11,0
105687,Website,Technology,Bengaluru,Enterprise,91,7,1,16.55,1,295393.14,7,0,0,15,1
105688,,Finance,Delhi,Medium,107,4,2,41.1,0,0.0,9,1,0,8,1
105689,Cold Call,Retail,Delhi,Medium,43,7,3,9.88,1,38514.95,5,0,0,14,1
105690,Partner,,Kolkata,Medium,14,7,1,12.34,1,88837.81,4,0,0,3,1
105691,Email Campaign,Technology,Kolkata,Enterprise,52,2,1,5.39,1,397042.11,3,0,0,7,1
105692,Website,Manufacturing,Bengaluru,Small,72,2,0,7.42,0,0.0,4,0,0,14,0
105693,Email Campaign,Technology,Chennai,Small,94,3,1,13.69,0,0.0,4,0,0,11,0
105694,Cold Call,Finance,Bengaluru,Large,34,9,4,44.54,0,0.0,2,0,0,5,0
105695,Cold Call,Finance,Pune,Large,112,4,1,6.47,0,0.0,3,0,0,8,0
105696,,Manufacturing,Mumbai,Medium,5,5,2,51.65,0,0.0,4,0,0,2,0
105697,Website,Manufacturing,Pune,Medium,70,4,3,15.62,0,0.0,4,0,0,13,1
105698,Partner,Healthcare,Bengaluru,Medium,53,2,5,8.04,0,0.0,2,0,0,2,0
105699,Cold Call,Manufacturing,Hyderabad,Enterprise,84,13,1,27.13,1,128150.06,6,0,0,9,0
105700,Website,Manufacturing,Kolkata,Large,35,0,0,28.6,0,0.0,4,0,0,8,0
105701,Cold Call,Finance,Chennai,Enterprise,112,4,3,19.48,1,221269.64,5,1,1,10,1
105702,Website,Manufacturing,Delhi,Enterprise,1,4,1,25.1,0,0.0,3,0,0,7,0
105703,Website,Technology,Kolkata,Medium,98,4,0,38.36,0,0.0,6,0,0,2,0
105704,Cold Call,Healthcare,Chennai,Medium,60,1,1,18.77,0,0.0,1,0,0,10,0
105705,Email Campaign,Technology,Pune,Large,62,8,5,27.21,0,0.0,4,0,0,14,0
105706,Referral,Healthcare,Delhi,Large,38,9,2,7.02,0,0.0,4,0,0,10,1
105707,Partner,Healthcare,Chennai,Large,48,4,0,30.75,1,146610.75,3,1,1,1,0
105708,Cold Call,Technology,Bengaluru,Small,53,0,2,29.82,1,28090.06,2,0,0,2,0
105709,Website,Healthcare,Mumbai,Enterprise,38,3,2,43.64,0,0.0,2,0,0,5,0
105710,Social Media,Retail,Chennai,Large,2,3,2,33.1,1,117455.02,2,1,1,5,1
105711,Cold Call,Retail,Delhi,Large,49,6,3,17.33,0,0.0,1,0,0,2,0
105712,Email Campaign,Technology,Delhi,Medium,49,5,2,21.54,0,0.0,2,1,0,14,1
105713,Partner,Technology,Chennai,Medium,87,7,4,8.58,0,0.0,1,0,1,12,0
105714,Social Media,Finance,Delhi,Large,57,2,0,8.03,1,105171.82,3,0,1,12,1
105715,Website,Manufacturing,Kolkata,Large,66,1,1,12.87,0,0.0,2,0,0,15,1
105716,Website,Manufacturing,Bengaluru,Small,56,5,3,7.04,1,67257.17,4,0,1,14,1
105717,Cold Call,Finance,Chennai,Medium,51,2,1,18.46,0,0.0,3,0,0,3,1
105718,Partner,Retail,Bengaluru,Large,87,6,0,37.78,0,0.0,2,0,0,1,0
105719,Website,Retail,Delhi,Enterprise,82,7,5,30.42,1,173748.49,7,0,0,11,1
105720,Website,Education,Mumbai,Small,119,3,3,6.73,0,0.0,2,0,0,14,1
105721,Cold Call,Technology,Delhi,Small,60,2,1,3.74,0,0.0,1,0,1,11,1
105722,Website,Healthcare,Bengaluru,Medium,4,3,4,7.51,0,0.0,13,1,0,13,1
105723,Website,Retail,Hyderabad,Small,71,3,3,12.99,0,0.0,9,0,0,10,0
105724,Partner,Finance,Delhi,Small,48,2,2,93.6,1,210899.49,2,0,0,7,0
105725,Cold Call,Technology,Bengaluru,Medium,12,7,2,13.85,1,43200.52,2,0,1,2,1
105726,Partner,Technology,Hyderabad,Medium,103,5,2,54.04,0,0.0,4,0,1,11,1
105727,Social Media,Healthcare,Pune,Medium,76,6,2,34.22,1,31385.64,2,0,1,5,0
105728,Referral,Retail,Bengaluru,Medium,76,4,2,19.52,0,0.0,1,0,0,5,1
105729,Partner,Retail,Delhi,Enterprise,77,3,5,12.68,1,173012.79,4,0,1,14,1
105730,Referral,Technology,Bengaluru,Medium,119,3,0,37.98,0,0.0,2,0,1,10,0
105731,Referral,Manufacturing,Delhi,Large,83,6,3,12.62,0,0.0,7,0,0,7,0
105732,Partner,Finance,Kolkata,Small,86,5,6,58.59,0,0.0,1,0,0,12,0
105733,Social Media,Education,Delhi,,91,6,1,24.3,1,179821.11,3,0,0,11,1
105734,Partner,Technology,Mumbai,Large,87,6,0,14.61,0,0.0,6,1,0,8,0
105735,Website,Manufacturing,Delhi,Small,85,5,0,15.27,1,19442.51,6,0,1,15,1
105736,Partner,Education,Kolkata,Large,10,5,3,52.73,0,0.0,6,0,0,1,0
105737,Social Media,Manufacturing,Mumbai,Large,49,5,4,63.09,0,0.0,7,1,0,8,1
105738,Social Media,Manufacturing,Mumbai,Medium,34,4,1,24.93,0,0.0,1,0,0,7,0
105739,Partner,Finance,Bengaluru,Large,107,1,1,16.62,0,0.0,4,0,0,2,0
105740,Referral,Retail,Hyderabad,Medium,71,3,2,19.25,1,49132.71,4,0,0,11,0
105741,Social Media,Retail,Delhi,Medium,62,5,3,10.54,1,14061.21,1,0,1,2,0
105742,,Healthcare,Mumbai,Enterprise,63,9,4,27.29,0,0.0,1,0,0,11,1
105743,Cold Call,Education,Delhi,Small,82,6,2,9.88,1,79576.54,3,0,0,12,0
105744,Partner,Finance,Pune,Small,92,5,2,13.2,0,0.0,3,1,0,8,0
105745,Social Media,Healthcare,Hyderabad,Small,25,2,0,40.62,1,19635.76,1,0,0,4,0
105746,Website,Education,Pune,Enterprise,120,6,0,25.43,0,0.0,1,0,0,15,0
105747,Website,Finance,Pune,Small,92,5,3,8.86,0,0.0,4,1,0,11,0
105748,Partner,Technology,Delhi,Small,25,4,4,27.53,0,0.0,4,0,1,2,1
105749,Partner,Finance,Bengaluru,Large,73,8,3,16.54,1,289479.76,5,1,1,12,1
105750,Partner,Manufacturing,Hyderabad,Large,52,7,2,14.37,1,238347.89,4,1,1,3,1
105751,Website,Manufacturing,Kolkata,Medium,46,10,4,19.71,0,0.0,3,1,0,10,1
105752,Referral,Technology,Delhi,,105,5,4,21.21,0,0.0,7,0,1,4,0
105753,Cold Call,Retail,Bengaluru,Small,35,5,2,14.13,0,0.0,3,0,0,10,0
105754,Cold Call,Retail,Pune,Medium,101,4,1,28.19,0,0.0,5,1,0,13,0
105755,Website,Retail,Delhi,Medium,77,4,1,6.23,0,0.0,3,0,1,12,0
105756,Social Media,Retail,Mumbai,Medium,99,9,2,11.71,0,0.0,3,0,0,12,0
105757,Website,Education,Bengaluru,Large,90,9,3,10.61,1,21077.41,10,0,1,11,1
105758,Email Campaign,Finance,Kolkata,Medium,75,6,6,6.2,1,77182.25,2,0,1,12,1
105759,Website,Finance,Delhi,Small,23,1,0,16.12,1,39340.48,7,1,0,14,0
105760,Website,Retail,Chennai,Small,120,5,0,7.75,1,15618.78,10,1,0,14,1
105761,Website,Healthcare,Bengaluru,Small,78,5,0,10.17,1,26507.83,9,0,1,12,1
105762,Partner,Healthcare,Kolkata,Large,43,4,0,29.98,1,25208.87,1,0,0,7,0
105763,Cold Call,Technology,Hyderabad,Small,31,3,2,6.77,0,0.0,2,0,1,5,0
105764,Partner,Technology,Chennai,Enterprise,14,4,2,30.14,1,691956.74,4,0,1,5,1
105765,Email Campaign,Education,Delhi,Small,38,3,1,45.67,1,47079.01,3,0,0,10,0
105766,Referral,Technology,Kolkata,Enterprise,16,5,0,20.78,0,0.0,4,0,0,10,0
105767,Referral,Retail,Kolkata,Large,107,6,1,32.83,0,0.0,5,0,0,7,0
105768,Social Media,Manufacturing,Kolkata,Small,53,5,3,118.72,1,72404.55,5,0,1,7,1
105769,Referral,Technology,Chennai,Small,76,1,2,19.08,0,0.0,4,0,0,11,0
105770,Cold Call,Technology,Chennai,Large,97,12,4,24.11,0,0.0,6,0,1,8,1
105771,Cold Call,Finance,Hyderabad,Small,116,2,1,50.18,1,12707.28,4,0,0,1,0
105772,Cold Call,Healthcare,Delhi,Small,55,2,3,15.68,1,45089.0,2,0,0,3,0
105773,Website,Finance,Kolkata,Large,7,2,0,12.3,1,60249.78,6,0,0,5,0
105774,Email Campaign,Retail,Mumbai,Enterprise,74,3,1,19.33,0,0.0,1,0,0,6,0
105775,Website,Technology,Bengaluru,Large,114,2,4,13.1,1,46463.17,7,0,1,11,0
105776,Website,Technology,Chennai,Large,43,3,0,7.73,0,0.0,3,0,0,8,0
105777,Social Media,Technology,Mumbai,Medium,13,3,1,7.65,1,116425.41,1,1,1,7,1
105778,Email Campaign,Finance,Chennai,Large,86,3,1,8.78,0,0.0,3,0,0,2,0
105779,Cold Call,Finance,Mumbai,Medium,75,7,2,16.73,1,19581.34,4,0,1,1,1
105780,Website,Education,Mumbai,Large,19,5,1,6.42,1,123357.61,5,0,0,15,1
105781,Partner,Technology,Pune,Large,1,5,2,21.96,1,152226.32,2,0,0,13,1
105782,Partner,Healthcare,Pune,Medium,63,6,1,65.13,0,0.0,2,0,0,1,1
105783,Email Campaign,Retail,Mumbai,Enterprise,18,7,1,26.54,0,0.0,4,1,0,7,1
105784,Cold Call,Retail,Hyderabad,Medium,23,9,3,8.6,0,0.0,3,0,0,14,0
105785,Website,Retail,Delhi,Medium,38,3,1,71.83,0,,4,0,0,11,0
105786,Cold Call,Technology,Bengaluru,Medium,57,7,0,15.2,0,0.0,2,0,0,2,0
105787,Cold Call,Retail,Hyderabad,Small,99,0,0,13.98,0,0.0,1,0,0,7,0
105788,Cold Call,Finance,Chennai,Medium,52,5,3,12.24,0,0.0,4,0,0,13,0
105789,Cold Call,Manufacturing,Pune,Enterprise,101,11,5,39.78,0,0.0,5,0,0,5,1
105790,Email Campaign,Technology,Hyderabad,Medium,73,6,0,9.81,0,0.0,3,0,0,9,0
105791,Cold Call,Retail,Hyderabad,Large,48,7,0,66.92,0,0.0,4,0,0,5,0
105792,Social Media,Retail,Pune,Medium,62,4,1,5.86,0,0.0,4,0,0,3,0
105793,Website,Retail,Bengaluru,Large,17,5,1,9.1,0,0.0,5,0,1,13,0
105794,Website,Technology,Kolkata,Large,118,5,2,39.87,0,0.0,7,0,0,4,0
105795,Cold Call,Retail,Kolkata,Small,37,2,3,95.79,1,104655.01,3,0,0,9,1
105796,Social Media,Manufacturing,Kolkata,Medium,109,8,2,59.09,0,0.0,5,1,0,6,1
105797,Email Campaign,Healthcare,Pune,Large,78,3,3,25.65,0,0.0,1,0,0,10,0
105798,Partner,Finance,Kolkata,Small,36,8,3,8.81,0,0.0,4,0,1,12,1
105799,Social Media,Technology,Hyderabad,Medium,59,5,2,11.31,1,35328.82,4,0,1,9,1
105800,Referral,Finance,Delhi,Medium,15,6,2,38.45,1,36226.43,4,0,0,3,1
105801,Referral,Manufacturing,Delhi,Small,74,7,2,35.84,1,66088.75,2,0,0,5,0
105802,Social Media,Finance,Chennai,Enterprise,8,2,0,16.09,0,0.0,3,0,0,4,0
105803,Cold Call,Retail,Pune,Enterprise,77,3,0,12.14,0,0.0,2,0,0,11,1
105804,Email Campaign,Manufacturing,Hyderabad,Large,24,3,0,34.81,0,0.0,2,0,0,11,0
105805,Email Campaign,Retail,Bengaluru,Small,16,4,4,38.93,0,0.0,5,0,0,3,0
105806,Cold Call,Retail,Kolkata,Enterprise,27,7,0,22.09,0,0.0,3,0,1,10,0
105807,Social Media,Retail,Pune,Medium,11,3,2,11.54,0,0.0,4,0,0,7,0
105808,Cold Call,Healthcare,Hyderabad,Enterprise,107,6,5,25.79,1,253145.64,3,0,0,7,0
105809,Website,Technology,Pune,Small,113,6,1,10.99,0,0.0,7,0,0,13,0
105810,Cold Call,Manufacturing,Hyderabad,Small,111,6,0,23.77,1,33047.66,4,0,0,1,0
105811,Email Campaign,Education,Chennai,Large,87,7,2,18.76,0,0.0,3,0,1,11,1
105812,Website,Healthcare,Delhi,Enterprise,28,8,4,26.38,1,199128.18,5,0,1,9,1
105813,Social Media,Education,Delhi,Small,92,7,1,5.39,1,59071.44,6,1,0,4,0
105814,Social Media,Education,Delhi,Medium,92,3,1,44.16,1,109244.44,1,0,1,4,0
105815,Email Campaign,Healthcare,Hyderabad,Medium,29,7,4,43.81,1,28021.01,5,0,1,3,0
105816,Cold Call,Retail,Kolkata,,101,3,1,28.1,0,0.0,1,1,0,10,0
105817,Referral,Retail,Kolkata,Large,120,9,2,21.98,0,0.0,3,0,0,10,0
105818,Website,Technology,Hyderabad,Enterprise,46,4,1,8.3,0,0.0,2,0,0,5,0
105819,Referral,Technology,Pune,Large,71,2,1,38.58,0,0.0,4,0,0,6,0
105820,Referral,Healthcare,Delhi,Large,105,7,0,9.38,0,0.0,3,0,0,15,0
105821,Social Media,Manufacturing,Delhi,Medium,32,4,4,10.04,0,0.0,3,0,0,11,0
105822,Cold Call,Finance,Bengaluru,Small,119,0,1,69.29,0,0.0,3,0,0,9,0
105823,Cold Call,Manufacturing,Mumbai,Large,37,9,3,28.07,1,180412.11,2,0,0,2,0
105824,Website,Retail,Hyderabad,Medium,117,5,1,14.7,1,89511.12,4,0,1,9,0
105825,Referral,Retail,Kolkata,Medium,29,4,4,14.15,0,0.0,2,0,0,6,0
105826,Website,Finance,Delhi,Small,90,5,1,16.88,0,0.0,6,0,0,13,1
105827,Social Media,Healthcare,Hyderabad,Large,64,3,2,13.26,0,0.0,1,0,0,3,0
105828,Website,Technology,Hyderabad,Large,45,9,3,2.47,0,0.0,9,1,0,15,1
105829,Email Campaign,Finance,Delhi,Medium,53,8,2,6.17,1,70452.34,4,0,1,15,1
105830,Cold Call,Technology,Kolkata,Enterprise,28,6,3,15.33,0,0.0,5,0,1,12,1
105831,Social Media,Technology,Pune,Medium,81,7,2,30.93,1,108581.28,2,0,1,8,0
105832,Referral,Technology,Bengaluru,Small,120,6,2,27.19,1,154276.41,4,1,0,9,1
105833,Referral,Retail,Delhi,Small,71,2,2,22.39,0,0.0,2,0,0,14,0
105834,Social Media,Healthcare,Chennai,Medium,34,2,0,7.93,1,70654.92,1,0,1,13,0
105835,Email Campaign,Finance,Bengaluru,Small,81,4,0,17.27,0,0.0,6,1,0,13,0
105836,Website,Manufacturing,Bengaluru,Large,53,3,0,35.43,0,0.0,5,0,0,3,0
105837,Cold Call,Healthcare,Hyderabad,Large,111,5,5,-5.0,1,106146.13,6,0,0,7,0
105838,Email Campaign,Education,Chennai,Medium,32,8,2,10.52,1,49116.66,1,0,0,12,1
105839,Email Campaign,Retail,Delhi,Large,63,2,0,35.5,0,0.0,1,1,0,2,0
105840,Website,Technology,Mumbai,Enterprise,60,6,0,17.47,0,0.0,5,0,0,11,0
105841,Referral,Education,Chennai,Medium,107,5,3,15.34,0,0.0,4,0,0,6,1
105842,Referral,Manufacturing,Mumbai,Small,14,4,4,8.21,1,98566.79,0,0,0,9,1
105843,Referral,Retail,Pune,Small,75,9,2,12.02,0,0.0,6,1,0,14,1
105844,Email Campaign,Healthcare,Chennai,Large,98,9,1,9.03,1,183528.76,7,1,1,14,1
105845,Email Campaign,Healthcare,Bengaluru,Medium,44,1,1,9.67,0,0.0,3,0,0,6,1
105846,Partner,Healthcare,Hyderabad,Large,61,0,0,12.62,0,0.0,1,0,0,11,0
105847,Partner,Manufacturing,Kolkata,Large,36,5,3,,0,0.0,3,0,0,1,1
105848,Website,Healthcare,Bengaluru,Medium,51,4,2,76.25,1,27193.5,9,0,1,11,1
105849,Website,Technology,Kolkata,Small,115,0,1,41.12,1,23019.87,3,0,1,3,0
105850,Cold Call,Technology,Kolkata,Small,44,12,5,9.05,1,32563.75,2,0,1,14,0
105851,Partner,Technology,Kolkata,Medium,25,7,3,44.17,0,0.0,5,0,0,5,0
105852,Cold Call,Finance,Delhi,Large,70,5,1,21.58,0,0.0,5,0,0,11,0
105853,Website,Finance,Hyderabad,Large,57,8,0,6.46,0,0.0,6,0,0,10,1
105854,Referral,Education,Mumbai,Medium,94,3,0,22.4,0,0.0,3,1,1,4,1
105855,Website,Technology,Chennai,Large,5,5,0,17.46,0,0.0,6,0,0,13,1
105856,Cold Call,Finance,Chennai,Medium,109,4,3,18.15,0,0.0,4,0,0,3,1
105857,Social Media,Technology,Mumbai,Small,85,4,4,4.01,1,130452.02,5,1,1,14,1
105858,Email Campaign,Healthcare,Mumbai,Small,101,2,1,4.07,0,0.0,1,0,0,8,0
105859,Email Campaign,Retail,Delhi,Small,49,6,1,31.39,1,48520.45,6,0,0,7,0
105860,Referral,Healthcare,Hyderabad,Small,54,1,0,22.24,0,0.0,1,0,0,4,0
105861,Social Media,Education,Mumbai,Medium,41,4,3,14.64,0,0.0,4,0,0,1,0
105862,Website,Education,Hyderabad,Large,101,2,1,33.5,1,224757.06,4,0,1,11,1
105863,Social Media,Manufacturing,Bengaluru,Small,9,2,1,16.68,0,0.0,3,0,0,11,0
105864,Cold Call,Manufacturing,Bengaluru,Small,64,4,3,6.4,0,0.0,1,0,0,13,0
105865,Social Media,Finance,Delhi,Small,32,8,0,15.23,1,69982.2,6,1,1,15,1
105866,Referral,Retail,Chennai,Small,77,7,3,37.13,0,0.0,6,0,1,5,1
105867,Cold Call,Finance,Hyderabad,Small,116,3,2,3.71,1,32837.22,1,0,0,9,0
105868,Social Media,Manufacturing,Kolkata,Small,81,2,2,29.84,1,54696.91,2,0,0,14,1
105869,Website,Technology,Delhi,Small,6,5,2,38.59,1,64512.19,11,1,0,9,1
105870,Website,Technology,Pune,Enterprise,48,4,5,22.63,1,62624.25,4,1,0,12,1
105871,Social Media,Technology,Mumbai,Medium,4,3,1,15.3,1,208841.59,4,0,1,11,1
105872,Referral,Retail,Kolkata,Small,59,5,3,16.39,0,,0,0,0,15,0
105873,Website,Retail,Kolkata,Medium,21,10,3,10.13,1,145101.56,3,0,1,6,1
105874,Website,Technology,Mumbai,Small,84,3,2,11.94,0,0.0,5,0,1,3,0
105875,Website,Healthcare,Pune,Medium,65,2,1,39.17,0,0.0,6,1,0,14,1
105876,Email Campaign,Finance,Kolkata,Medium,37,1,2,12.79,1,44667.79,4,0,1,7,1
105877,Social Media,Manufacturing,Chennai,Large,103,5,3,16.6,1,100753.96,4,0,1,3,1
105878,Website,Technology,Chennai,Enterprise,90,9,0,27.53,1,166212.51,6,0,0,10,1
105879,Social Media,Technology,Kolkata,Large,76,6,2,3.72,1,132791.06,6,0,0,13,1
105880,Referral,Retail,Bengaluru,Small,43,9,3,10.14,1,81402.55,2,0,1,12,1
105881,Referral,Retail,Kolkata,Medium,33,1,1,13.84,0,0.0,3,0,0,6,0
105882,Website,Manufacturing,Mumbai,Medium,71,8,2,14.47,1,58443.86,5,0,0,14,1
105883,Cold Call,Retail,Bengaluru,Large,95,6,3,35.83,1,194268.84,1,0,1,1,0
105884,Partner,Education,Pune,Small,101,2,1,13.35,0,0.0,1,0,0,14,0
105885,Email Campaign,Finance,Kolkata,,94,4,2,22.38,0,0.0,6,0,0,3,0
105886,Website,Finance,Delhi,Medium,3,4,1,7.58,0,0.0,6,1,0,4,1
105887,Referral,Education,Chennai,Medium,119,2,1,3.16,0,0.0,3,0,0,5,0
105888,Website,Technology,Bengaluru,Medium,29,6,3,15.63,0,0.0,4,0,0,7,1
105889,Cold Call,Manufacturing,Bengaluru,Medium,2,5,2,12.8,0,0.0,2,0,0,1,0
105890,Website,Technology,Chennai,Large,68,4,4,13.11,0,0.0,8,1,0,11,1
105891,Partner,Healthcare,Kolkata,Medium,55,7,3,30.91,1,109985.43,1,0,1,2,0
105892,Social Media,Technology,Mumbai,Small,13,1,1,9.04,0,0.0,3,1,0,2,0
105893,Email Campaign,Retail,Bengaluru,Small,26,1,0,62.4,1,54018.3,2,0,0,1,0
105894,Cold Call,Manufacturing,Kolkata,Large,25,6,4,20.29,0,0.0,1,0,1,15,1
105895,Website,Technology,Mumbai,Medium,53,3,0,21.17,0,0.0,5,0,0,1,0
105896,Cold Call,Technology,Mumbai,Medium,90,3,1,19.47,0,0.0,2,0,0,12,0
105897,Website,Finance,Hyderabad,Medium,82,2,2,10.91,0,0.0,7,0,0,10,1
105898,Cold Call,Finance,Chennai,Medium,4,3,2,9.57,0,0.0,3,0,0,13,0
105899,Email Campaign,Finance,Kolkata,Medium,21,5,1,4.76,0,0.0,3,0,0,7,0
105900,Website,Education,Mumbai,Small,74,6,1,2.64,0,0.0,7,0,0,14,1
105901,Cold Call,Technology,Bengaluru,Medium,97,4,0,16.95,1,50293.1,0,0,1,8,0
105902,Website,Healthcare,Chennai,Medium,5,10,2,6.65,1,40300.43,4,0,1,3,1
105903,Website,Healthcare,Mumbai,Small,41,3,1,23.0,0,0.0,6,0,0,14,0
105904,Cold Call,Finance,Delhi,Large,14,4,3,15.63,0,0.0,3,0,0,7,0
105905,Email Campaign,Finance,Kolkata,Small,59,3,1,15.88,0,0.0,3,0,0,1,1
105906,Partner,Retail,Mumbai,Small,47,4,3,9.99,1,72535.72,3,0,0,10,0
105907,Social Media,Retail,Kolkata,Large,21,9,2,4.63,1,148448.18,3,1,1,5,1
105908,Social Media,Manufacturing,Hyderabad,Large,116,9,2,20.47,1,54562.74,7,0,1,13,1
105909,Referral,Finance,Pune,Small,92,4,5,31.63,1,13099.1,3,0,0,3,0
105910,Website,Retail,Chennai,Large,66,6,3,6.41,0,0.0,6,0,0,12,1
105911,Partner,Education,Kolkata,Small,92,3,0,20.77,1,24502.84,4,0,1,13,0
105912,Website,Manufacturing,Hyderabad,Large,38,6,3,8.93,0,0.0,4,0,1,2,1
105913,Email Campaign,Education,Pune,Medium,113,3,1,5.71,0,0.0,1,0,0,9,0
105914,Referral,Finance,Bengaluru,Large,50,4,2,41.16,0,0.0,4,0,1,10,0
105915,Referral,Education,Chennai,Medium,47,2,1,4.01,0,0.0,1,0,0,14,1
105916,Social Media,Manufacturing,Hyderabad,Medium,69,4,1,5.55,0,0.0,2,0,0,5,0
105917,Cold Call,Manufacturing,Mumbai,Large,70,10,6,9.94,1,204107.46,4,0,1,8,1
105918,Cold Call,Retail,Pune,Small,75,3,1,26.69,0,0.0,5,0,0,7,0
105919,Cold Call,Education,Delhi,Small,100,2,0,14.34,0,0.0,0,0,0,6,0
105920,Referral,Healthcare,Bengaluru,Medium,33,5,1,27.81,0,0.0,4,0,0,15,1
105921,Email Campaign,Manufacturing,Kolkata,Medium,85,5,0,38.59,0,0.0,1,0,0,10,0
105922,Website,Retail,Bengaluru,Small,24,2,2,20.7,0,0.0,5,0,0,3,0
105923,Cold Call,,Hyderabad,Medium,29,3,4,10.26,0,0.0,2,0,0,13,0
105924,Referral,Manufacturing,Kolkata,Medium,60,3,0,42.03,0,0.0,3,1,0,2,1
105925,,Technology,Pune,Medium,63,6,5,,0,0.0,4,0,0,14,0
105926,Website,Finance,Kolkata,Enterprise,78,6,2,7.82,0,0.0,4,0,0,7,1
105927,Cold Call,Finance,Mumbai,Medium,17,3,1,31.3,0,0.0,2,0,0,11,0
105928,Cold Call,Manufacturing,Pune,Medium,98,7,1,10.41,0,0.0,5,0,1,13,1
105929,Cold Call,Retail,Hyderabad,Medium,67,1,1,13.04,0,0.0,2,0,0,14,0
105930,Website,Manufacturing,Mumbai,Small,72,5,1,42.78,0,0.0,2,1,0,3,0
105931,Partner,Manufacturing,Kolkata,Large,90,3,2,10.64,0,0.0,2,0,0,7,1
105932,Website,Retail,Chennai,Large,84,7,2,49.12,0,0.0,7,0,0,2,0
105933,Referral,Technology,Pune,Large,52,4,4,6.98,1,23154.25,4,0,0,10,1
105934,Website,Retail,Chennai,Enterprise,59,5,2,19.21,0,0.0,5,0,0,7,0
105935,Referral,Education,Bengaluru,Medium,28,2,2,4.78,1,59475.4,4,0,0,15,0
105936,Email Campaign,Retail,Hyderabad,Large,69,2,0,12.33,0,0.0,3,0,0,10,0
105937,Website,Education,Chennai,Small,25,4,2,38.39,1,83727.17,4,0,1,7,1
105938,Referral,Education,Chennai,Enterprise,77,5,4,6.01,0,0.0,2,0,0,3,0
105939,Social Media,Finance,Hyderabad,Medium,51,7,7,6.46,1,31491.25,7,1,0,5,1
105940,Cold Call,Retail,Pune,Small,29,6,4,29.33,1,97252.18,4,0,0,13,1
105941,Social Media,Healthcare,Bengaluru,Large,58,2,0,15.13,0,0.0,2,0,0,3,0
105942,Social Media,Healthcare,Chennai,Medium,113,3,1,12.04,0,0.0,1,0,0,13,0
105943,Website,Technology,Mumbai,Enterprise,68,8,3,27.85,1,482637.78,6,1,1,10,1
105944,Cold Call,Finance,Delhi,Large,42,3,3,28.81,0,0.0,6,0,0,8,1
105945,Website,Technology,Delhi,Large,55,9,2,7.29,0,0.0,6,0,1,8,1
105946,Referral,Retail,Mumbai,Medium,73,4,0,22.39,1,151271.3,2,0,1,1,1
105947,Website,Technology,Chennai,Medium,19,9,8,22.19,0,0.0,6,0,0,4,0
105948,Social Media,Healthcare,Chennai,Large,68,4,2,15.97,0,0.0,2,0,0,8,0
105949,Referral,Healthcare,Chennai,Small,5,6,3,10.87,0,0.0,2,0,0,8,0
105950,Social Media,Healthcare,Kolkata,Small,103,6,4,26.99,1,54889.12,1,1,1,4,1
105951,Referral,Manufacturing,Hyderabad,Enterprise,74,6,4,9.76,0,0.0,6,0,0,13,1
105952,Email Campaign,Healthcare,Chennai,Enterprise,14,7,2,20.41,0,0.0,3,0,0,7,0
105953,Email Campaign,Technology,Pune,Enterprise,56,7,2,18.78,0,0.0,2,0,1,6,1
105954,Website,Education,Hyderabad,Small,107,4,4,20.43,1,33624.73,2,0,0,12,0
105955,Email Campaign,Manufacturing,Chennai,Small,116,4,1,6.58,0,0.0,4,1,0,3,1
105956,Social Media,Retail,Mumbai,Enterprise,17,4,4,26.77,0,0.0,2,0,1,1,0
105957,Email Campaign,Manufacturing,Bengaluru,Small,33,3,2,57.14,0,0.0,4,0,0,5,0
105958,Website,Technology,Pune,Medium,18,4,4,52.33,1,99817.42,6,0,0,1,1
105959,Social Media,Manufacturing,Mumbai,Medium,45,6,1,12.51,0,0.0,3,0,0,6,0
105960,Referral,Technology,Delhi,Large,104,7,1,28.04,1,105781.53,3,1,0,3,0
105961,Website,Healthcare,Hyderabad,Medium,85,3,2,11.77,0,0.0,4,0,0,10,0
105962,Website,Technology,Kolkata,Small,31,7,2,14.53,0,0.0,8,0,0,1,0
105963,Email Campaign,Manufacturing,Mumbai,Medium,40,10,3,23.94,1,21482.26,6,0,1,4,0
105964,Referral,Finance,Chennai,Small,74,3,4,17.87,0,0.0,4,0,0,4,0
105965,Social Media,,Hyderabad,Large,72,5,2,4.36,0,0.0,7,0,0,9,1
105966,Website,Technology,Pune,Medium,56,6,0,36.08,0,0.0,2,0,0,7,0
105967,Cold Call,Retail,Chennai,Medium,51,5,2,20.39,1,33696.32,6,0,0,12,1
105968,,Finance,Delhi,Medium,113,7,5,27.76,1,41849.96,5,0,1,12,1
105969,Social Media,Healthcare,Chennai,Small,61,5,1,29.17,1,63628.44,3,0,1,6,0
105970,Cold Call,Finance,Pune,Small,94,10,1,52.37,1,13423.87,6,0,1,1,0
105971,Referral,Manufacturing,Chennai,Enterprise,116,7,1,19.13,0,0.0,0,0,0,15,0
105972,Website,Technology,Chennai,Medium,41,3,2,8.96,0,0.0,7,0,0,6,0
105973,Email Campaign,Education,Delhi,Medium,94,5,0,7.79,0,0.0,1,0,0,9,0
105974,Partner,Finance,Pune,Medium,98,3,2,10.37,0,0.0,1,0,0,14,0
105975,Partner,Technology,Kolkata,Enterprise,27,10,5,8.97,1,247060.4,2,0,1,10,1
105976,Website,Finance,Hyderabad,Large,28,7,1,3.43,0,0.0,7,0,0,9,1
105977,Cold Call,Technology,Pune,Small,20,1,0,9.4,1,16017.03,2,0,0,6,1
105978,,Healthcare,Mumbai,Medium,74,9,4,32.24,1,82026.71,3,0,1,13,1
105979,Website,Finance,Kolkata,Medium,92,3,2,10.3,1,42904.91,4,0,0,3,0
105980,Social Media,Education,Chennai,Large,91,7,1,21.17,0,0.0,2,0,1,8,0
105981,Email Campaign,Healthcare,Delhi,Enterprise,47,3,1,10.74,1,723829.08,0,0,1,6,1
105982,Email Campaign,Technology,Pune,Large,85,4,2,23.14,0,0.0,3,0,0,2,0
105983,Cold Call,Healthcare,Kolkata,Large,4,5,2,15.64,1,61248.97,4,0,0,5,0
105984,Referral,Technology,Bengaluru,Medium,79,0,0,12.76,0,0.0,5,0,0,3,1
105985,Social Media,Technology,Mumbai,Medium,57,4,2,30.01,0,0.0,3,0,0,2,0
105986,Referral,Finance,Bengaluru,Medium,100,2,0,10.64,1,58198.59,3,0,0,12,1
105987,Website,Technology,Mumbai,Large,117,5,5,6.95,1,78242.67,8,0,0,11,0
105988,Referral,Technology,Hyderabad,Small,67,6,2,13.64,1,51631.23,4,0,1,13,1
105989,Partner,Education,Bengaluru,Medium,75,7,2,66.85,1,54495.37,3,1,0,1,0
105990,Email Campaign,Retail,Chennai,Small,112,2,1,10.71,0,0.0,5,0,0,8,0
105991,Website,Education,Kolkata,Small,42,2,4,15.42,0,0.0,9,0,0,10,0
105992,Social Media,Finance,Pune,Large,18,6,2,30.18,0,0.0,5,1,1,8,1
105993,Partner,Manufacturing,Bengaluru,Small,61,5,1,24.0,1,31862.08,1,0,0,1,0
105994,Partner,Finance,Delhi,Large,43,5,3,6.63,1,63941.34,6,0,0,7,0
105995,Email Campaign,Technology,Pune,Medium,77,3,3,9.62,0,0.0,2,1,0,2,1
105996,Referral,Manufacturing,Kolkata,Large,94,7,3,6.27,0,0.0,3,0,0,1,0
105997,Social Media,Technology,Pune,Enterprise,61,6,2,13.56,0,0.0,4,0,0,11,0
105998,Cold Call,Finance,Hyderabad,Large,37,5,1,8.76,1,246766.14,5,0,0,2,1
105999,Cold Call,Manufacturing,Chennai,,68,3,4,11.8,0,0.0,8,1,0,5,0
106000,Cold Call,Retail,Chennai,Small,-10,3,1,16.13,0,0.0,3,0,1,15,1
101783,Referral,Healthcare,Mumbai,Small,98,6,2,10.18,0,0.0,6,0,0,8,0
103918,Email Campaign,Healthcare,Chennai,Large,44,2,2,11.04,0,0.0,2,0,0,5,0
100222,Email Campaign,Technology,Mumbai,Medium,11,3,3,6.76,0,0.0,2,0,0,8,1
102136,Email Campaign,Healthcare,Chennai,Enterprise,106,6,2,15.37,0,0.0,1,0,1,14,0
105225,Email Campaign,Technology,Delhi,Large,21,3,3,12.68,0,0.0,4,0,0,4,0
101169,Cold Call,Healthcare,Hyderabad,Small,32,0,2,20.57,0,0.0,2,0,0,4,0
100880,Social Media,Technology,Hyderabad,Large,57,5,1,,1,39054.81,4,0,1,15,1
100157,Referral,Healthcare,Bengaluru,Medium,33,4,0,19.49,1,23676.47,2,0,1,3,1
101658,Cold Call,Manufacturing,Chennai,Small,87,4,3,62.29,0,0.0,2,0,0,1,0
100324,Email Campaign,Technology,Delhi,Small,47,6,1,29.38,1,16625.67,5,0,0,14,0
105303,Cold Call,Education,Delhi,Medium,85,4,5,4.24,0,0.0,4,0,1,14,1
102612,Cold Call,Retail,Bengaluru,Medium,41,1,1,14.24,0,0.0,2,0,1,10,0
100812,Website,Finance,Chennai,Medium,6,9,1,19.02,0,0.0,6,0,1,3,1
100394,Social Media,Technology,Bengaluru,Medium,30,4,1,7.65,0,0.0,2,1,0,11,0
103594,Website,Retail,Kolkata,Small,118,7,4,,1,63806.99,5,1,1,1,1
102639,Cold Call,Healthcare,Delhi,Enterprise,76,6,1,33.73,1,186532.84,1,0,0,5,0
102188,Social Media,Healthcare,Chennai,Enterprise,49,6,2,12.42,1,219194.71,4,0,0,12,0
105352,Cold Call,Healthcare,Kolkata,Medium,81,4,5,51.0,0,0.0,5,0,0,5,0
100320,Partner,Retail,Pune,Small,30,4,1,15.98,0,0.0,1,0,0,14,0
100168,Cold Call,Healthcare,Delhi,Large,105,3,2,29.46,0,0.0,2,0,0,11,0
